id,cluster
0,2
1,2
2,0
3,1
4,1
5,2
6,2
7,0
8,2
9,0
10,0
11,1
12,1
13,2
14,1
15,2
16,2
17,2
18,2
19,2
20,1
21,2
22,2
23,2
24,1
25,2
26,2
27,2
28,2
29,1
30,2
31,1
32,2
33,2
34,2
35,2
36,2
37,1
38,2
39,2
40,2
41,1
42,1
43,2
44,2
45,0
46,2
47,0
48,1
49,2
50,2
51,2
52,2
53,1
54,2
55,0
56,2
57,2
58,1
59,0
60,2
61,1
62,2
63,2
64,2
65,2
66,2
67,2
68,1
69,1
70,2
71,0
72,2
73,2
74,2
75,1
76,1
77,2
78,2
79,1
80,1
81,1
82,2
83,2
84,0
85,1
86,2
87,1
88,2
89,2
90,2
91,2
92,0
93,0
94,2
95,0
96,1
97,2
98,1
99,2
100,2
101,2
102,2
103,2
104,2
105,2
106,0
107,1
108,1
109,0
110,2
111,2
112,0
113,2
114,2
115,0
116,0
117,2
118,1
119,2
120,0
121,1
122,2
123,2
124,2
125,2
126,2
127,2
128,2
129,1
130,2
131,2
132,0
133,2
134,2
135,1
136,0
137,1
138,0
139,2
140,2
141,1
142,0
143,2
144,2
145,1
146,2
147,2
148,2
149,1
150,1
151,2
152,0
153,1
154,0
155,2
156,2
157,2
158,0
159,2
160,2
161,2
162,2
163,2
164,2
165,2
166,0
167,2
168,1
169,1
170,2
171,0
172,2
173,1
174,2
175,2
176,2
177,1
178,2
179,2
180,0
181,2
182,2
183,1
184,2
185,2
186,2
187,1
188,2
189,2
190,1
191,2
192,1
193,0
194,0
195,0
196,2
197,2
198,2
199,1
200,2
201,2
202,2
203,2
204,1
205,1
206,0
207,1
208,2
209,1
210,1
211,2
212,2
213,2
214,0
215,1
216,0
217,2
218,1
219,2
220,2
221,2
222,2
223,0
224,2
225,2
226,1
227,0
228,0
229,2
230,0
231,2
232,1
233,1
234,2
235,2
236,2
237,2
238,2
239,2
240,2
241,1
242,2
243,2
244,1
245,1
246,2
247,2
248,1
249,2
250,2
251,2
252,2
253,2
254,1
255,2
256,2
257,1
258,1
259,1
260,1
261,2
262,1
263,0
264,0
265,2
266,0
267,2
268,1
269,2
270,2
271,2
272,0
273,0
274,1
275,0
276,2
277,0
278,2
279,1
280,2
281,0
282,2
283,2
284,1
285,2
286,2
287,2
288,1
289,2
290,1
291,1
292,0
293,2
294,2
295,2
296,0
297,2
298,0
299,1
300,1
301,2
302,2
303,0
304,1
305,0
306,2
307,2
308,2
309,2
310,0
311,1
312,1
313,0
314,1
315,1
316,0
317,1
318,0
319,0
320,0
321,2
322,2
323,1
324,2
325,2
326,2
327,2
328,1
329,0
330,2
331,2
332,0
333,1
334,2
335,2
336,2
337,1
338,1
339,0
340,2
341,0
342,2
343,2
344,1
345,2
346,1
347,1
348,2
349,2
350,1
351,2
352,1
353,2
354,2
355,2
356,2
357,2
358,1
359,2
360,1
361,1
362,0
363,1
364,1
365,1
366,1
367,1
368,0
369,1
370,1
371,2
372,2
373,0
374,1
375,2
376,2
377,2
378,1
379,0
380,0
381,2
382,1
383,1
384,2
385,1
386,2
387,2
388,0
389,2
390,2
391,1
392,1
393,2
394,0
395,2
396,2
397,2
398,2
399,2
400,2
401,1
402,2
403,2
404,2
405,0
406,1
407,2
408,2
409,1
410,2
411,2
412,2
413,1
414,2
415,2
416,2
417,2
418,2
419,1
420,2
421,2
422,0
423,2
424,2
425,0
426,2
427,1
428,2
429,2
430,2
431,2
432,1
433,1
434,1
435,1
436,2
437,0
438,2
439,2
440,0
441,0
442,2
443,2
444,2
445,1
446,0
447,2
448,1
449,2
450,2
451,1
452,2
453,1
454,1
455,2
456,2
457,0
458,2
459,2
460,1
461,2
462,2
463,2
464,2
465,2
466,2
467,2
468,1
469,2
470,2
471,2
472,1
473,1
474,2
475,1
476,2
477,2
478,2
479,2
480,2
481,0
482,1
483,2
484,2
485,2
486,1
487,2
488,2
489,1
490,0
491,2
492,2
493,1
494,2
495,1
496,2
497,2
498,1
499,2
500,2
501,0
502,2
503,2
504,0
505,2
506,2
507,1
508,1
509,1
510,1
511,2
512,2
513,1
514,2
515,1
516,2
517,1
518,2
519,2
520,2
521,0
522,1
523,2
524,2
525,1
526,2
527,2
528,2
529,2
530,2
531,0
532,2
533,2
534,1
535,2
536,2
537,1
538,2
539,2
540,0
541,0
542,2
543,2
544,0
545,1
546,1
547,2
548,2
549,0
550,1
551,1
552,2
553,1
554,2
555,1
556,2
557,2
558,0
559,1
560,2
561,2
562,1
563,2
564,1
565,1
566,2
567,1
568,1
569,2
570,2
571,1
572,1
573,1
574,1
575,2
576,0
577,1
578,2
579,1
580,1
581,1
582,2
583,0
584,0
585,2
586,1
587,2
588,2
589,0
590,2
591,2
592,0
593,2
594,2
595,1
596,1
597,2
598,2
599,2
600,1
601,2
602,1
603,0
604,1
605,0
606,2
607,2
608,0
609,1
610,2
611,1
612,2
613,1
614,2
615,2
616,2
617,2
618,1
619,2
620,2
621,2
622,2
623,2
624,2
625,1
626,2
627,2
628,2
629,2
630,2
631,2
632,2
633,2
634,2
635,2
636,2
637,2
638,2
639,2
640,2
641,2
642,1
643,2
644,1
645,2
646,1
647,1
648,2
649,2
650,2
651,2
652,2
653,2
654,0
655,1
656,2
657,1
658,2
659,0
660,0
661,1
662,1
663,2
664,2
665,2
666,2
667,2
668,1
669,2
670,2
671,2
672,0
673,0
674,2
675,1
676,1
677,0
678,2
679,2
680,1
681,1
682,2
683,0
684,0
685,2
686,1
687,2
688,1
689,2
690,1
691,2
692,2
693,1
694,2
695,2
696,1
697,0
698,1
699,1
700,1
701,2
702,1
703,2
704,1
705,2
706,2
707,2
708,2
709,2
710,2
711,2
712,2
713,1
714,1
715,1
716,1
717,2
718,2
719,2
720,0
721,2
722,2
723,2
724,2
725,2
726,2
727,2
728,2
729,1
730,2
731,2
732,2
733,1
734,0
735,1
736,2
737,2
738,2
739,2
740,1
741,2
742,2
743,2
744,2
745,1
746,2
747,2
748,1
749,2
750,0
751,2
752,1
753,1
754,0
755,2
756,1
757,1
758,2
759,1
760,2
761,0
762,1
763,1
764,2
765,2
766,0
767,2
768,2
769,2
770,1
771,2
772,2
773,1
774,1
775,2
776,0
777,2
778,2
779,1
780,2
781,2
782,0
783,0
784,2
785,1
786,0
787,2
788,2
789,0
790,2
791,1
792,2
793,2
794,2
795,2
796,1
797,0
798,2
799,2
800,2
801,0
802,2
803,2
804,2
805,2
806,1
807,0
808,0
809,1
810,2
811,0
812,2
813,2
814,0
815,0
816,1
817,1
818,2
819,2
820,2
821,1
822,1
823,1
824,2
825,1
826,1
827,2
828,1
829,2
830,1
831,2
832,2
833,0
834,2
835,1
836,2
837,2
838,1
839,2
840,2
841,2
842,1
843,2
844,2
845,2
846,1
847,2
848,2
849,1
850,2
851,2
852,2
853,2
854,1
855,2
856,0
857,1
858,1
859,1
860,1
861,2
862,2
863,1
864,2
865,1
866,1
867,1
868,0
869,1
870,2
871,1
872,2
873,1
874,1
875,2
876,2
877,2
878,2
879,1
880,2
881,2
882,2
883,1
884,2
885,1
886,2
887,1
888,1
889,1
890,2
891,1
892,1
893,2
894,0
895,1
896,1
897,1
898,2
899,2
900,0
901,1
902,2
903,0
904,2
905,2
906,2
907,2
908,2
909,2
910,1
911,2
912,1
913,1
914,1
915,1
916,2
917,2
918,2
919,0
920,1
921,2
922,0
923,1
924,1
925,2
926,0
927,2
928,2
929,1
930,2
931,1
932,2
933,2
934,1
935,2
936,2
937,2
938,2
939,0
940,0
941,1
942,2
943,1
944,1
945,2
946,1
947,2
948,2
949,0
950,0
951,1
952,2
953,2
954,0
955,2
956,2
957,1
958,2
959,2
960,2
961,2
962,2
963,2
964,0
965,1
966,2
967,0
968,0
969,1
970,0
971,2
972,2
973,2
974,0
975,2
976,1
977,0
978,1
979,2
980,2
981,1
982,1
983,0
984,1
985,0
986,2
987,2
988,1
989,2
990,1
991,1
992,0
993,2
994,2
995,2
996,2
997,1
998,2
999,1
1000,2
1001,2
1002,1
1003,2
1004,2
1005,2
1006,0
1007,2
1008,2
1009,2
1010,2
1011,2
1012,1
1013,2
1014,0
1015,0
1016,2
1017,1
1018,2
1019,2
1020,1
1021,2
1022,1
1023,0
1024,1
1025,2
1026,2
1027,2
1028,2
1029,2
1030,2
1031,2
1032,1
1033,2
1034,2
1035,1
1036,2
1037,1
1038,2
1039,2
1040,2
1041,2
1042,2
1043,0
1044,2
1045,2
1046,2
1047,2
1048,2
1049,2
1050,2
1051,1
1052,1
1053,0
1054,0
1055,0
1056,1
1057,2
1058,2
1059,2
1060,2
1061,1
1062,1
1063,2
1064,2
1065,1
1066,2
1067,2
1068,2
1069,2
1070,2
1071,2
1072,2
1073,0
1074,0
1075,1
1076,2
1077,0
1078,2
1079,2
1080,2
1081,2
1082,2
1083,1
1084,0
1085,2
1086,2
1087,1
1088,2
1089,2
1090,2
1091,1
1092,2
1093,2
1094,2
1095,2
1096,1
1097,2
1098,1
1099,2
1100,2
1101,2
1102,2
1103,2
1104,2
1105,2
1106,2
1107,2
1108,1
1109,1
1110,2
1111,2
1112,1
1113,0
1114,2
1115,1
1116,1
1117,2
1118,2
1119,2
1120,0
1121,1
1122,2
1123,1
1124,1
1125,1
1126,0
1127,1
1128,0
1129,2
1130,2
1131,2
1132,1
1133,2
1134,2
1135,1
1136,2
1137,1
1138,1
1139,1
1140,2
1141,2
1142,2
1143,1
1144,1
1145,2
1146,2
1147,2
1148,2
1149,1
1150,0
1151,2
1152,2
1153,2
1154,2
1155,1
1156,1
1157,1
1158,2
1159,2
1160,2
1161,2
1162,2
1163,2
1164,1
1165,1
1166,0
1167,2
1168,2
1169,0
1170,2
1171,1
1172,1
1173,2
1174,1
1175,2
1176,1
1177,2
1178,2
1179,1
1180,1
1181,0
1182,1
1183,2
1184,2
1185,2
1186,0
1187,1
1188,2
1189,0
1190,0
1191,2
1192,2
1193,2
1194,2
1195,2
1196,0
1197,1
1198,1
1199,2
1200,0
1201,0
1202,1
1203,1
1204,2
1205,2
1206,1
1207,1
1208,1
1209,2
1210,2
1211,2
1212,2
1213,2
1214,2
1215,1
1216,2
1217,2
1218,1
1219,2
1220,2
1221,2
1222,1
1223,2
1224,2
1225,0
1226,2
1227,2
1228,2
1229,2
1230,2
1231,2
1232,1
1233,0
1234,2
1235,1
1236,0
1237,1
1238,2
1239,2
1240,1
1241,2
1242,2
1243,0
1244,2
1245,1
1246,0
1247,2
1248,2
1249,1
1250,2
1251,1
1252,2
1253,1
1254,1
1255,0
1256,2
1257,1
1258,1
1259,2
1260,2
1261,2
1262,2
1263,0
1264,1
1265,1
1266,2
1267,0
1268,2
1269,0
1270,0
1271,1
1272,2
1273,1
1274,2
1275,2
1276,2
1277,2
1278,2
1279,2
1280,1
1281,2
1282,2
1283,2
1284,0
1285,1
1286,1
1287,2
1288,1
1289,2
1290,0
1291,2
1292,1
1293,1
1294,1
1295,1
1296,1
1297,2
1298,2
1299,2
1300,2
1301,1
1302,2
1303,2
1304,2
1305,2
1306,2
1307,2
1308,0
1309,2
1310,2
1311,0
1312,1
1313,1
1314,2
1315,2
1316,0
1317,2
1318,2
1319,1
1320,2
1321,2
1322,0
1323,1
1324,2
1325,0
1326,2
1327,1
1328,1
1329,0
1330,2
1331,2
1332,2
1333,0
1334,2
1335,0
1336,2
1337,2
1338,1
1339,2
1340,0
1341,0
1342,2
1343,2
1344,2
1345,1
1346,2
1347,1
1348,2
1349,2
1350,2
1351,0
1352,2
1353,1
1354,0
1355,2
1356,1
1357,2
1358,0
1359,2
1360,2
1361,1
1362,2
1363,0
1364,1
1365,2
1366,2
1367,1
1368,2
1369,2
1370,2
1371,0
1372,2
1373,2
1374,2
1375,1
1376,0
1377,0
1378,2
1379,2
1380,2
1381,2
1382,1
1383,1
1384,2
1385,2
1386,2
1387,2
1388,2
1389,2
1390,1
1391,0
1392,1
1393,0
1394,1
1395,2
1396,2
1397,2
1398,2
1399,2
1400,2
1401,2
1402,0
1403,2
1404,1
1405,2
1406,2
1407,2
1408,2
1409,1
1410,2
1411,1
1412,1
1413,1
1414,1
1415,0
1416,2
1417,2
1418,1
1419,2
1420,0
1421,1
1422,2
1423,2
1424,2
1425,2
1426,1
1427,2
1428,2
1429,2
1430,2
1431,1
1432,2
1433,1
1434,2
1435,2
1436,2
1437,2
1438,2
1439,1
1440,0
1441,2
1442,1
1443,2
1444,0
1445,1
1446,2
1447,2
1448,2
1449,2
1450,2
1451,0
1452,2
1453,0
1454,2
1455,2
1456,2
1457,2
1458,1
1459,0
1460,2
1461,2
1462,1
1463,2
1464,2
1465,2
1466,2
1467,2
1468,0
1469,2
1470,1
1471,2
1472,1
1473,2
1474,2
1475,2
1476,1
1477,2
1478,2
1479,0
1480,2
1481,2
1482,1
1483,2
1484,2
1485,2
1486,2
1487,2
1488,2
1489,1
1490,2
1491,2
1492,2
1493,1
1494,2
1495,2
1496,0
1497,1
1498,2
1499,1
1500,2
1501,2
1502,2
1503,0
1504,2
1505,2
1506,2
1507,2
1508,1
1509,2
1510,1
1511,2
1512,0
1513,1
1514,2
1515,1
1516,2
1517,1
1518,2
1519,1
1520,1
1521,2
1522,2
1523,1
1524,0
1525,2
1526,1
1527,2
1528,1
1529,2
1530,1
1531,2
1532,1
1533,1
1534,2
1535,2
1536,1
1537,2
1538,2
1539,2
1540,1
1541,2
1542,2
1543,2
1544,2
1545,1
1546,1
1547,1
1548,2
1549,2
1550,0
1551,1
1552,2
1553,2
1554,2
1555,1
1556,0
1557,2
1558,2
1559,1
1560,2
1561,0
1562,1
1563,2
1564,1
1565,1
1566,1
1567,1
1568,1
1569,1
1570,2
1571,1
1572,1
1573,1
1574,1
1575,1
1576,2
1577,0
1578,2
1579,1
1580,1
1581,2
1582,1
1583,0
1584,1
1585,1
1586,2
1587,1
1588,1
1589,2
1590,2
1591,1
1592,1
1593,2
1594,2
1595,1
1596,2
1597,2
1598,1
1599,2
1600,2
1601,1
1602,2
1603,0
1604,2
1605,2
1606,2
1607,0
1608,2
1609,0
1610,1
1611,2
1612,1
1613,0
1614,1
1615,2
1616,2
1617,2
1618,1
1619,2
1620,2
1621,2
1622,2
1623,2
1624,0
1625,1
1626,0
1627,1
1628,2
1629,0
1630,2
1631,2
1632,2
1633,0
1634,2
1635,2
1636,2
1637,2
1638,1
1639,0
1640,2
1641,0
1642,2
1643,2
1644,1
1645,2
1646,2
1647,1
1648,2
1649,2
1650,2
1651,0
1652,2
1653,2
1654,2
1655,0
1656,2
1657,2
1658,2
1659,2
1660,2
1661,2
1662,2
1663,2
1664,2
1665,0
1666,1
1667,1
1668,2
1669,2
1670,2
1671,1
1672,2
1673,1
1674,2
1675,0
1676,1
1677,1
1678,0
1679,1
1680,1
1681,2
1682,2
1683,2
1684,1
1685,2
1686,2
1687,2
1688,1
1689,1
1690,2
1691,0
1692,2
1693,2
1694,1
1695,1
1696,0
1697,2
1698,2
1699,1
1700,1
1701,2
1702,2
1703,0
1704,2
1705,2
1706,2
1707,2
1708,2
1709,2
1710,1
1711,0
1712,1
1713,2
1714,1
1715,2
1716,2
1717,1
1718,2
1719,1
1720,1
1721,2
1722,2
1723,0
1724,2
1725,2
1726,1
1727,1
1728,2
1729,1
1730,2
1731,2
1732,2
1733,1
1734,2
1735,2
1736,0
1737,2
1738,0
1739,0
1740,2
1741,0
1742,0
1743,2
1744,2
1745,1
1746,2
1747,1
1748,2
1749,2
1750,2
1751,0
1752,1
1753,1
1754,1
1755,2
1756,2
1757,0
1758,2
1759,2
1760,1
1761,2
1762,1
1763,0
1764,1
1765,2
1766,1
1767,1
1768,2
1769,2
1770,2
1771,1
1772,2
1773,2
1774,0
1775,0
1776,1
1777,2
1778,1
1779,2
1780,2
1781,2
1782,2
1783,2
1784,1
1785,1
1786,2
1787,2
1788,2
1789,2
1790,2
1791,2
1792,2
1793,1
1794,1
1795,2
1796,2
1797,2
1798,1
1799,2
1800,1
1801,2
1802,2
1803,0
1804,2
1805,0
1806,2
1807,2
1808,2
1809,2
1810,2
1811,2
1812,0
1813,2
1814,2
1815,2
1816,2
1817,2
1818,0
1819,2
1820,2
1821,0
1822,0
1823,2
1824,1
1825,1
1826,1
1827,2
1828,2
1829,1
1830,2
1831,2
1832,0
1833,2
1834,2
1835,2
1836,2
1837,2
1838,2
1839,1
1840,0
1841,1
1842,2
1843,2
1844,1
1845,0
1846,1
1847,0
1848,2
1849,2
1850,2
1851,1
1852,2
1853,1
1854,2
1855,2
1856,2
1857,2
1858,2
1859,1
1860,2
1861,2
1862,1
1863,2
1864,2
1865,2
1866,2
1867,2
1868,2
1869,2
1870,1
1871,2
1872,1
1873,2
1874,2
1875,2
1876,0
1877,2
1878,2
1879,2
1880,0
1881,2
1882,2
1883,2
1884,2
1885,2
1886,2
1887,1
1888,2
1889,2
1890,0
1891,2
1892,0
1893,2
1894,1
1895,1
1896,2
1897,1
1898,2
1899,2
1900,2
1901,2
1902,2
1903,2
1904,2
1905,2
1906,1
1907,2
1908,2
1909,1
1910,2
1911,2
1912,2
1913,2
1914,1
1915,0
1916,2
1917,1
1918,2
1919,2
1920,1
1921,1
1922,1
1923,0
1924,1
1925,2
1926,2
1927,2
1928,0
1929,2
1930,1
1931,2
1932,2
1933,2
1934,0
1935,2
1936,2
1937,2
1938,1
1939,2
1940,1
1941,2
1942,1
1943,0
1944,2
1945,2
1946,2
1947,0
1948,2
1949,0
1950,1
1951,2
1952,0
1953,0
1954,2
1955,2
1956,1
1957,2
1958,0
1959,1
1960,0
1961,1
1962,1
1963,0
1964,0
1965,1
1966,2
1967,0
1968,2
1969,1
1970,1
1971,2
1972,1
1973,2
1974,2
1975,2
1976,2
1977,2
1978,2
1979,2
1980,2
1981,1
1982,2
1983,2
1984,1
1985,2
1986,0
1987,2
1988,2
1989,1
1990,2
1991,2
1992,1
1993,2
1994,1
1995,0
1996,0
1997,0
1998,0
1999,2
2000,2
2001,2
2002,2
2003,0
2004,2
2005,2
2006,2
2007,1
2008,1
2009,2
2010,0
2011,0
2012,2
2013,0
2014,2
2015,1
2016,2
2017,2
2018,2
2019,2
2020,0
2021,2
2022,0
2023,2
2024,0
2025,2
2026,1
2027,1
2028,2
2029,1
2030,2
2031,0
2032,2
2033,1
2034,2
2035,1
2036,2
2037,2
2038,2
2039,1
2040,2
2041,2
2042,2
2043,0
2044,2
2045,1
2046,2
2047,2
2048,2
2049,0
2050,2
2051,2
2052,2
2053,2
2054,1
2055,0
2056,2
2057,2
2058,2
2059,2
2060,1
2061,2
2062,2
2063,2
2064,1
2065,0
2066,2
2067,2
2068,2
2069,2
2070,2
2071,1
2072,1
2073,2
2074,1
2075,1
2076,2
2077,2
2078,2
2079,1
2080,2
2081,1
2082,2
2083,1
2084,2
2085,2
2086,1
2087,2
2088,0
2089,1
2090,0
2091,1
2092,2
2093,2
2094,2
2095,2
2096,2
2097,2
2098,0
2099,1
2100,2
2101,1
2102,2
2103,2
2104,2
2105,2
2106,2
2107,2
2108,2
2109,1
2110,1
2111,2
2112,1
2113,1
2114,2
2115,1
2116,0
2117,2
2118,1
2119,0
2120,2
2121,2
2122,2
2123,2
2124,1
2125,0
2126,2
2127,2
2128,2
2129,1
2130,2
2131,2
2132,2
2133,2
2134,2
2135,2
2136,2
2137,1
2138,1
2139,0
2140,1
2141,2
2142,1
2143,2
2144,1
2145,0
2146,2
2147,2
2148,1
2149,2
2150,2
2151,2
2152,1
2153,1
2154,2
2155,2
2156,2
2157,2
2158,0
2159,2
2160,2
2161,2
2162,2
2163,2
2164,0
2165,1
2166,2
2167,1
2168,2
2169,2
2170,2
2171,1
2172,1
2173,0
2174,1
2175,2
2176,2
2177,0
2178,2
2179,2
2180,1
2181,1
2182,2
2183,2
2184,2
2185,2
2186,2
2187,0
2188,0
2189,2
2190,0
2191,2
2192,1
2193,0
2194,2
2195,2
2196,2
2197,2
2198,2
2199,2
2200,2
2201,2
2202,2
2203,2
2204,1
2205,0
2206,2
2207,0
2208,2
2209,1
2210,1
2211,2
2212,2
2213,2
2214,0
2215,2
2216,2
2217,1
2218,2
2219,1
2220,1
2221,1
2222,1
2223,2
2224,1
2225,0
2226,2
2227,2
2228,1
2229,1
2230,0
2231,0
2232,1
2233,1
2234,2
2235,2
2236,2
2237,2
2238,2
2239,2
2240,2
2241,0
2242,1
2243,2
2244,0
2245,0
2246,2
2247,0
2248,1
2249,2
2250,0
2251,2
2252,2
2253,1
2254,0
2255,2
2256,1
2257,1
2258,0
2259,2
2260,1
2261,1
2262,2
2263,2
2264,0
2265,1
2266,2
2267,0
2268,1
2269,2
2270,0
2271,0
2272,2
2273,2
2274,1
2275,2
2276,0
2277,2
2278,1
2279,0
2280,2
2281,0
2282,2
2283,2
2284,2
2285,1
2286,2
2287,1
2288,1
2289,0
2290,2
2291,1
2292,0
2293,2
2294,2
2295,0
2296,2
2297,1
2298,1
2299,2
2300,2
2301,2
2302,2
2303,2
2304,2
2305,2
2306,2
2307,2
2308,2
2309,1
2310,1
2311,1
2312,2
2313,1
2314,1
2315,2
2316,2
2317,1
2318,0
2319,1
2320,2
2321,2
2322,2
2323,1
2324,2
2325,2
2326,0
2327,0
2328,2
2329,1
2330,2
2331,1
2332,1
2333,2
2334,1
2335,2
2336,1
2337,2
2338,0
2339,2
2340,2
2341,1
2342,1
2343,0
2344,0
2345,2
2346,1
2347,2
2348,1
2349,2
2350,0
2351,0
2352,0
2353,1
2354,2
2355,2
2356,1
2357,2
2358,0
2359,1
2360,2
2361,2
2362,2
2363,2
2364,0
2365,1
2366,2
2367,2
2368,2
2369,1
2370,2
2371,0
2372,2
2373,2
2374,0
2375,2
2376,2
2377,2
2378,2
2379,1
2380,2
2381,2
2382,2
2383,2
2384,1
2385,2
2386,1
2387,2
2388,2
2389,2
2390,2
2391,2
2392,2
2393,1
2394,2
2395,2
2396,1
2397,2
2398,1
2399,1
2400,1
2401,2
2402,2
2403,2
2404,2
2405,2
2406,1
2407,1
2408,2
2409,2
2410,2
2411,2
2412,2
2413,2
2414,1
2415,2
2416,2
2417,2
2418,2
2419,2
2420,2
2421,2
2422,2
2423,0
2424,2
2425,2
2426,0
2427,2
2428,1
2429,1
2430,1
2431,2
2432,2
2433,2
2434,2
2435,2
2436,1
2437,1
2438,1
2439,0
2440,2
2441,1
2442,1
2443,2
2444,2
2445,0
2446,2
2447,2
2448,1
2449,2
2450,0
2451,2
2452,2
2453,1
2454,2
2455,1
2456,2
2457,2
2458,1
2459,1
2460,1
2461,1
2462,0
2463,2
2464,1
2465,0
2466,1
2467,2
2468,2
2469,0
2470,2
2471,2
2472,2
2473,1
2474,0
2475,2
2476,2
2477,1
2478,2
2479,0
2480,2
2481,0
2482,0
2483,0
2484,0
2485,1
2486,1
2487,0
2488,2
2489,1
2490,0
2491,1
2492,2
2493,2
2494,1
2495,2
2496,1
2497,2
2498,2
2499,2
2500,2
2501,1
2502,2
2503,2
2504,2
2505,1
2506,0
2507,2
2508,2
2509,2
2510,0
2511,2
2512,1
2513,2
2514,0
2515,0
2516,1
2517,2
2518,2
2519,2
2520,2
2521,2
2522,2
2523,2
2524,2
2525,2
2526,0
2527,1
2528,2
2529,2
2530,2
2531,2
2532,2
2533,0
2534,2
2535,1
2536,2
2537,2
2538,2
2539,2
2540,2
2541,1
2542,1
2543,1
2544,1
2545,2
2546,2
2547,2
2548,2
2549,2
2550,2
2551,2
2552,0
2553,0
2554,1
2555,1
2556,1
2557,2
2558,2
2559,2
2560,2
2561,1
2562,1
2563,2
2564,2
2565,2
2566,1
2567,2
2568,2
2569,0
2570,0
2571,2
2572,1
2573,2
2574,0
2575,2
2576,1
2577,1
2578,2
2579,2
2580,0
2581,2
2582,2
2583,2
2584,2
2585,0
2586,2
2587,1
2588,1
2589,2
2590,1
2591,2
2592,1
2593,2
2594,0
2595,2
2596,1
2597,2
2598,2
2599,2
2600,0
2601,0
2602,1
2603,1
2604,2
2605,1
2606,2
2607,2
2608,2
2609,2
2610,0
2611,1
2612,0
2613,1
2614,2
2615,0
2616,2
2617,1
2618,1
2619,1
2620,2
2621,0
2622,1
2623,0
2624,0
2625,1
2626,1
2627,0
2628,2
2629,0
2630,2
2631,1
2632,2
2633,0
2634,1
2635,2
2636,2
2637,0
2638,2
2639,1
2640,2
2641,0
2642,2
2643,1
2644,2
2645,2
2646,0
2647,2
2648,2
2649,1
2650,2
2651,1
2652,2
2653,2
2654,2
2655,2
2656,2
2657,1
2658,1
2659,0
2660,2
2661,1
2662,2
2663,1
2664,2
2665,2
2666,2
2667,1
2668,1
2669,0
2670,2
2671,2
2672,0
2673,2
2674,2
2675,0
2676,2
2677,2
2678,2
2679,1
2680,2
2681,2
2682,2
2683,2
2684,2
2685,2
2686,2
2687,2
2688,0
2689,0
2690,1
2691,2
2692,2
2693,1
2694,2
2695,2
2696,1
2697,1
2698,2
2699,2
2700,2
2701,1
2702,0
2703,2
2704,1
2705,2
2706,2
2707,1
2708,2
2709,2
2710,1
2711,1
2712,2
2713,1
2714,2
2715,2
2716,1
2717,2
2718,2
2719,2
2720,1
2721,2
2722,1
2723,0
2724,2
2725,2
2726,2
2727,2
2728,1
2729,0
2730,0
2731,1
2732,0
2733,1
2734,2
2735,2
2736,2
2737,2
2738,1
2739,2
2740,1
2741,1
2742,2
2743,1
2744,2
2745,2
2746,0
2747,2
2748,1
2749,2
2750,0
2751,2
2752,2
2753,2
2754,2
2755,2
2756,2
2757,2
2758,1
2759,2
2760,2
2761,1
2762,2
2763,0
2764,2
2765,0
2766,1
2767,0
2768,1
2769,2
2770,2
2771,0
2772,1
2773,2
2774,1
2775,2
2776,2
2777,2
2778,2
2779,2
2780,2
2781,1
2782,1
2783,2
2784,1
2785,2
2786,0
2787,1
2788,2
2789,1
2790,1
2791,0
2792,2
2793,2
2794,0
2795,2
2796,1
2797,2
2798,1
2799,2
2800,1
2801,2
2802,1
2803,2
2804,2
2805,1
2806,2
2807,2
2808,2
2809,2
2810,1
2811,2
2812,1
2813,2
2814,1
2815,2
2816,2
2817,2
2818,2
2819,1
2820,2
2821,2
2822,1
2823,2
2824,2
2825,2
2826,0
2827,2
2828,1
2829,2
2830,0
2831,1
2832,2
2833,0
2834,0
2835,0
2836,1
2837,2
2838,1
2839,2
2840,0
2841,0
2842,1
2843,2
2844,2
2845,1
2846,1
2847,1
2848,1
2849,2
2850,2
2851,1
2852,2
2853,2
2854,2
2855,2
2856,1
2857,1
2858,2
2859,2
2860,0
2861,2
2862,1
2863,0
2864,1
2865,0
2866,2
2867,2
2868,2
2869,2
2870,1
2871,2
2872,2
2873,2
2874,2
2875,0
2876,2
2877,2
2878,2
2879,2
2880,1
2881,0
2882,0
2883,0
2884,2
2885,2
2886,2
2887,2
2888,2
2889,2
2890,0
2891,2
2892,2
2893,2
2894,1
2895,2
2896,2
2897,2
2898,0
2899,2
2900,2
2901,1
2902,2
2903,2
2904,0
2905,0
2906,2
2907,2
2908,1
2909,2
2910,2
2911,2
2912,1
2913,1
2914,2
2915,2
2916,2
2917,0
2918,2
2919,0
2920,2
2921,2
2922,1
2923,2
2924,2
2925,2
2926,2
2927,0
2928,2
2929,2
2930,1
2931,1
2932,1
2933,2
2934,2
2935,2
2936,2
2937,2
2938,2
2939,2
2940,2
2941,2
2942,2
2943,2
2944,2
2945,1
2946,0
2947,1
2948,1
2949,2
2950,2
2951,2
2952,0
2953,1
2954,1
2955,1
2956,1
2957,2
2958,2
2959,1
2960,1
2961,2
2962,1
2963,0
2964,2
2965,1
2966,1
2967,0
2968,1
2969,1
2970,2
2971,2
2972,2
2973,0
2974,2
2975,1
2976,1
2977,1
2978,2
2979,2
2980,2
2981,2
2982,2
2983,1
2984,2
2985,2
2986,1
2987,2
2988,2
2989,1
2990,2
2991,0
2992,0
2993,2
2994,1
2995,2
2996,1
2997,2
2998,2
2999,2
3000,2
3001,2
3002,1
3003,0
3004,1
3005,2
3006,0
3007,2
3008,2
3009,0
3010,1
3011,0
3012,2
3013,2
3014,1
3015,2
3016,1
3017,2
3018,2
3019,2
3020,0
3021,0
3022,2
3023,1
3024,2
3025,2
3026,2
3027,0
3028,1
3029,0
3030,2
3031,2
3032,0
3033,1
3034,2
3035,1
3036,2
3037,2
3038,0
3039,2
3040,2
3041,2
3042,2
3043,2
3044,0
3045,0
3046,1
3047,2
3048,1
3049,1
3050,2
3051,2
3052,2
3053,2
3054,2
3055,2
3056,2
3057,0
3058,1
3059,2
3060,2
3061,1
3062,0
3063,0
3064,1
3065,2
3066,2
3067,2
3068,1
3069,1
3070,2
3071,1
3072,1
3073,2
3074,2
3075,1
3076,2
3077,2
3078,2
3079,2
3080,2
3081,2
3082,2
3083,2
3084,2
3085,1
3086,2
3087,2
3088,2
3089,0
3090,2
3091,1
3092,2
3093,1
3094,2
3095,2
3096,2
3097,2
3098,2
3099,1
3100,2
3101,2
3102,2
3103,2
3104,2
3105,2
3106,2
3107,1
3108,2
3109,2
3110,2
3111,1
3112,2
3113,1
3114,1
3115,1
3116,2
3117,2
3118,0
3119,2
3120,1
3121,2
3122,1
3123,2
3124,0
3125,2
3126,2
3127,2
3128,2
3129,2
3130,0
3131,1
3132,1
3133,1
3134,1
3135,0
3136,2
3137,2
3138,2
3139,1
3140,2
3141,1
3142,1
3143,1
3144,2
3145,2
3146,2
3147,1
3148,2
3149,0
3150,2
3151,1
3152,1
3153,0
3154,2
3155,2
3156,0
3157,1
3158,2
3159,2
3160,2
3161,2
3162,2
3163,1
3164,2
3165,0
3166,0
3167,0
3168,2
3169,1
3170,2
3171,2
3172,2
3173,2
3174,1
3175,0
3176,1
3177,2
3178,1
3179,2
3180,2
3181,1
3182,1
3183,0
3184,1
3185,1
3186,1
3187,2
3188,2
3189,2
3190,2
3191,2
3192,2
3193,2
3194,1
3195,2
3196,0
3197,2
3198,1
3199,2
3200,2
3201,0
3202,0
3203,2
3204,2
3205,2
3206,2
3207,1
3208,1
3209,2
3210,2
3211,2
3212,2
3213,1
3214,2
3215,2
3216,2
3217,0
3218,2
3219,2
3220,0
3221,1
3222,2
3223,2
3224,2
3225,2
3226,2
3227,2
3228,2
3229,1
3230,2
3231,2
3232,0
3233,2
3234,2
3235,2
3236,2
3237,2
3238,0
3239,2
3240,2
3241,2
3242,2
3243,0
3244,1
3245,1
3246,1
3247,2
3248,0
3249,1
3250,0
3251,2
3252,2
3253,2
3254,0
3255,2
3256,2
3257,1
3258,2
3259,2
3260,1
3261,2
3262,2
3263,0
3264,1
3265,2
3266,0
3267,2
3268,2
3269,1
3270,2
3271,2
3272,2
3273,1
3274,2
3275,2
3276,2
3277,2
3278,1
3279,2
3280,1
3281,0
3282,2
3283,1
3284,1
3285,2
3286,2
3287,2
3288,1
3289,2
3290,1
3291,2
3292,2
3293,2
3294,2
3295,2
3296,2
3297,2
3298,2
3299,2
3300,2
3301,0
3302,0
3303,2
3304,2
3305,2
3306,1
3307,2
3308,0
3309,2
3310,2
3311,2
3312,2
3313,0
3314,2
3315,1
3316,2
3317,2
3318,1
3319,2
3320,2
3321,0
3322,1
3323,1
3324,2
3325,2
3326,2
3327,2
3328,2
3329,2
3330,2
3331,2
3332,2
3333,1
3334,2
3335,0
3336,2
3337,1
3338,2
3339,1
3340,1
3341,0
3342,2
3343,1
3344,2
3345,2
3346,2
3347,2
3348,0
3349,2
3350,1
3351,2
3352,2
3353,1
3354,1
3355,2
3356,2
3357,1
3358,2
3359,1
3360,2
3361,2
3362,2
3363,0
3364,2
3365,1
3366,0
3367,2
3368,1
3369,2
3370,2
3371,1
3372,2
3373,2
3374,2
3375,2
3376,0
3377,2
3378,2
3379,2
3380,1
3381,2
3382,2
3383,1
3384,2
3385,0
3386,2
3387,0
3388,1
3389,2
3390,0
3391,0
3392,2
3393,2
3394,0
3395,2
3396,2
3397,1
3398,0
3399,0
3400,2
3401,1
3402,2
3403,2
3404,2
3405,2
3406,2
3407,2
3408,2
3409,1
3410,2
3411,2
3412,1
3413,1
3414,1
3415,2
3416,1
3417,1
3418,1
3419,1
3420,2
3421,2
3422,1
3423,1
3424,1
3425,2
3426,2
3427,2
3428,2
3429,0
3430,0
3431,2
3432,2
3433,2
3434,2
3435,0
3436,2
3437,2
3438,1
3439,1
3440,1
3441,2
3442,1
3443,1
3444,2
3445,0
3446,0
3447,2
3448,2
3449,2
3450,1
3451,2
3452,2
3453,2
3454,2
3455,2
3456,2
3457,1
3458,1
3459,2
3460,1
3461,1
3462,2
3463,2
3464,1
3465,2
3466,2
3467,1
3468,0
3469,2
3470,2
3471,2
3472,2
3473,0
3474,1
3475,0
3476,2
3477,1
3478,2
3479,2
3480,2
3481,1
3482,1
3483,2
3484,0
3485,0
3486,2
3487,2
3488,2
3489,2
3490,1
3491,2
3492,2
3493,2
3494,2
3495,2
3496,2
3497,2
3498,2
3499,0
3500,1
3501,2
3502,1
3503,2
3504,1
3505,2
3506,0
3507,2
3508,2
3509,1
3510,1
3511,2
3512,0
3513,1
3514,0
3515,2
3516,1
3517,1
3518,2
3519,0
3520,2
3521,0
3522,1
3523,2
3524,2
3525,2
3526,2
3527,2
3528,2
3529,2
3530,2
3531,2
3532,2
3533,2
3534,2
3535,0
3536,2
3537,1
3538,2
3539,0
3540,1
3541,2
3542,2
3543,2
3544,0
3545,2
3546,2
3547,2
3548,1
3549,1
3550,2
3551,2
3552,1
3553,2
3554,0
3555,1
3556,2
3557,2
3558,0
3559,0
3560,1
3561,2
3562,2
3563,2
3564,2
3565,2
3566,2
3567,2
3568,2
3569,2
3570,2
3571,2
3572,1
3573,0
3574,2
3575,2
3576,0
3577,1
3578,2
3579,0
3580,1
3581,2
3582,2
3583,2
3584,1
3585,2
3586,2
3587,2
3588,2
3589,2
3590,2
3591,2
3592,2
3593,2
3594,0
3595,1
3596,2
3597,2
3598,0
3599,1
3600,2
3601,2
3602,1
3603,2
3604,0
3605,2
3606,0
3607,2
3608,2
3609,2
3610,0
3611,0
3612,0
3613,2
3614,2
3615,2
3616,1
3617,2
3618,2
3619,2
3620,2
3621,2
3622,0
3623,1
3624,2
3625,2
3626,1
3627,0
3628,2
3629,2
3630,1
3631,2
3632,2
3633,2
3634,1
3635,2
3636,1
3637,2
3638,2
3639,2
3640,2
3641,2
3642,2
3643,2
3644,2
3645,1
3646,2
3647,1
3648,2
3649,2
3650,0
3651,1
3652,1
3653,2
3654,2
3655,0
3656,1
3657,1
3658,1
3659,1
3660,2
3661,2
3662,2
3663,2
3664,2
3665,2
3666,2
3667,1
3668,2
3669,2
3670,1
3671,2
3672,1
3673,2
3674,1
3675,2
3676,0
3677,1
3678,1
3679,1
3680,2
3681,2
3682,1
3683,1
3684,2
3685,2
3686,2
3687,1
3688,1
3689,1
3690,0
3691,2
3692,2
3693,2
3694,1
3695,1
3696,0
3697,1
3698,2
3699,2
3700,2
3701,2
3702,1
3703,2
3704,1
3705,0
3706,2
3707,2
3708,2
3709,0
3710,1
3711,2
3712,2
3713,1
3714,2
3715,2
3716,1
3717,2
3718,1
3719,2
3720,2
3721,0
3722,0
3723,0
3724,2
3725,2
3726,2
3727,2
3728,1
3729,2
3730,2
3731,2
3732,0
3733,1
3734,2
3735,1
3736,2
3737,2
3738,1
3739,2
3740,1
3741,2
3742,2
3743,0
3744,2
3745,2
3746,2
3747,2
3748,1
3749,2
3750,0
3751,1
3752,2
3753,2
3754,2
3755,0
3756,0
3757,2
3758,2
3759,2
3760,2
3761,2
3762,2
3763,2
3764,1
3765,2
3766,2
3767,1
3768,1
3769,1
3770,1
3771,2
3772,1
3773,1
3774,2
3775,2
3776,0
3777,2
3778,0
3779,2
3780,2
3781,2
3782,2
3783,2
3784,2
3785,2
3786,2
3787,0
3788,1
3789,1
3790,1
3791,2
3792,2
3793,2
3794,2
3795,1
3796,1
3797,2
3798,2
3799,0
3800,1
3801,0
3802,0
3803,1
3804,1
3805,2
3806,1
3807,2
3808,1
3809,2
3810,2
3811,2
3812,1
3813,2
3814,2
3815,2
3816,2
3817,1
3818,1
3819,1
3820,2
3821,1
3822,1
3823,2
3824,2
3825,2
3826,1
3827,2
3828,1
3829,0
3830,0
3831,2
3832,2
3833,0
3834,0
3835,2
3836,1
3837,2
3838,2
3839,1
3840,2
3841,0
3842,0
3843,1
3844,2
3845,2
3846,2
3847,2
3848,2
3849,2
3850,1
3851,2
3852,2
3853,2
3854,0
3855,0
3856,1
3857,0
3858,2
3859,0
3860,0
3861,2
3862,2
3863,2
3864,0
3865,0
3866,2
3867,2
3868,2
3869,1
3870,2
3871,2
3872,2
3873,0
3874,2
3875,0
3876,2
3877,1
3878,2
3879,1
3880,2
3881,1
3882,1
3883,2
3884,2
3885,2
3886,1
3887,2
3888,1
3889,2
3890,2
3891,0
3892,1
3893,2
3894,1
3895,0
3896,1
3897,2
3898,1
3899,2
3900,2
3901,1
3902,1
3903,1
3904,0
3905,2
3906,2
3907,2
3908,2
3909,2
3910,2
3911,1
3912,2
3913,2
3914,2
3915,2
3916,2
3917,1
3918,1
3919,0
3920,1
3921,2
3922,2
3923,0
3924,2
3925,2
3926,1
3927,2
3928,2
3929,2
3930,2
3931,2
3932,0
3933,2
3934,2
3935,2
3936,2
3937,2
3938,2
3939,2
3940,2
3941,2
3942,2
3943,2
3944,2
3945,0
3946,2
3947,1
3948,2
3949,2
3950,2
3951,1
3952,1
3953,0
3954,1
3955,0
3956,2
3957,1
3958,0
3959,2
3960,1
3961,1
3962,0
3963,2
3964,1
3965,1
3966,2
3967,2
3968,2
3969,1
3970,2
3971,2
3972,2
3973,2
3974,1
3975,2
3976,0
3977,1
3978,2
3979,0
3980,2
3981,2
3982,2
3983,1
3984,2
3985,1
3986,2
3987,2
3988,2
3989,2
3990,0
3991,0
3992,2
3993,0
3994,2
3995,1
3996,0
3997,2
3998,0
3999,2
4000,2
4001,1
4002,2
4003,0
4004,2
4005,2
4006,2
4007,2
4008,2
4009,0
4010,0
4011,1
4012,2
4013,2
4014,0
4015,2
4016,1
4017,1
4018,1
4019,1
4020,2
4021,2
4022,1
4023,2
4024,0
4025,0
4026,2
4027,2
4028,2
4029,1
4030,2
4031,0
4032,2
4033,1
4034,0
4035,1
4036,0
4037,1
4038,2
4039,2
4040,0
4041,2
4042,2
4043,1
4044,1
4045,2
4046,1
4047,2
4048,1
4049,2
4050,2
4051,2
4052,2
4053,2
4054,1
4055,2
4056,1
4057,1
4058,1
4059,2
4060,1
4061,2
4062,2
4063,2
4064,2
4065,1
4066,0
4067,0
4068,2
4069,2
4070,0
4071,2
4072,2
4073,2
4074,2
4075,1
4076,1
4077,2
4078,2
4079,2
4080,2
4081,2
4082,2
4083,2
4084,2
4085,2
4086,1
4087,2
4088,2
4089,1
4090,2
4091,2
4092,1
4093,2
4094,0
4095,1
4096,1
4097,2
4098,2
4099,2
4100,2
4101,0
4102,2
4103,1
4104,2
4105,1
4106,2
4107,1
4108,2
4109,2
4110,1
4111,2
4112,2
4113,2
4114,2
4115,2
4116,1
4117,1
4118,1
4119,2
4120,2
4121,0
4122,2
4123,2
4124,2
4125,2
4126,2
4127,1
4128,2
4129,2
4130,2
4131,2
4132,2
4133,1
4134,1
4135,1
4136,2
4137,2
4138,1
4139,1
4140,0
4141,2
4142,2
4143,1
4144,0
4145,1
4146,0
4147,2
4148,2
4149,0
4150,2
4151,1
4152,0
4153,1
4154,2
4155,1
4156,2
4157,0
4158,1
4159,2
4160,2
4161,2
4162,0
4163,2
4164,2
4165,2
4166,0
4167,1
4168,2
4169,1
4170,1
4171,1
4172,2
4173,1
4174,2
4175,2
4176,0
4177,0
4178,1
4179,1
4180,0
4181,1
4182,2
4183,1
4184,1
4185,1
4186,2
4187,2
4188,2
4189,2
4190,1
4191,2
4192,1
4193,2
4194,0
4195,0
4196,2
4197,1
4198,2
4199,2
4200,0
4201,1
4202,0
4203,2
4204,2
4205,0
4206,2
4207,2
4208,2
4209,1
4210,1
4211,1
4212,1
4213,1
4214,2
4215,2
4216,2
4217,1
4218,1
4219,1
4220,1
4221,1
4222,2
4223,2
4224,0
4225,2
4226,2
4227,2
4228,2
4229,2
4230,0
4231,2
4232,2
4233,2
4234,1
4235,2
4236,2
4237,2
4238,2
4239,1
4240,1
4241,2
4242,2
4243,2
4244,2
4245,0
4246,2
4247,2
4248,2
4249,2
4250,1
4251,2
4252,0
4253,1
4254,2
4255,2
4256,2
4257,2
4258,2
4259,1
4260,0
4261,1
4262,2
4263,2
4264,0
4265,1
4266,0
4267,2
4268,1
4269,2
4270,2
4271,1
4272,2
4273,0
4274,1
4275,1
4276,2
4277,1
4278,2
4279,2
4280,2
4281,0
4282,0
4283,0
4284,2
4285,2
4286,2
4287,1
4288,2
4289,1
4290,2
4291,1
4292,2
4293,1
4294,2
4295,1
4296,1
4297,2
4298,2
4299,2
4300,2
4301,0
4302,2
4303,1
4304,0
4305,1
4306,2
4307,2
4308,2
4309,2
4310,2
4311,2
4312,2
4313,2
4314,1
4315,2
4316,2
4317,2
4318,2
4319,2
4320,1
4321,2
4322,2
4323,2
4324,2
4325,1
4326,2
4327,1
4328,2
4329,2
4330,0
4331,2
4332,0
4333,2
4334,2
4335,0
4336,2
4337,2
4338,1
4339,2
4340,2
4341,0
4342,0
4343,2
4344,2
4345,0
4346,1
4347,1
4348,1
4349,2
4350,2
4351,1
4352,2
4353,1
4354,2
4355,1
4356,1
4357,2
4358,2
4359,1
4360,1
4361,1
4362,1
4363,2
4364,1
4365,0
4366,2
4367,0
4368,2
4369,2
4370,1
4371,2
4372,0
4373,1
4374,2
4375,0
4376,1
4377,1
4378,1
4379,1
4380,1
4381,0
4382,2
4383,1
4384,1
4385,2
4386,2
4387,1
4388,2
4389,2
4390,1
4391,2
4392,2
4393,2
4394,2
4395,2
4396,0
4397,2
4398,2
4399,2
4400,2
4401,1
4402,2
4403,2
4404,2
4405,1
4406,1
4407,2
4408,2
4409,1
4410,1
4411,2
4412,2
4413,1
4414,2
4415,2
4416,2
4417,0
4418,2
4419,0
4420,1
4421,1
4422,2
4423,2
4424,2
4425,0
4426,2
4427,0
4428,2
4429,1
4430,1
4431,1
4432,2
4433,2
4434,1
4435,1
4436,1
4437,0
4438,2
4439,2
4440,2
4441,2
4442,0
4443,2
4444,1
4445,2
4446,2
4447,2
4448,2
4449,1
4450,0
4451,2
4452,0
4453,2
4454,2
4455,1
4456,1
4457,0
4458,2
4459,1
4460,2
4461,2
4462,2
4463,0
4464,2
4465,0
4466,1
4467,0
4468,1
4469,2
4470,2
4471,1
4472,0
4473,2
4474,1
4475,1
4476,0
4477,1
4478,2
4479,0
4480,2
4481,2
4482,2
4483,0
4484,0
4485,2
4486,1
4487,2
4488,2
4489,2
4490,0
4491,2
4492,2
4493,2
4494,2
4495,1
4496,2
4497,2
4498,2
4499,2
4500,2
4501,1
4502,2
4503,2
4504,2
4505,1
4506,2
4507,0
4508,2
4509,1
4510,0
4511,2
4512,2
4513,2
4514,2
4515,1
4516,2
4517,1
4518,2
4519,1
4520,1
4521,0
4522,1
4523,2
4524,2
4525,0
4526,2
4527,2
4528,2
4529,2
4530,2
4531,0
4532,2
4533,1
4534,2
4535,2
4536,2
4537,0
4538,2
4539,2
4540,2
4541,2
4542,1
4543,2
4544,0
4545,0
4546,0
4547,2
4548,2
4549,0
4550,0
4551,0
4552,2
4553,0
4554,2
4555,2
4556,1
4557,2
4558,2
4559,2
4560,2
4561,2
4562,2
4563,1
4564,1
4565,2
4566,0
4567,2
4568,2
4569,1
4570,0
4571,0
4572,2
4573,0
4574,2
4575,2
4576,0
4577,2
4578,2
4579,1
4580,1
4581,2
4582,2
4583,1
4584,1
4585,1
4586,0
4587,2
4588,0
4589,2
4590,2
4591,2
4592,0
4593,2
4594,2
4595,0
4596,1
4597,1
4598,1
4599,2
4600,2
4601,2
4602,1
4603,2
4604,1
4605,2
4606,1
4607,1
4608,2
4609,2
4610,2
4611,1
4612,1
4613,1
4614,1
4615,2
4616,2
4617,1
4618,2
4619,2
4620,1
4621,1
4622,0
4623,1
4624,2
4625,2
4626,1
4627,2
4628,2
4629,2
4630,1
4631,2
4632,2
4633,2
4634,2
4635,2
4636,1
4637,1
4638,1
4639,2
4640,2
4641,2
4642,0
4643,1
4644,2
4645,2
4646,1
4647,0
4648,1
4649,2
4650,1
4651,2
4652,0
4653,2
4654,2
4655,2
4656,1
4657,0
4658,1
4659,2
4660,2
4661,0
4662,2
4663,2
4664,1
4665,1
4666,2
4667,2
4668,2
4669,2
4670,2
4671,2
4672,2
4673,0
4674,2
4675,2
4676,2
4677,0
4678,1
4679,0
4680,0
4681,2
4682,2
4683,2
4684,2
4685,2
4686,2
4687,2
4688,1
4689,2
4690,0
4691,2
4692,2
4693,1
4694,1
4695,2
4696,1
4697,1
4698,1
4699,2
4700,1
4701,1
4702,2
4703,2
4704,2
4705,0
4706,2
4707,2
4708,2
4709,2
4710,2
4711,0
4712,2
4713,2
4714,0
4715,2
4716,1
4717,1
4718,2
4719,2
4720,2
4721,0
4722,0
4723,1
4724,1
4725,2
4726,2
4727,1
4728,2
4729,0
4730,2
4731,2
4732,2
4733,2
4734,1
4735,2
4736,1
4737,2
4738,1
4739,2
4740,2
4741,1
4742,2
4743,2
4744,0
4745,1
4746,2
4747,2
4748,2
4749,0
4750,2
4751,2
4752,1
4753,2
4754,0
4755,1
4756,2
4757,2
4758,1
4759,1
4760,2
4761,2
4762,2
4763,1
4764,2
4765,2
4766,2
4767,1
4768,2
4769,2
4770,2
4771,1
4772,1
4773,1
4774,2
4775,2
4776,2
4777,2
4778,2
4779,2
4780,2
4781,2
4782,2
4783,2
4784,1
4785,2
4786,1
4787,1
4788,2
4789,1
4790,2
4791,0
4792,2
4793,1
4794,0
4795,1
4796,1
4797,1
4798,2
4799,2
4800,1
4801,2
4802,2
4803,2
4804,1
4805,2
4806,2
4807,2
4808,2
4809,2
4810,1
4811,2
4812,1
4813,1
4814,2
4815,2
4816,2
4817,2
4818,2
4819,2
4820,2
4821,2
4822,2
4823,2
4824,2
4825,0
4826,0
4827,2
4828,2
4829,1
4830,2
4831,0
4832,1
4833,0
4834,1
4835,1
4836,1
4837,2
4838,2
4839,1
4840,2
4841,0
4842,2
4843,1
4844,2
4845,1
4846,2
4847,1
4848,1
4849,0
4850,2
4851,2
4852,1
4853,2
4854,0
4855,2
4856,2
4857,1
4858,2
4859,1
4860,1
4861,2
4862,2
4863,2
4864,1
4865,2
4866,2
4867,1
4868,2
4869,2
4870,0
4871,1
4872,2
4873,1
4874,0
4875,2
4876,2
4877,2
4878,2
4879,2
4880,2
4881,2
4882,2
4883,1
4884,1
4885,0
4886,2
4887,2
4888,1
4889,2
4890,2
4891,0
4892,2
4893,2
4894,1
4895,2
4896,1
4897,2
4898,2
4899,2
4900,1
4901,2
4902,2
4903,2
4904,2
4905,2
4906,2
4907,0
4908,2
4909,1
4910,1
4911,0
4912,1
4913,2
4914,2
4915,0
4916,0
4917,2
4918,1
4919,1
4920,2
4921,1
4922,1
4923,2
4924,1
4925,0
4926,2
4927,1
4928,2
4929,2
4930,2
4931,2
4932,2
4933,2
4934,2
4935,2
4936,2
4937,2
4938,0
4939,2
4940,2
4941,2
4942,2
4943,2
4944,2
4945,2
4946,1
4947,1
4948,2
4949,2
4950,0
4951,2
4952,2
4953,1
4954,1
4955,1
4956,0
4957,2
4958,2
4959,1
4960,2
4961,2
4962,2
4963,1
4964,2
4965,0
4966,2
4967,2
4968,2
4969,2
4970,2
4971,2
4972,1
4973,2
4974,1
4975,2
4976,0
4977,1
4978,1
4979,2
4980,2
4981,1
4982,1
4983,1
4984,2
4985,2
4986,2
4987,1
4988,2
4989,2
4990,2
4991,2
4992,2
4993,1
4994,2
4995,1
4996,1
4997,0
4998,1
4999,2
5000,2
5001,1
5002,2
5003,2
5004,0
5005,2
5006,1
5007,2
5008,2
5009,1
5010,1
5011,2
5012,2
5013,0
5014,0
5015,2
5016,1
5017,2
5018,2
5019,0
5020,2
5021,1
5022,1
5023,2
5024,2
5025,1
5026,2
5027,1
5028,0
5029,0
5030,2
5031,2
5032,0
5033,2
5034,1
5035,1
5036,1
5037,1
5038,2
5039,1
5040,2
5041,1
5042,1
5043,0
5044,2
5045,1
5046,2
5047,0
5048,2
5049,1
5050,1
5051,2
5052,2
5053,2
5054,2
5055,1
5056,0
5057,0
5058,1
5059,1
5060,2
5061,2
5062,1
5063,2
5064,2
5065,2
5066,0
5067,2
5068,2
5069,2
5070,1
5071,2
5072,1
5073,2
5074,0
5075,2
5076,2
5077,2
5078,1
5079,2
5080,2
5081,2
5082,2
5083,2
5084,0
5085,2
5086,0
5087,1
5088,1
5089,2
5090,2
5091,2
5092,0
5093,1
5094,1
5095,2
5096,1
5097,2
5098,2
5099,2
5100,2
5101,1
5102,1
5103,2
5104,2
5105,1
5106,1
5107,2
5108,0
5109,1
5110,2
5111,2
5112,2
5113,2
5114,2
5115,0
5116,2
5117,1
5118,1
5119,0
5120,2
5121,2
5122,2
5123,2
5124,1
5125,0
5126,2
5127,2
5128,2
5129,0
5130,1
5131,1
5132,2
5133,2
5134,1
5135,1
5136,2
5137,1
5138,0
5139,2
5140,2
5141,2
5142,2
5143,2
5144,0
5145,2
5146,2
5147,2
5148,2
5149,2
5150,2
5151,2
5152,2
5153,2
5154,1
5155,2
5156,2
5157,1
5158,2
5159,2
5160,1
5161,0
5162,0
5163,2
5164,2
5165,0
5166,0
5167,0
5168,2
5169,0
5170,1
5171,1
5172,2
5173,0
5174,2
5175,2
5176,1
5177,1
5178,2
5179,2
5180,2
5181,1
5182,1
5183,2
5184,2
5185,1
5186,2
5187,2
5188,1
5189,2
5190,1
5191,2
5192,1
5193,1
5194,2
5195,1
5196,2
5197,1
5198,0
5199,0
5200,1
5201,2
5202,2
5203,1
5204,2
5205,0
5206,2
5207,2
5208,0
5209,2
5210,1
5211,2
5212,0
5213,2
5214,2
5215,2
5216,2
5217,2
5218,1
5219,2
5220,2
5221,2
5222,2
5223,1
5224,2
5225,2
5226,1
5227,2
5228,2
5229,2
5230,2
5231,1
5232,2
5233,2
5234,1
5235,0
5236,2
5237,2
5238,2
5239,1
5240,1
5241,0
5242,2
5243,0
5244,1
5245,2
5246,0
5247,1
5248,2
5249,2
5250,2
5251,2
5252,2
5253,2
5254,2
5255,2
5256,1
5257,1
5258,1
5259,0
5260,1
5261,1
5262,0
5263,0
5264,2
5265,1
5266,2
5267,1
5268,1
5269,0
5270,0
5271,2
5272,1
5273,2
5274,2
5275,2
5276,1
5277,0
5278,0
5279,2
5280,0
5281,2
5282,1
5283,1
5284,1
5285,1
5286,2
5287,2
5288,1
5289,2
5290,1
5291,2
5292,1
5293,1
5294,2
5295,2
5296,2
5297,2
5298,2
5299,2
5300,2
5301,2
5302,1
5303,2
5304,1
5305,2
5306,2
5307,0
5308,0
5309,1
5310,1
5311,1
5312,0
5313,2
5314,2
5315,2
5316,2
5317,2
5318,1
5319,1
5320,2
5321,2
5322,1
5323,0
5324,2
5325,1
5326,1
5327,1
5328,2
5329,1
5330,1
5331,2
5332,2
5333,1
5334,2
5335,1
5336,2
5337,1
5338,1
5339,2
5340,1
5341,1
5342,2
5343,2
5344,1
5345,2
5346,1
5347,2
5348,1
5349,2
5350,0
5351,2
5352,2
5353,2
5354,2
5355,2
5356,2
5357,2
5358,2
5359,0
5360,1
5361,1
5362,2
5363,2
5364,1
5365,2
5366,1
5367,2
5368,2
5369,2
5370,2
5371,0
5372,2
5373,0
5374,2
5375,2
5376,2
5377,2
5378,2
5379,2
5380,2
5381,2
5382,2
5383,1
5384,1
5385,2
5386,1
5387,0
5388,1
5389,1
5390,0
5391,2
5392,0
5393,2
5394,2
5395,0
5396,1
5397,2
5398,2
5399,2
5400,2
5401,0
5402,2
5403,2
5404,0
5405,2
5406,1
5407,2
5408,1
5409,0
5410,2
5411,1
5412,0
5413,1
5414,0
5415,2
5416,2
5417,2
5418,2
5419,1
5420,2
5421,2
5422,0
5423,2
5424,0
5425,2
5426,2
5427,2
5428,2
5429,1
5430,1
5431,2
5432,1
5433,1
5434,2
5435,2
5436,2
5437,1
5438,2
5439,1
5440,2
5441,2
5442,2
5443,2
5444,0
5445,2
5446,2
5447,2
5448,1
5449,1
5450,2
5451,2
5452,2
5453,0
5454,2
5455,2
5456,1
5457,1
5458,0
5459,2
5460,2
5461,1
5462,2
5463,2
5464,2
5465,2
5466,1
5467,2
5468,1
5469,2
5470,2
5471,1
5472,2
5473,1
5474,1
5475,2
5476,2
5477,2
5478,1
5479,1
5480,2
5481,2
5482,0
5483,1
5484,2
5485,0
5486,2
5487,2
5488,2
5489,2
5490,1
5491,2
5492,1
5493,0
5494,2
5495,2
5496,2
5497,1
5498,2
5499,2
5500,1
5501,1
5502,2
5503,1
5504,2
5505,0
5506,2
5507,2
5508,1
5509,2
5510,2
5511,1
5512,2
5513,2
5514,2
5515,2
5516,2
5517,1
5518,2
5519,1
5520,2
5521,2
5522,2
5523,1
5524,2
5525,2
5526,1
5527,2
5528,0
5529,2
5530,2
5531,2
5532,2
5533,2
5534,2
5535,2
5536,2
5537,2
5538,0
5539,1
5540,2
5541,1
5542,2
5543,2
5544,2
5545,1
5546,2
5547,1
5548,2
5549,2
5550,2
5551,2
5552,1
5553,0
5554,2
5555,2
5556,2
5557,0
5558,2
5559,2
5560,2
5561,1
5562,2
5563,2
5564,0
5565,0
5566,2
5567,2
5568,2
5569,2
5570,2
5571,1
5572,2
5573,2
5574,1
5575,2
5576,2
5577,1
5578,2
5579,0
5580,2
5581,2
5582,2
5583,1
5584,2
5585,2
5586,2
5587,2
5588,2
5589,2
5590,1
5591,1
5592,2
5593,1
5594,2
5595,0
5596,2
5597,1
5598,1
5599,2
5600,2
5601,0
5602,1
5603,1
5604,1
5605,2
5606,2
5607,2
5608,1
5609,2
5610,1
5611,2
5612,0
5613,2
5614,0
5615,2
5616,2
5617,2
5618,1
5619,2
5620,0
5621,0
5622,1
5623,1
5624,0
5625,2
5626,2
5627,2
5628,1
5629,1
5630,0
5631,2
5632,2
5633,2
5634,1
5635,2
5636,2
5637,1
5638,0
5639,2
5640,2
5641,1
5642,2
5643,2
5644,2
5645,0
5646,2
5647,1
5648,2
5649,1
5650,0
5651,2
5652,2
5653,2
5654,2
5655,2
5656,2
5657,1
5658,1
5659,2
5660,2
5661,2
5662,2
5663,1
5664,2
5665,0
5666,2
5667,1
5668,2
5669,2
5670,1
5671,2
5672,1
5673,2
5674,2
5675,1
5676,0
5677,0
5678,2
5679,2
5680,2
5681,2
5682,2
5683,2
5684,0
5685,2
5686,2
5687,1
5688,1
5689,2
5690,1
5691,2
5692,2
5693,0
5694,1
5695,1
5696,2
5697,2
5698,2
5699,2
5700,2
5701,1
5702,1
5703,1
5704,2
5705,2
5706,2
5707,2
5708,1
5709,1
5710,2
5711,2
5712,2
5713,2
5714,1
5715,2
5716,1
5717,2
5718,2
5719,2
5720,1
5721,2
5722,2
5723,1
5724,2
5725,2
5726,1
5727,2
5728,2
5729,2
5730,2
5731,1
5732,2
5733,1
5734,2
5735,1
5736,1
5737,2
5738,1
5739,0
5740,2
5741,2
5742,2
5743,2
5744,1
5745,2
5746,2
5747,2
5748,1
5749,0
5750,2
5751,2
5752,2
5753,2
5754,2
5755,2
5756,2
5757,2
5758,1
5759,2
5760,0
5761,0
5762,2
5763,2
5764,1
5765,2
5766,2
5767,2
5768,1
5769,1
5770,2
5771,2
5772,2
5773,2
5774,1
5775,0
5776,2
5777,0
5778,2
5779,2
5780,2
5781,2
5782,2
5783,1
5784,2
5785,2
5786,2
5787,2
5788,2
5789,1
5790,1
5791,2
5792,2
5793,0
5794,1
5795,2
5796,2
5797,0
5798,1
5799,2
5800,0
5801,2
5802,1
5803,2
5804,2
5805,1
5806,1
5807,2
5808,2
5809,1
5810,1
5811,2
5812,2
5813,1
5814,2
5815,1
5816,2
5817,2
5818,2
5819,1
5820,2
5821,2
5822,2
5823,2
5824,2
5825,2
5826,2
5827,2
5828,2
5829,2
5830,2
5831,2
5832,2
5833,1
5834,2
5835,2
5836,2
5837,2
5838,2
5839,2
5840,0
5841,2
5842,0
5843,2
5844,2
5845,2
5846,2
5847,2
5848,2
5849,2
5850,2
5851,2
5852,2
5853,2
5854,2
5855,2
5856,2
5857,2
5858,1
5859,1
5860,2
5861,2
5862,0
5863,2
5864,2
5865,0
5866,1
5867,1
5868,2
5869,2
5870,1
5871,2
5872,0
5873,2
5874,1
5875,2
5876,1
5877,2
5878,2
5879,0
5880,0
5881,1
5882,2
5883,0
5884,1
5885,0
5886,2
5887,0
5888,2
5889,2
5890,2
5891,2
5892,2
5893,0
5894,2
5895,2
5896,2
5897,2
5898,2
5899,1
5900,1
5901,2
5902,2
5903,1
5904,0
5905,1
5906,2
5907,2
5908,2
5909,2
5910,2
5911,2
5912,2
5913,0
5914,2
5915,2
5916,0
5917,0
5918,2
5919,2
5920,1
5921,2
5922,2
5923,2
5924,0
5925,2
5926,1
5927,2
5928,2
5929,1
5930,0
5931,2
5932,2
5933,1
5934,2
5935,2
5936,0
5937,2
5938,2
5939,2
5940,1
5941,2
5942,1
5943,2
5944,0
5945,0
5946,1
5947,2
5948,0
5949,2
5950,2
5951,2
5952,0
5953,1
5954,1
5955,0
5956,2
5957,2
5958,1
5959,2
5960,1
5961,1
5962,2
5963,2
5964,1
5965,2
5966,2
5967,1
5968,1
5969,2
5970,2
5971,2
5972,2
5973,2
5974,2
5975,2
5976,1
5977,2
5978,1
5979,1
5980,2
5981,2
5982,0
5983,0
5984,1
5985,2
5986,2
5987,2
5988,2
5989,2
5990,2
5991,2
5992,1
5993,1
5994,2
5995,2
5996,2
5997,1
5998,2
5999,2
6000,1
6001,2
6002,1
6003,0
6004,1
6005,2
6006,2
6007,2
6008,1
6009,1
6010,1
6011,2
6012,1
6013,1
6014,2
6015,0
6016,2
6017,0
6018,2
6019,1
6020,1
6021,2
6022,1
6023,0
6024,0
6025,2
6026,2
6027,0
6028,1
6029,2
6030,2
6031,0
6032,1
6033,2
6034,2
6035,2
6036,2
6037,2
6038,0
6039,2
6040,0
6041,0
6042,2
6043,1
6044,2
6045,2
6046,2
6047,0
6048,1
6049,1
6050,2
6051,2
6052,2
6053,2
6054,1
6055,2
6056,2
6057,0
6058,1
6059,0
6060,2
6061,0
6062,1
6063,2
6064,1
6065,2
6066,0
6067,2
6068,1
6069,1
6070,1
6071,2
6072,1
6073,2
6074,2
6075,0
6076,2
6077,0
6078,1
6079,2
6080,1
6081,1
6082,1
6083,2
6084,0
6085,1
6086,0
6087,1
6088,0
6089,2
6090,2
6091,2
6092,0
6093,2
6094,2
6095,2
6096,2
6097,2
6098,1
6099,2
6100,1
6101,2
6102,2
6103,2
6104,2
6105,2
6106,0
6107,1
6108,2
6109,2
6110,2
6111,1
6112,0
6113,0
6114,2
6115,2
6116,2
6117,1
6118,2
6119,0
6120,2
6121,2
6122,2
6123,0
6124,2
6125,1
6126,1
6127,2
6128,2
6129,2
6130,2
6131,2
6132,2
6133,2
6134,2
6135,2
6136,2
6137,1
6138,2
6139,2
6140,0
6141,0
6142,0
6143,1
6144,2
6145,2
6146,2
6147,2
6148,2
6149,0
6150,1
6151,2
6152,0
6153,2
6154,2
6155,2
6156,2
6157,0
6158,0
6159,2
6160,2
6161,1
6162,2
6163,2
6164,2
6165,1
6166,2
6167,2
6168,2
6169,2
6170,1
6171,2
6172,2
6173,2
6174,1
6175,2
6176,2
6177,0
6178,1
6179,0
6180,2
6181,2
6182,1
6183,2
6184,2
6185,2
6186,2
6187,2
6188,1
6189,1
6190,2
6191,2
6192,2
6193,2
6194,2
6195,1
6196,2
6197,2
6198,2
6199,2
6200,2
6201,1
6202,0
6203,2
6204,2
6205,1
6206,2
6207,0
6208,2
6209,1
6210,2
6211,2
6212,1
6213,2
6214,2
6215,2
6216,0
6217,1
6218,1
6219,1
6220,1
6221,1
6222,2
6223,1
6224,2
6225,1
6226,2
6227,2
6228,2
6229,0
6230,2
6231,2
6232,2
6233,2
6234,0
6235,2
6236,2
6237,2
6238,1
6239,2
6240,2
6241,2
6242,1
6243,2
6244,1
6245,2
6246,0
6247,1
6248,2
6249,2
6250,2
6251,2
6252,2
6253,1
6254,2
6255,2
6256,2
6257,2
6258,2
6259,2
6260,2
6261,0
6262,1
6263,0
6264,1
6265,2
6266,2
6267,1
6268,1
6269,2
6270,2
6271,1
6272,1
6273,2
6274,2
6275,2
6276,2
6277,2
6278,2
6279,2
6280,2
6281,0
6282,2
6283,0
6284,2
6285,1
6286,2
6287,2
6288,1
6289,2
6290,2
6291,2
6292,2
6293,2
6294,1
6295,2
6296,2
6297,2
6298,2
6299,0
6300,0
6301,2
6302,2
6303,1
6304,1
6305,2
6306,2
6307,0
6308,2
6309,1
6310,1
6311,1
6312,1
6313,2
6314,1
6315,2
6316,2
6317,2
6318,1
6319,2
6320,0
6321,1
6322,2
6323,1
6324,2
6325,2
6326,2
6327,0
6328,0
6329,1
6330,1
6331,2
6332,2
6333,0
6334,1
6335,2
6336,0
6337,0
6338,2
6339,1
6340,2
6341,2
6342,2
6343,2
6344,2
6345,1
6346,2
6347,2
6348,0
6349,2
6350,2
6351,2
6352,1
6353,2
6354,2
6355,2
6356,2
6357,2
6358,0
6359,2
6360,2
6361,1
6362,0
6363,1
6364,2
6365,1
6366,2
6367,1
6368,2
6369,2
6370,2
6371,1
6372,1
6373,1
6374,1
6375,1
6376,2
6377,2
6378,2
6379,2
6380,1
6381,2
6382,1
6383,2
6384,0
6385,2
6386,0
6387,2
6388,1
6389,1
6390,0
6391,1
6392,2
6393,2
6394,2
6395,2
6396,1
6397,2
6398,2
6399,2
6400,2
6401,1
6402,0
6403,2
6404,2
6405,2
6406,2
6407,2
6408,1
6409,2
6410,1
6411,2
6412,2
6413,0
6414,2
6415,1
6416,2
6417,2
6418,2
6419,2
6420,0
6421,0
6422,2
6423,1
6424,2
6425,2
6426,2
6427,2
6428,1
6429,2
6430,2
6431,1
6432,1
6433,1
6434,1
6435,2
6436,2
6437,1
6438,2
6439,2
6440,2
6441,1
6442,2
6443,2
6444,1
6445,1
6446,0
6447,2
6448,2
6449,1
6450,2
6451,2
6452,2
6453,1
6454,0
6455,1
6456,1
6457,2
6458,1
6459,1
6460,2
6461,0
6462,2
6463,2
6464,2
6465,0
6466,1
6467,0
6468,2
6469,1
6470,2
6471,2
6472,2
6473,2
6474,2
6475,2
6476,2
6477,2
6478,1
6479,2
6480,0
6481,2
6482,1
6483,2
6484,2
6485,2
6486,1
6487,0
6488,2
6489,1
6490,0
6491,2
6492,1
6493,0
6494,2
6495,2
6496,1
6497,2
6498,0
6499,2
6500,1
6501,1
6502,1
6503,1
6504,2
6505,2
6506,2
6507,2
6508,2
6509,0
6510,2
6511,2
6512,2
6513,2
6514,1
6515,0
6516,2
6517,2
6518,2
6519,0
6520,2
6521,2
6522,2
6523,1
6524,2
6525,1
6526,1
6527,2
6528,2
6529,0
6530,1
6531,1
6532,2
6533,1
6534,2
6535,2
6536,1
6537,2
6538,2
6539,2
6540,1
6541,2
6542,0
6543,1
6544,2
6545,2
6546,2
6547,2
6548,2
6549,0
6550,2
6551,1
6552,1
6553,2
6554,2
6555,1
6556,2
6557,2
6558,2
6559,2
6560,2
6561,2
6562,2
6563,1
6564,1
6565,0
6566,2
6567,0
6568,2
6569,2
6570,2
6571,2
6572,2
6573,2
6574,2
6575,1
6576,1
6577,1
6578,2
6579,0
6580,2
6581,2
6582,2
6583,0
6584,1
6585,2
6586,2
6587,1
6588,2
6589,2
6590,2
6591,1
6592,1
6593,2
6594,0
6595,2
6596,2
6597,1
6598,1
6599,1
6600,1
6601,0
6602,2
6603,2
6604,2
6605,0
6606,2
6607,1
6608,2
6609,2
6610,2
6611,2
6612,2
6613,2
6614,0
6615,2
6616,2
6617,1
6618,2
6619,2
6620,1
6621,2
6622,2
6623,2
6624,2
6625,2
6626,2
6627,2
6628,1
6629,1
6630,2
6631,2
6632,2
6633,2
6634,2
6635,2
6636,1
6637,2
6638,2
6639,0
6640,1
6641,2
6642,2
6643,1
6644,2
6645,0
6646,2
6647,2
6648,2
6649,2
6650,2
6651,0
6652,2
6653,2
6654,1
6655,1
6656,1
6657,0
6658,1
6659,2
6660,2
6661,1
6662,2
6663,0
6664,1
6665,1
6666,1
6667,0
6668,2
6669,2
6670,2
6671,2
6672,2
6673,0
6674,1
6675,2
6676,2
6677,2
6678,0
6679,1
6680,1
6681,2
6682,1
6683,1
6684,2
6685,1
6686,2
6687,2
6688,0
6689,2
6690,2
6691,2
6692,2
6693,1
6694,2
6695,2
6696,0
6697,2
6698,2
6699,1
6700,1
6701,1
6702,0
6703,2
6704,2
6705,2
6706,2
6707,2
6708,2
6709,2
6710,2
6711,1
6712,0
6713,1
6714,2
6715,2
6716,2
6717,0
6718,2
6719,1
6720,1
6721,1
6722,1
6723,2
6724,0
6725,1
6726,1
6727,1
6728,2
6729,2
6730,0
6731,2
6732,2
6733,2
6734,1
6735,2
6736,2
6737,2
6738,1
6739,0
6740,2
6741,2
6742,0
6743,1
6744,2
6745,2
6746,2
6747,2
6748,0
6749,2
6750,0
6751,2
6752,2
6753,1
6754,1
6755,2
6756,2
6757,2
6758,2
6759,2
6760,1
6761,2
6762,2
6763,2
6764,1
6765,1
6766,2
6767,2
6768,2
6769,1
6770,2
6771,1
6772,0
6773,0
6774,2
6775,2
6776,1
6777,1
6778,2
6779,0
6780,1
6781,2
6782,1
6783,2
6784,2
6785,1
6786,2
6787,0
6788,2
6789,0
6790,2
6791,1
6792,2
6793,1
6794,1
6795,2
6796,1
6797,1
6798,2
6799,0
6800,2
6801,2
6802,2
6803,2
6804,2
6805,2
6806,1
6807,2
6808,2
6809,1
6810,1
6811,2
6812,2
6813,0
6814,1
6815,2
6816,2
6817,2
6818,2
6819,2
6820,1
6821,2
6822,1
6823,2
6824,2
6825,1
6826,1
6827,0
6828,1
6829,2
6830,0
6831,1
6832,2
6833,2
6834,1
6835,2
6836,2
6837,2
6838,2
6839,0
6840,2
6841,2
6842,2
6843,1
6844,2
6845,1
6846,2
6847,2
6848,1
6849,2
6850,1
6851,2
6852,2
6853,2
6854,0
6855,1
6856,1
6857,0
6858,2
6859,2
6860,2
6861,1
6862,2
6863,2
6864,2
6865,2
6866,2
6867,0
6868,1
6869,0
6870,2
6871,1
6872,1
6873,1
6874,2
6875,0
6876,2
6877,1
6878,0
6879,2
6880,1
6881,2
6882,1
6883,2
6884,1
6885,2
6886,2
6887,1
6888,2
6889,2
6890,2
6891,2
6892,1
6893,2
6894,0
6895,2
6896,1
6897,1
6898,1
6899,2
6900,1
6901,1
6902,1
6903,1
6904,2
6905,1
6906,2
6907,2
6908,2
6909,2
6910,2
6911,1
6912,2
6913,2
6914,1
6915,1
6916,2
6917,1
6918,2
6919,2
6920,0
6921,2
6922,1
6923,1
6924,0
6925,2
6926,0
6927,1
6928,2
6929,2
6930,2
6931,2
6932,1
6933,1
6934,2
6935,2
6936,2
6937,2
6938,0
6939,2
6940,1
6941,0
6942,1
6943,2
6944,1
6945,1
6946,2
6947,2
6948,1
6949,1
6950,1
6951,2
6952,2
6953,2
6954,0
6955,1
6956,1
6957,1
6958,2
6959,2
6960,1
6961,2
6962,1
6963,1
6964,1
6965,2
6966,2
6967,2
6968,1
6969,1
6970,1
6971,1
6972,0
6973,0
6974,2
6975,0
6976,1
6977,2
6978,0
6979,2
6980,2
6981,2
6982,1
6983,1
6984,2
6985,2
6986,1
6987,2
6988,2
6989,0
6990,2
6991,1
6992,1
6993,2
6994,2
6995,1
6996,2
6997,0
6998,2
6999,2
7000,2
7001,1
7002,2
7003,0
7004,2
7005,1
7006,0
7007,1
7008,0
7009,2
7010,2
7011,2
7012,0
7013,2
7014,1
7015,2
7016,2
7017,1
7018,1
7019,1
7020,2
7021,2
7022,2
7023,2
7024,0
7025,2
7026,2
7027,2
7028,1
7029,0
7030,2
7031,2
7032,2
7033,1
7034,2
7035,2
7036,2
7037,2
7038,2
7039,0
7040,2
7041,2
7042,2
7043,1
7044,2
7045,2
7046,2
7047,2
7048,2
7049,2
7050,0
7051,0
7052,1
7053,0
7054,2
7055,2
7056,2
7057,2
7058,2
7059,1
7060,2
7061,2
7062,0
7063,2
7064,2
7065,1
7066,1
7067,2
7068,2
7069,2
7070,2
7071,1
7072,2
7073,2
7074,2
7075,2
7076,2
7077,1
7078,2
7079,1
7080,2
7081,2
7082,2
7083,2
7084,2
7085,2
7086,1
7087,2
7088,2
7089,2
7090,2
7091,2
7092,2
7093,2
7094,1
7095,2
7096,2
7097,2
7098,1
7099,1
7100,0
7101,1
7102,2
7103,2
7104,2
7105,2
7106,2
7107,1
7108,2
7109,0
7110,1
7111,1
7112,2
7113,1
7114,1
7115,2
7116,2
7117,2
7118,2
7119,1
7120,2
7121,2
7122,2
7123,2
7124,2
7125,1
7126,1
7127,2
7128,2
7129,1
7130,1
7131,2
7132,1
7133,2
7134,0
7135,2
7136,2
7137,2
7138,2
7139,2
7140,1
7141,2
7142,2
7143,1
7144,1
7145,2
7146,2
7147,1
7148,1
7149,1
7150,2
7151,2
7152,2
7153,0
7154,0
7155,2
7156,0
7157,2
7158,2
7159,1
7160,2
7161,2
7162,1
7163,1
7164,2
7165,1
7166,1
7167,2
7168,1
7169,2
7170,2
7171,1
7172,0
7173,2
7174,1
7175,2
7176,1
7177,2
7178,1
7179,2
7180,2
7181,2
7182,0
7183,2
7184,1
7185,2
7186,1
7187,0
7188,0
7189,2
7190,2
7191,2
7192,1
7193,1
7194,2
7195,0
7196,0
7197,2
7198,2
7199,2
7200,0
7201,2
7202,0
7203,1
7204,1
7205,1
7206,2
7207,2
7208,2
7209,2
7210,2
7211,2
7212,2
7213,1
7214,2
7215,1
7216,1
7217,2
7218,1
7219,2
7220,1
7221,2
7222,2
7223,2
7224,2
7225,1
7226,2
7227,2
7228,2
7229,2
7230,2
7231,2
7232,0
7233,2
7234,0
7235,2
7236,2
7237,2
7238,2
7239,2
7240,1
7241,2
7242,2
7243,2
7244,2
7245,1
7246,0
7247,1
7248,1
7249,2
7250,1
7251,0
7252,2
7253,1
7254,2
7255,2
7256,2
7257,2
7258,1
7259,1
7260,1
7261,1
7262,2
7263,2
7264,2
7265,1
7266,2
7267,1
7268,2
7269,2
7270,1
7271,0
7272,0
7273,2
7274,2
7275,1
7276,2
7277,2
7278,2
7279,2
7280,2
7281,2
7282,2
7283,0
7284,1
7285,2
7286,0
7287,1
7288,1
7289,1
7290,2
7291,1
7292,2
7293,2
7294,1
7295,0
7296,2
7297,2
7298,2
7299,1
7300,2
7301,1
7302,2
7303,1
7304,2
7305,0
7306,2
7307,2
7308,2
7309,1
7310,2
7311,2
7312,2
7313,2
7314,1
7315,0
7316,0
7317,0
7318,2
7319,2
7320,1
7321,1
7322,2
7323,2
7324,2
7325,2
7326,1
7327,2
7328,2
7329,2
7330,1
7331,0
7332,2
7333,2
7334,1
7335,2
7336,2
7337,2
7338,2
7339,0
7340,1
7341,0
7342,2
7343,2
7344,2
7345,1
7346,1
7347,1
7348,1
7349,2
7350,2
7351,2
7352,1
7353,2
7354,0
7355,2
7356,1
7357,2
7358,2
7359,2
7360,2
7361,2
7362,2
7363,2
7364,2
7365,2
7366,2
7367,0
7368,1
7369,0
7370,2
7371,0
7372,1
7373,2
7374,1
7375,2
7376,2
7377,0
7378,1
7379,1
7380,2
7381,1
7382,2
7383,1
7384,1
7385,2
7386,0
7387,1
7388,1
7389,2
7390,1
7391,2
7392,2
7393,2
7394,1
7395,0
7396,1
7397,2
7398,0
7399,2
7400,1
7401,2
7402,2
7403,1
7404,1
7405,0
7406,2
7407,1
7408,2
7409,2
7410,0
7411,0
7412,2
7413,0
7414,1
7415,0
7416,1
7417,2
7418,2
7419,2
7420,1
7421,2
7422,1
7423,2
7424,1
7425,2
7426,1
7427,1
7428,2
7429,2
7430,2
7431,0
7432,0
7433,2
7434,2
7435,2
7436,2
7437,2
7438,2
7439,2
7440,2
7441,2
7442,2
7443,2
7444,1
7445,0
7446,1
7447,1
7448,2
7449,1
7450,0
7451,2
7452,2
7453,2
7454,2
7455,1
7456,1
7457,0
7458,2
7459,2
7460,2
7461,1
7462,2
7463,2
7464,2
7465,2
7466,1
7467,2
7468,0
7469,0
7470,0
7471,1
7472,2
7473,1
7474,2
7475,2
7476,1
7477,2
7478,0
7479,1
7480,2
7481,2
7482,1
7483,2
7484,2
7485,2
7486,0
7487,2
7488,0
7489,2
7490,2
7491,2
7492,2
7493,1
7494,2
7495,2
7496,2
7497,2
7498,0
7499,2
7500,1
7501,2
7502,1
7503,1
7504,2
7505,0
7506,2
7507,1
7508,2
7509,2
7510,1
7511,2
7512,2
7513,2
7514,1
7515,2
7516,2
7517,2
7518,1
7519,2
7520,2
7521,2
7522,2
7523,2
7524,2
7525,1
7526,1
7527,2
7528,2
7529,0
7530,2
7531,2
7532,2
7533,2
7534,2
7535,0
7536,2
7537,2
7538,1
7539,2
7540,1
7541,2
7542,2
7543,2
7544,2
7545,0
7546,1
7547,1
7548,2
7549,2
7550,1
7551,0
7552,2
7553,2
7554,0
7555,2
7556,1
7557,2
7558,1
7559,2
7560,1
7561,2
7562,2
7563,2
7564,0
7565,0
7566,2
7567,1
7568,2
7569,2
7570,1
7571,0
7572,2
7573,2
7574,1
7575,1
7576,2
7577,1
7578,2
7579,1
7580,2
7581,2
7582,2
7583,0
7584,2
7585,0
7586,2
7587,2
7588,2
7589,2
7590,0
7591,0
7592,0
7593,1
7594,1
7595,2
7596,1
7597,2
7598,2
7599,2
7600,2
7601,0
7602,0
7603,1
7604,2
7605,0
7606,1
7607,1
7608,2
7609,2
7610,1
7611,2
7612,2
7613,1
7614,1
7615,2
7616,1
7617,2
7618,2
7619,2
7620,2
7621,0
7622,2
7623,2
7624,2
7625,0
7626,1
7627,0
7628,1
7629,0
7630,2
7631,0
7632,2
7633,1
7634,1
7635,2
7636,2
7637,0
7638,2
7639,2
7640,0
7641,1
7642,2
7643,2
7644,2
7645,2
7646,2
7647,0
7648,2
7649,0
7650,2
7651,0
7652,1
7653,1
7654,1
7655,1
7656,2
7657,0
7658,1
7659,2
7660,0
7661,2
7662,2
7663,0
7664,0
7665,1
7666,0
7667,2
7668,0
7669,2
7670,0
7671,0
7672,2
7673,2
7674,2
7675,1
7676,2
7677,2
7678,1
7679,2
7680,1
7681,2
7682,2
7683,2
7684,2
7685,2
7686,2
7687,2
7688,2
7689,1
7690,2
7691,0
7692,2
7693,2
7694,2
7695,2
7696,0
7697,0
7698,2
7699,2
7700,0
7701,2
7702,2
7703,2
7704,2
7705,2
7706,2
7707,1
7708,2
7709,2
7710,0
7711,1
7712,2
7713,2
7714,0
7715,2
7716,2
7717,0
7718,2
7719,1
7720,1
7721,2
7722,2
7723,2
7724,2
7725,2
7726,2
7727,0
7728,1
7729,1
7730,2
7731,1
7732,2
7733,2
7734,1
7735,2
7736,2
7737,1
7738,1
7739,2
7740,2
7741,2
7742,1
7743,2
7744,2
7745,2
7746,2
7747,2
7748,2
7749,1
7750,0
7751,2
7752,2
7753,2
7754,0
7755,2
7756,2
7757,2
7758,1
7759,2
7760,2
7761,2
7762,1
7763,0
7764,2
7765,2
7766,2
7767,2
7768,1
7769,2
7770,1
7771,2
7772,2
7773,2
7774,2
7775,2
7776,2
7777,2
7778,0
7779,2
7780,2
7781,1
7782,1
7783,1
7784,1
7785,2
7786,0
7787,1
7788,1
7789,2
7790,1
7791,0
7792,2
7793,2
7794,0
7795,0
7796,1
7797,1
7798,2
7799,2
7800,0
7801,2
7802,2
7803,0
7804,2
7805,2
7806,2
7807,2
7808,1
7809,2
7810,2
7811,2
7812,2
7813,2
7814,0
7815,0
7816,0
7817,1
7818,1
7819,2
7820,2
7821,0
7822,2
7823,1
7824,0
7825,2
7826,2
7827,1
7828,0
7829,2
7830,2
7831,2
7832,2
7833,1
7834,2
7835,2
7836,2
7837,2
7838,1
7839,0
7840,1
7841,1
7842,1
7843,2
7844,1
7845,1
7846,1
7847,0
7848,0
7849,1
7850,2
7851,1
7852,1
7853,2
7854,2
7855,1
7856,1
7857,1
7858,1
7859,2
7860,0
7861,2
7862,2
7863,2
7864,2
7865,0
7866,1
7867,2
7868,2
7869,2
7870,2
7871,2
7872,1
7873,0
7874,1
7875,2
7876,1
7877,2
7878,2
7879,2
7880,1
7881,2
7882,0
7883,2
7884,1
7885,2
7886,0
7887,2
7888,2
7889,2
7890,1
7891,2
7892,0
7893,2
7894,2
7895,2
7896,2
7897,0
7898,2
7899,2
7900,2
7901,2
7902,2
7903,2
7904,2
7905,2
7906,1
7907,2
7908,2
7909,2
7910,2
7911,2
7912,1
7913,2
7914,2
7915,2
7916,1
7917,1
7918,1
7919,2
7920,2
7921,2
7922,1
7923,1
7924,1
7925,0
7926,2
7927,2
7928,2
7929,1
7930,2
7931,2
7932,2
7933,0
7934,1
7935,0
7936,2
7937,2
7938,2
7939,2
7940,0
7941,2
7942,2
7943,2
7944,1
7945,0
7946,1
7947,2
7948,0
7949,1
7950,2
7951,1
7952,1
7953,1
7954,0
7955,2
7956,1
7957,1
7958,1
7959,2
7960,0
7961,2
7962,1
7963,1
7964,2
7965,0
7966,2
7967,1
7968,2
7969,1
7970,2
7971,1
7972,1
7973,1
7974,2
7975,2
7976,2
7977,1
7978,0
7979,2
7980,2
7981,2
7982,2
7983,2
7984,1
7985,2
7986,2
7987,0
7988,2
7989,2
7990,2
7991,2
7992,2
7993,2
7994,0
7995,2
7996,0
7997,2
7998,2
7999,2
8000,2
8001,2
8002,0
8003,2
8004,2
8005,2
8006,1
8007,1
8008,2
8009,2
8010,2
8011,2
8012,2
8013,2
8014,2
8015,2
8016,2
8017,1
8018,1
8019,1
8020,2
8021,0
8022,2
8023,1
8024,2
8025,0
8026,1
8027,1
8028,2
8029,1
8030,2
8031,1
8032,1
8033,2
8034,2
8035,1
8036,2
8037,1
8038,2
8039,1
8040,2
8041,1
8042,2
8043,2
8044,0
8045,1
8046,2
8047,2
8048,2
8049,1
8050,1
8051,2
8052,0
8053,2
8054,1
8055,1
8056,0
8057,1
8058,1
8059,1
8060,2
8061,2
8062,2
8063,2
8064,0
8065,2
8066,1
8067,1
8068,2
8069,1
8070,2
8071,2
8072,2
8073,2
8074,2
8075,2
8076,0
8077,2
8078,1
8079,0
8080,0
8081,2
8082,2
8083,1
8084,2
8085,1
8086,0
8087,1
8088,2
8089,2
8090,2
8091,0
8092,2
8093,1
8094,1
8095,2
8096,2
8097,2
8098,1
8099,1
8100,2
8101,2
8102,1
8103,2
8104,2
8105,2
8106,2
8107,0
8108,0
8109,0
8110,2
8111,1
8112,1
8113,2
8114,2
8115,1
8116,2
8117,2
8118,2
8119,2
8120,2
8121,2
8122,1
8123,2
8124,0
8125,1
8126,2
8127,2
8128,2
8129,2
8130,0
8131,2
8132,2
8133,1
8134,1
8135,2
8136,0
8137,2
8138,1
8139,1
8140,2
8141,1
8142,2
8143,2
8144,2
8145,2
8146,2
8147,2
8148,2
8149,2
8150,2
8151,2
8152,1
8153,2
8154,2
8155,2
8156,1
8157,2
8158,2
8159,2
8160,1
8161,2
8162,1
8163,1
8164,1
8165,2
8166,1
8167,0
8168,2
8169,1
8170,0
8171,1
8172,2
8173,1
8174,2
8175,0
8176,1
8177,0
8178,1
8179,2
8180,2
8181,1
8182,0
8183,2
8184,2
8185,2
8186,1
8187,2
8188,0
8189,2
8190,2
8191,0
8192,2
8193,1
8194,2
8195,2
8196,2
8197,1
8198,0
8199,2
8200,2
8201,2
8202,0
8203,0
8204,2
8205,1
8206,1
8207,2
8208,0
8209,2
8210,2
8211,2
8212,2
8213,2
8214,1
8215,1
8216,2
8217,1
8218,1
8219,0
8220,1
8221,2
8222,2
8223,2
8224,2
8225,2
8226,0
8227,2
8228,2
8229,1
8230,1
8231,1
8232,2
8233,2
8234,0
8235,1
8236,0
8237,1
8238,1
8239,0
8240,2
8241,2
8242,1
8243,2
8244,1
8245,1
8246,1
8247,1
8248,1
8249,2
8250,2
8251,1
8252,1
8253,2
8254,2
8255,2
8256,2
8257,2
8258,2
8259,2
8260,2
8261,2
8262,0
8263,2
8264,2
8265,1
8266,0
8267,2
8268,2
8269,0
8270,2
8271,1
8272,2
8273,2
8274,2
8275,1
8276,0
8277,2
8278,2
8279,1
8280,1
8281,2
8282,2
8283,1
8284,1
8285,0
8286,1
8287,2
8288,1
8289,2
8290,0
8291,1
8292,1
8293,1
8294,2
8295,0
8296,1
8297,2
8298,2
8299,2
8300,2
8301,1
8302,0
8303,1
8304,2
8305,1
8306,1
8307,2
8308,2
8309,2
8310,0
8311,2
8312,2
8313,1
8314,2
8315,2
8316,2
8317,2
8318,1
8319,2
8320,2
8321,2
8322,2
8323,2
8324,2
8325,2
8326,2
8327,2
8328,1
8329,1
8330,2
8331,2
8332,1
8333,1
8334,1
8335,2
8336,2
8337,1
8338,2
8339,2
8340,2
8341,2
8342,0
8343,2
8344,0
8345,0
8346,1
8347,2
8348,1
8349,1
8350,2
8351,2
8352,1
8353,1
8354,2
8355,1
8356,1
8357,2
8358,2
8359,2
8360,1
8361,2
8362,2
8363,2
8364,2
8365,2
8366,1
8367,2
8368,2
8369,1
8370,2
8371,2
8372,1
8373,2
8374,2
8375,0
8376,2
8377,2
8378,2
8379,2
8380,1
8381,2
8382,1
8383,2
8384,2
8385,1
8386,2
8387,2
8388,2
8389,1
8390,1
8391,2
8392,2
8393,1
8394,0
8395,1
8396,2
8397,2
8398,2
8399,2
8400,2
8401,2
8402,2
8403,2
8404,2
8405,0
8406,1
8407,1
8408,1
8409,2
8410,1
8411,1
8412,2
8413,0
8414,1
8415,1
8416,0
8417,2
8418,1
8419,1
8420,2
8421,2
8422,0
8423,1
8424,2
8425,2
8426,2
8427,0
8428,1
8429,2
8430,2
8431,2
8432,2
8433,2
8434,2
8435,0
8436,1
8437,0
8438,0
8439,0
8440,1
8441,2
8442,2
8443,1
8444,2
8445,2
8446,2
8447,1
8448,2
8449,2
8450,1
8451,0
8452,1
8453,2
8454,1
8455,0
8456,2
8457,2
8458,2
8459,2
8460,1
8461,0
8462,1
8463,1
8464,2
8465,2
8466,2
8467,2
8468,0
8469,0
8470,1
8471,1
8472,2
8473,1
8474,2
8475,2
8476,1
8477,1
8478,2
8479,2
8480,1
8481,1
8482,1
8483,2
8484,2
8485,2
8486,2
8487,2
8488,1
8489,2
8490,2
8491,1
8492,0
8493,2
8494,2
8495,1
8496,1
8497,0
8498,2
8499,0
8500,0
8501,0
8502,2
8503,0
8504,2
8505,1
8506,1
8507,1
8508,1
8509,0
8510,2
8511,2
8512,1
8513,2
8514,2
8515,2
8516,2
8517,2
8518,2
8519,2
8520,0
8521,2
8522,1
8523,2
8524,2
8525,0
8526,2
8527,1
8528,2
8529,1
8530,0
8531,2
8532,0
8533,2
8534,0
8535,1
8536,2
8537,0
8538,2
8539,2
8540,2
8541,2
8542,2
8543,2
8544,1
8545,1
8546,2
8547,2
8548,2
8549,2
8550,1
8551,1
8552,0
8553,1
8554,2
8555,2
8556,1
8557,2
8558,2
8559,1
8560,1
8561,2
8562,1
8563,1
8564,2
8565,1
8566,0
8567,2
8568,1
8569,2
8570,2
8571,2
8572,2
8573,0
8574,2
8575,2
8576,1
8577,2
8578,1
8579,0
8580,2
8581,1
8582,1
8583,2
8584,2
8585,0
8586,2
8587,1
8588,0
8589,1
8590,2
8591,2
8592,0
8593,2
8594,1
8595,2
8596,2
8597,2
8598,1
8599,2
8600,2
8601,1
8602,2
8603,2
8604,1
8605,2
8606,2
8607,1
8608,0
8609,2
8610,1
8611,2
8612,1
8613,1
8614,2
8615,2
8616,0
8617,2
8618,2
8619,2
8620,1
8621,0
8622,1
8623,2
8624,2
8625,0
8626,2
8627,1
8628,1
8629,2
8630,2
8631,1
8632,2
8633,2
8634,1
8635,1
8636,1
8637,2
8638,1
8639,2
8640,1
8641,2
8642,1
8643,2
8644,0
8645,1
8646,0
8647,1
8648,2
8649,2
8650,1
8651,2
8652,0
8653,2
8654,0
8655,1
8656,2
8657,1
8658,2
8659,1
8660,2
8661,1
8662,2
8663,1
8664,1
8665,2
8666,0
8667,2
8668,1
8669,1
8670,2
8671,2
8672,2
8673,0
8674,1
8675,2
8676,2
8677,2
8678,1
8679,2
8680,2
8681,1
8682,0
8683,2
8684,2
8685,0
8686,2
8687,0
8688,1
8689,2
8690,2
8691,2
8692,2
8693,2
8694,1
8695,0
8696,2
8697,2
8698,1
8699,2
8700,2
8701,2
8702,2
8703,1
8704,2
8705,0
8706,0
8707,2
8708,2
8709,1
8710,1
8711,2
8712,1
8713,2
8714,2
8715,1
8716,1
8717,2
8718,1
8719,2
8720,2
8721,2
8722,1
8723,2
8724,2
8725,1
8726,1
8727,1
8728,1
8729,2
8730,2
8731,0
8732,2
8733,2
8734,2
8735,1
8736,2
8737,0
8738,2
8739,2
8740,2
8741,2
8742,2
8743,1
8744,2
8745,1
8746,2
8747,1
8748,1
8749,2
8750,1
8751,1
8752,2
8753,2
8754,2
8755,2
8756,2
8757,2
8758,1
8759,1
8760,2
8761,2
8762,0
8763,2
8764,2
8765,2
8766,2
8767,2
8768,1
8769,1
8770,1
8771,1
8772,1
8773,1
8774,1
8775,2
8776,0
8777,1
8778,1
8779,2
8780,2
8781,2
8782,0
8783,2
8784,1
8785,1
8786,0
8787,0
8788,2
8789,2
8790,2
8791,2
8792,1
8793,2
8794,1
8795,0
8796,2
8797,2
8798,2
8799,1
8800,2
8801,2
8802,2
8803,1
8804,2
8805,1
8806,1
8807,2
8808,0
8809,1
8810,2
8811,0
8812,2
8813,2
8814,2
8815,2
8816,1
8817,1
8818,2
8819,0
8820,1
8821,2
8822,1
8823,2
8824,0
8825,2
8826,2
8827,2
8828,2
8829,2
8830,1
8831,2
8832,2
8833,2
8834,2
8835,0
8836,0
8837,2
8838,2
8839,2
8840,2
8841,2
8842,2
8843,2
8844,2
8845,2
8846,2
8847,2
8848,2
8849,1
8850,1
8851,0
8852,2
8853,2
8854,1
8855,0
8856,2
8857,2
8858,1
8859,1
8860,2
8861,2
8862,2
8863,2
8864,2
8865,2
8866,1
8867,0
8868,2
8869,1
8870,2
8871,0
8872,1
8873,2
8874,2
8875,2
8876,0
8877,2
8878,2
8879,2
8880,2
8881,2
8882,0
8883,2
8884,1
8885,2
8886,2
8887,2
8888,1
8889,1
8890,0
8891,2
8892,0
8893,1
8894,2
8895,0
8896,2
8897,2
8898,2
8899,2
8900,1
8901,1
8902,1
8903,1
8904,1
8905,1
8906,0
8907,2
8908,1
8909,2
8910,0
8911,2
8912,1
8913,1
8914,0
8915,1
8916,2
8917,2
8918,2
8919,2
8920,1
8921,2
8922,1
8923,1
8924,2
8925,1
8926,1
8927,2
8928,0
8929,1
8930,2
8931,0
8932,2
8933,2
8934,2
8935,2
8936,1
8937,1
8938,1
8939,2
8940,2
8941,0
8942,2
8943,1
8944,2
8945,1
8946,2
8947,0
8948,0
8949,1
8950,0
8951,1
8952,2
8953,1
8954,2
8955,2
8956,2
8957,2
8958,1
8959,0
8960,2
8961,0
8962,1
8963,2
8964,2
8965,1
8966,2
8967,2
8968,2
8969,2
8970,1
8971,2
8972,2
8973,1
8974,2
8975,2
8976,1
8977,2
8978,0
8979,2
8980,1
8981,2
8982,2
8983,0
8984,1
8985,2
8986,2
8987,1
8988,2
8989,2
8990,0
8991,2
8992,0
8993,1
8994,1
8995,0
8996,1
8997,1
8998,1
8999,1
9000,2
9001,1
9002,2
9003,2
9004,1
9005,1
9006,0
9007,1
9008,1
9009,0
9010,2
9011,2
9012,1
9013,2
9014,2
9015,2
9016,0
9017,2
9018,2
9019,2
9020,0
9021,1
9022,2
9023,2
9024,2
9025,2
9026,0
9027,0
9028,2
9029,0
9030,2
9031,1
9032,1
9033,2
9034,0
9035,2
9036,1
9037,2
9038,0
9039,2
9040,2
9041,0
9042,1
9043,2
9044,1
9045,2
9046,1
9047,2
9048,2
9049,1
9050,2
9051,0
9052,2
9053,2
9054,2
9055,1
9056,0
9057,1
9058,1
9059,2
9060,0
9061,2
9062,2
9063,2
9064,2
9065,2
9066,2
9067,0
9068,2
9069,1
9070,0
9071,2
9072,2
9073,2
9074,2
9075,2
9076,2
9077,2
9078,1
9079,0
9080,0
9081,2
9082,2
9083,2
9084,2
9085,2
9086,1
9087,0
9088,1
9089,2
9090,2
9091,2
9092,2
9093,1
9094,0
9095,2
9096,2
9097,1
9098,2
9099,2
9100,2
9101,1
9102,1
9103,2
9104,1
9105,2
9106,0
9107,1
9108,2
9109,1
9110,0
9111,2
9112,2
9113,2
9114,2
9115,0
9116,2
9117,2
9118,2
9119,2
9120,1
9121,2
9122,1
9123,2
9124,2
9125,2
9126,1
9127,2
9128,2
9129,2
9130,2
9131,2
9132,2
9133,2
9134,0
9135,2
9136,2
9137,1
9138,2
9139,1
9140,0
9141,2
9142,2
9143,2
9144,1
9145,2
9146,2
9147,2
9148,2
9149,2
9150,1
9151,1
9152,2
9153,1
9154,1
9155,2
9156,0
9157,2
9158,1
9159,2
9160,2
9161,0
9162,2
9163,1
9164,2
9165,2
9166,0
9167,2
9168,2
9169,2
9170,2
9171,2
9172,0
9173,2
9174,2
9175,2
9176,2
9177,2
9178,2
9179,1
9180,2
9181,1
9182,1
9183,2
9184,2
9185,2
9186,2
9187,1
9188,0
9189,1
9190,2
9191,0
9192,2
9193,2
9194,0
9195,2
9196,2
9197,0
9198,1
9199,1
9200,2
9201,0
9202,1
9203,0
9204,2
9205,2
9206,2
9207,2
9208,2
9209,2
9210,2
9211,1
9212,2
9213,1
9214,2
9215,2
9216,2
9217,1
9218,2
9219,1
9220,2
9221,2
9222,2
9223,2
9224,1
9225,1
9226,0
9227,2
9228,2
9229,2
9230,1
9231,2
9232,0
9233,2
9234,2
9235,1
9236,2
9237,1
9238,1
9239,0
9240,1
9241,2
9242,2
9243,2
9244,1
9245,2
9246,2
9247,2
9248,2
9249,1
9250,2
9251,2
9252,1
9253,1
9254,0
9255,0
9256,0
9257,1
9258,2
9259,2
9260,1
9261,2
9262,2
9263,0
9264,1
9265,1
9266,2
9267,1
9268,1
9269,0
9270,0
9271,1
9272,2
9273,0
9274,2
9275,1
9276,2
9277,2
9278,2
9279,1
9280,1
9281,0
9282,2
9283,1
9284,2
9285,1
9286,2
9287,1
9288,2
9289,1
9290,2
9291,2
9292,0
9293,2
9294,0
9295,0
9296,0
9297,1
9298,0
9299,2
9300,0
9301,1
9302,1
9303,0
9304,1
9305,1
9306,2
9307,2
9308,1
9309,1
9310,1
9311,2
9312,2
9313,1
9314,2
9315,1
9316,2
9317,2
9318,2
9319,1
9320,1
9321,1
9322,0
9323,2
9324,2
9325,1
9326,2
9327,2
9328,2
9329,2
9330,2
9331,1
9332,2
9333,2
9334,2
9335,2
9336,2
9337,2
9338,2
9339,2
9340,2
9341,0
9342,1
9343,1
9344,1
9345,2
9346,0
9347,2
9348,2
9349,1
9350,2
9351,2
9352,2
9353,2
9354,2
9355,0
9356,2
9357,2
9358,0
9359,0
9360,1
9361,0
9362,2
9363,1
9364,2
9365,0
9366,0
9367,1
9368,1
9369,0
9370,2
9371,2
9372,2
9373,2
9374,1
9375,1
9376,2
9377,2
9378,2
9379,2
9380,2
9381,2
9382,0
9383,1
9384,0
9385,0
9386,2
9387,1
9388,2
9389,2
9390,2
9391,1
9392,1
9393,1
9394,2
9395,1
9396,0
9397,2
9398,2
9399,1
9400,0
9401,1
9402,0
9403,0
9404,0
9405,1
9406,2
9407,2
9408,2
9409,2
9410,2
9411,2
9412,2
9413,0
9414,1
9415,0
9416,1
9417,2
9418,1
9419,2
9420,1
9421,2
9422,1
9423,2
9424,2
9425,2
9426,2
9427,2
9428,2
9429,2
9430,0
9431,1
9432,1
9433,2
9434,2
9435,0
9436,0
9437,2
9438,1
9439,1
9440,2
9441,0
9442,0
9443,1
9444,2
9445,2
9446,2
9447,2
9448,2
9449,1
9450,0
9451,2
9452,2
9453,0
9454,2
9455,0
9456,2
9457,2
9458,1
9459,2
9460,2
9461,2
9462,2
9463,2
9464,2
9465,2
9466,1
9467,1
9468,2
9469,1
9470,2
9471,2
9472,2
9473,2
9474,2
9475,2
9476,2
9477,1
9478,2
9479,1
9480,2
9481,1
9482,2
9483,1
9484,1
9485,1
9486,2
9487,1
9488,1
9489,2
9490,1
9491,2
9492,2
9493,2
9494,2
9495,2
9496,2
9497,2
9498,1
9499,2
9500,2
9501,2
9502,2
9503,1
9504,1
9505,2
9506,1
9507,2
9508,0
9509,2
9510,2
9511,1
9512,0
9513,1
9514,1
9515,0
9516,2
9517,2
9518,1
9519,1
9520,2
9521,2
9522,1
9523,1
9524,2
9525,2
9526,2
9527,1
9528,1
9529,1
9530,1
9531,1
9532,2
9533,2
9534,0
9535,1
9536,0
9537,2
9538,1
9539,1
9540,2
9541,1
9542,0
9543,1
9544,2
9545,2
9546,0
9547,2
9548,2
9549,2
9550,2
9551,1
9552,2
9553,2
9554,0
9555,2
9556,1
9557,1
9558,2
9559,0
9560,2
9561,1
9562,2
9563,2
9564,2
9565,1
9566,2
9567,2
9568,2
9569,2
9570,2
9571,2
9572,2
9573,0
9574,2
9575,1
9576,2
9577,2
9578,1
9579,2
9580,2
9581,1
9582,2
9583,2
9584,2
9585,1
9586,2
9587,2
9588,2
9589,1
9590,2
9591,1
9592,2
9593,1
9594,2
9595,1
9596,2
9597,2
9598,1
9599,2
9600,1
9601,2
9602,1
9603,1
9604,2
9605,2
9606,2
9607,1
9608,2
9609,1
9610,2
9611,0
9612,2
9613,0
9614,2
9615,2
9616,2
9617,2
9618,2
9619,2
9620,2
9621,2
9622,2
9623,2
9624,0
9625,2
9626,2
9627,0
9628,1
9629,2
9630,2
9631,1
9632,2
9633,2
9634,1
9635,1
9636,0
9637,0
9638,2
9639,1
9640,0
9641,1
9642,1
9643,2
9644,2
9645,2
9646,2
9647,2
9648,1
9649,1
9650,1
9651,2
9652,1
9653,2
9654,2
9655,2
9656,2
9657,2
9658,0
9659,2
9660,1
9661,0
9662,2
9663,1
9664,2
9665,2
9666,1
9667,1
9668,2
9669,1
9670,1
9671,2
9672,0
9673,0
9674,2
9675,1
9676,2
9677,2
9678,0
9679,2
9680,2
9681,2
9682,2
9683,2
9684,1
9685,0
9686,0
9687,0
9688,2
9689,2
9690,1
9691,2
9692,2
9693,2
9694,0
9695,1
9696,1
9697,2
9698,1
9699,2
9700,2
9701,2
9702,1
9703,0
9704,2
9705,2
9706,1
9707,0
9708,2
9709,2
9710,2
9711,1
9712,1
9713,2
9714,0
9715,2
9716,1
9717,2
9718,2
9719,1
9720,2
9721,1
9722,2
9723,0
9724,2
9725,2
9726,0
9727,2
9728,0
9729,2
9730,1
9731,1
9732,2
9733,0
9734,2
9735,2
9736,1
9737,2
9738,2
9739,2
9740,2
9741,2
9742,0
9743,2
9744,2
9745,2
9746,2
9747,2
9748,2
9749,2
9750,2
9751,1
9752,2
9753,1
9754,2
9755,2
9756,2
9757,2
9758,1
9759,2
9760,2
9761,0
9762,1
9763,2
9764,0
9765,1
9766,1
9767,1
9768,1
9769,2
9770,1
9771,0
9772,0
9773,2
9774,2
9775,2
9776,2
9777,2
9778,2
9779,2
9780,2
9781,2
9782,2
9783,2
9784,2
9785,2
9786,2
9787,0
9788,0
9789,2
9790,0
9791,2
9792,2
9793,2
9794,2
9795,2
9796,1
9797,2
9798,0
9799,0
9800,0
9801,2
9802,2
9803,1
9804,1
9805,1
9806,2
9807,1
9808,2
9809,1
9810,1
9811,1
9812,1
9813,2
9814,2
9815,0
9816,2
9817,2
9818,1
9819,2
9820,2
9821,1
9822,1
9823,0
9824,1
9825,2
9826,1
9827,1
9828,2
9829,2
9830,1
9831,2
9832,2
9833,1
9834,2
9835,1
9836,2
9837,0
9838,1
9839,2
9840,1
9841,2
9842,2
9843,2
9844,2
9845,2
9846,1
9847,0
9848,2
9849,2
9850,1
9851,2
9852,0
9853,1
9854,2
9855,1
9856,1
9857,2
9858,2
9859,1
9860,2
9861,1
9862,1
9863,2
9864,2
9865,1
9866,0
9867,1
9868,0
9869,2
9870,1
9871,1
9872,2
9873,2
9874,0
9875,1
9876,2
9877,0
9878,2
9879,0
9880,2
9881,2
9882,2
9883,1
9884,0
9885,0
9886,1
9887,1
9888,2
9889,2
9890,1
9891,2
9892,1
9893,1
9894,2
9895,2
9896,2
9897,2
9898,0
9899,2
9900,1
9901,2
9902,2
9903,2
9904,2
9905,1
9906,2
9907,0
9908,2
9909,0
9910,2
9911,0
9912,1
9913,2
9914,2
9915,2
9916,1
9917,2
9918,2
9919,1
9920,2
9921,2
9922,2
9923,2
9924,2
9925,0
9926,1
9927,1
9928,2
9929,2
9930,0
9931,2
9932,1
9933,0
9934,2
9935,0
9936,2
9937,2
9938,1
9939,0
9940,1
9941,0
9942,2
9943,2
9944,2
9945,2
9946,0
9947,2
9948,2
9949,2
9950,2
9951,1
9952,1
9953,2
9954,2
9955,1
9956,2
9957,2
9958,2
9959,2
9960,2
9961,1
9962,2
9963,2
9964,2
9965,2
9966,2
9967,2
9968,2
9969,2
9970,0
9971,2
9972,2
9973,2
9974,2
9975,2
9976,2
9977,2
9978,1
9979,2
9980,2
9981,1
9982,1
9983,2
9984,2
9985,2
9986,1
9987,2
9988,2
9989,1
9990,1
9991,1
9992,2
9993,0
9994,1
9995,1
9996,2
9997,2
9998,2
9999,2
10000,2
10001,2
10002,1
10003,1
10004,1
10005,2
10006,2
10007,2
10008,1
10009,0
10010,1
10011,2
10012,2
10013,1
10014,1
10015,2
10016,1
10017,2
10018,1
10019,2
10020,2
10021,0
10022,1
10023,0
10024,2
10025,1
10026,1
10027,1
10028,1
10029,2
10030,2
10031,2
10032,2
10033,2
10034,2
10035,1
10036,1
10037,1
10038,2
10039,2
10040,0
10041,1
10042,0
10043,1
10044,2
10045,2
10046,2
10047,1
10048,2
10049,0
10050,0
10051,2
10052,1
10053,2
10054,2
10055,2
10056,1
10057,1
10058,1
10059,1
10060,1
10061,2
10062,0
10063,2
10064,1
10065,2
10066,2
10067,0
10068,1
10069,1
10070,2
10071,1
10072,1
10073,2
10074,2
10075,2
10076,2
10077,2
10078,2
10079,2
10080,2
10081,2
10082,0
10083,1
10084,2
10085,2
10086,2
10087,2
10088,2
10089,2
10090,2
10091,2
10092,0
10093,2
10094,1
10095,2
10096,0
10097,2
10098,2
10099,2
10100,2
10101,2
10102,0
10103,0
10104,2
10105,1
10106,0
10107,2
10108,2
10109,0
10110,2
10111,0
10112,1
10113,2
10114,0
10115,1
10116,1
10117,2
10118,1
10119,1
10120,2
10121,1
10122,1
10123,2
10124,1
10125,0
10126,0
10127,2
10128,1
10129,2
10130,2
10131,1
10132,1
10133,2
10134,1
10135,2
10136,1
10137,2
10138,0
10139,0
10140,2
10141,2
10142,0
10143,0
10144,2
10145,1
10146,2
10147,2
10148,2
10149,2
10150,1
10151,2
10152,2
10153,2
10154,2
10155,2
10156,2
10157,1
10158,2
10159,1
10160,2
10161,1
10162,1
10163,1
10164,2
10165,2
10166,2
10167,2
10168,2
10169,0
10170,2
10171,2
10172,2
10173,0
10174,0
10175,1
10176,2
10177,0
10178,1
10179,2
10180,1
10181,0
10182,2
10183,2
10184,0
10185,2
10186,0
10187,0
10188,2
10189,1
10190,1
10191,0
10192,2
10193,1
10194,2
10195,2
10196,1
10197,2
10198,2
10199,2
10200,1
10201,1
10202,2
10203,2
10204,1
10205,1
10206,2
10207,1
10208,1
10209,1
10210,2
10211,1
10212,2
10213,2
10214,2
10215,2
10216,1
10217,0
10218,2
10219,2
10220,1
10221,2
10222,2
10223,1
10224,0
10225,2
10226,2
10227,2
10228,0
10229,1
10230,2
10231,1
10232,2
10233,0
10234,1
10235,2
10236,2
10237,1
10238,2
10239,2
10240,2
10241,0
10242,0
10243,2
10244,2
10245,1
10246,0
10247,2
10248,2
10249,2
10250,2
10251,1
10252,1
10253,2
10254,0
10255,1
10256,2
10257,0
10258,2
10259,0
10260,2
10261,1
10262,2
10263,2
10264,0
10265,1
10266,2
10267,1
10268,1
10269,2
10270,0
10271,1
10272,0
10273,2
10274,2
10275,1
10276,0
10277,2
10278,2
10279,2
10280,1
10281,2
10282,0
10283,2
10284,1
10285,2
10286,1
10287,2
10288,1
10289,1
10290,2
10291,1
10292,1
10293,0
10294,0
10295,1
10296,2
10297,2
10298,1
10299,1
10300,2
10301,0
10302,2
10303,2
10304,1
10305,2
10306,0
10307,1
10308,2
10309,0
10310,2
10311,2
10312,2
10313,2
10314,2
10315,1
10316,2
10317,1
10318,0
10319,2
10320,2
10321,1
10322,2
10323,2
10324,2
10325,2
10326,1
10327,0
10328,1
10329,2
10330,1
10331,0
10332,2
10333,2
10334,1
10335,2
10336,2
10337,2
10338,2
10339,2
10340,0
10341,2
10342,2
10343,2
10344,2
10345,1
10346,2
10347,2
10348,2
10349,2
10350,2
10351,2
10352,2
10353,0
10354,2
10355,0
10356,2
10357,0
10358,2
10359,2
10360,1
10361,2
10362,1
10363,2
10364,1
10365,2
10366,0
10367,2
10368,1
10369,2
10370,2
10371,0
10372,2
10373,2
10374,0
10375,1
10376,2
10377,0
10378,0
10379,2
10380,2
10381,2
10382,2
10383,2
10384,1
10385,1
10386,2
10387,0
10388,0
10389,1
10390,1
10391,0
10392,1
10393,0
10394,1
10395,2
10396,2
10397,2
10398,2
10399,1
10400,2
10401,2
10402,2
10403,1
10404,2
10405,0
10406,0
10407,2
10408,2
10409,1
10410,1
10411,2
10412,2
10413,2
10414,1
10415,2
10416,1
10417,2
10418,2
10419,2
10420,2
10421,1
10422,2
10423,1
10424,2
10425,2
10426,2
10427,0
10428,2
10429,2
10430,2
10431,2
10432,2
10433,2
10434,1
10435,0
10436,1
10437,2
10438,1
10439,2
10440,1
10441,1
10442,2
10443,0
10444,2
10445,0
10446,1
10447,2
10448,2
10449,2
10450,1
10451,2
10452,1
10453,0
10454,0
10455,2
10456,1
10457,2
10458,2
10459,2
10460,1
10461,2
10462,2
10463,0
10464,0
10465,2
10466,1
10467,0
10468,1
10469,1
10470,0
10471,1
10472,0
10473,2
10474,2
10475,2
10476,2
10477,0
10478,2
10479,2
10480,2
10481,0
10482,2
10483,2
10484,0
10485,1
10486,1
10487,2
10488,2
10489,2
10490,2
10491,1
10492,1
10493,2
10494,2
10495,2
10496,0
10497,2
10498,0
10499,2
10500,1
10501,2
10502,2
10503,2
10504,1
10505,2
10506,0
10507,1
10508,2
10509,0
10510,1
10511,2
10512,1
10513,0
10514,1
10515,0
10516,2
10517,2
10518,0
10519,2
10520,2
10521,2
10522,2
10523,2
10524,2
10525,2
10526,1
10527,2
10528,2
10529,2
10530,2
10531,1
10532,2
10533,2
10534,1
10535,2
10536,2
10537,2
10538,2
10539,2
10540,2
10541,2
10542,2
10543,2
10544,2
10545,2
10546,2
10547,0
10548,1
10549,0
10550,1
10551,2
10552,1
10553,1
10554,2
10555,0
10556,0
10557,0
10558,1
10559,2
10560,1
10561,1
10562,0
10563,2
10564,2
10565,2
10566,0
10567,2
10568,0
10569,2
10570,2
10571,2
10572,2
10573,2
10574,1
10575,0
10576,1
10577,2
10578,2
10579,2
10580,0
10581,1
10582,0
10583,2
10584,2
10585,0
10586,1
10587,2
10588,2
10589,0
10590,2
10591,1
10592,2
10593,0
10594,2
10595,0
10596,2
10597,0
10598,1
10599,2
10600,2
10601,0
10602,1
10603,2
10604,0
10605,2
10606,1
10607,2
10608,1
10609,1
10610,2
10611,2
10612,1
10613,2
10614,0
10615,2
10616,2
10617,2
10618,2
10619,2
10620,2
10621,1
10622,2
10623,2
10624,2
10625,0
10626,2
10627,2
10628,0
10629,2
10630,2
10631,2
10632,2
10633,2
10634,0
10635,1
10636,2
10637,1
10638,1
10639,2
10640,2
10641,2
10642,2
10643,2
10644,2
10645,2
10646,1
10647,0
10648,1
10649,0
10650,2
10651,2
10652,2
10653,2
10654,0
10655,2
10656,2
10657,2
10658,2
10659,2
10660,2
10661,1
10662,2
10663,1
10664,2
10665,2
10666,0
10667,0
10668,2
10669,2
10670,2
10671,2
10672,2
10673,1
10674,2
10675,1
10676,2
10677,2
10678,2
10679,2
10680,1
10681,0
10682,0
10683,2
10684,1
10685,2
10686,2
10687,2
10688,0
10689,1
10690,2
10691,2
10692,2
10693,2
10694,1
10695,1
10696,2
10697,0
10698,2
10699,2
10700,1
10701,2
10702,1
10703,2
10704,2
10705,2
10706,2
10707,2
10708,2
10709,2
10710,2
10711,0
10712,1
10713,2
10714,2
10715,1
10716,0
10717,1
10718,2
10719,2
10720,1
10721,2
10722,1
10723,0
10724,2
10725,1
10726,1
10727,1
10728,1
10729,1
10730,1
10731,1
10732,0
10733,2
10734,2
10735,2
10736,1
10737,1
10738,2
10739,1
10740,2
10741,0
10742,0
10743,2
10744,1
10745,1
10746,0
10747,2
10748,2
10749,2
10750,2
10751,2
10752,1
10753,0
10754,1
10755,2
10756,2
10757,1
10758,1
10759,2
10760,2
10761,2
10762,2
10763,0
10764,2
10765,2
10766,0
10767,1
10768,2
10769,2
10770,2
10771,1
10772,2
10773,2
10774,1
10775,2
10776,2
10777,1
10778,1
10779,2
10780,1
10781,1
10782,2
10783,2
10784,2
10785,2
10786,2
10787,2
10788,2
10789,0
10790,0
10791,1
10792,2
10793,1
10794,2
10795,1
10796,0
10797,1
10798,1
10799,2
10800,2
10801,2
10802,2
10803,2
10804,2
10805,2
10806,2
10807,1
10808,2
10809,2
10810,2
10811,2
10812,0
10813,2
10814,2
10815,2
10816,2
10817,2
10818,0
10819,1
10820,2
10821,1
10822,0
10823,2
10824,2
10825,2
10826,1
10827,1
10828,2
10829,0
10830,2
10831,2
10832,2
10833,2
10834,2
10835,2
10836,2
10837,2
10838,2
10839,2
10840,2
10841,2
10842,1
10843,1
10844,1
10845,2
10846,0
10847,2
10848,2
10849,2
10850,2
10851,2
10852,2
10853,2
10854,1
10855,2
10856,2
10857,2
10858,2
10859,0
10860,1
10861,1
10862,2
10863,2
10864,2
10865,2
10866,2
10867,2
10868,1
10869,1
10870,2
10871,1
10872,2
10873,2
10874,1
10875,2
10876,2
10877,1
10878,1
10879,2
10880,1
10881,2
10882,1
10883,1
10884,2
10885,1
10886,0
10887,1
10888,2
10889,2
10890,2
10891,1
10892,1
10893,1
10894,0
10895,2
10896,2
10897,2
10898,2
10899,2
10900,0
10901,0
10902,2
10903,1
10904,1
10905,2
10906,1
10907,2
10908,2
10909,2
10910,2
10911,1
10912,0
10913,1
10914,0
10915,1
10916,2
10917,2
10918,2
10919,1
10920,0
10921,1
10922,1
10923,0
10924,2
10925,2
10926,1
10927,1
10928,2
10929,2
10930,2
10931,2
10932,2
10933,1
10934,1
10935,1
10936,0
10937,2
10938,0
10939,2
10940,1
10941,2
10942,0
10943,2
10944,1
10945,0
10946,0
10947,1
10948,2
10949,0
10950,1
10951,1
10952,2
10953,1
10954,2
10955,2
10956,1
10957,2
10958,1
10959,1
10960,0
10961,1
10962,0
10963,2
10964,2
10965,0
10966,2
10967,1
10968,1
10969,2
10970,1
10971,2
10972,1
10973,2
10974,1
10975,2
10976,2
10977,2
10978,2
10979,2
10980,2
10981,2
10982,0
10983,2
10984,2
10985,1
10986,2
10987,1
10988,2
10989,2
10990,2
10991,1
10992,2
10993,2
10994,0
10995,0
10996,2
10997,2
10998,1
10999,0
11000,2
11001,2
11002,2
11003,0
11004,2
11005,2
11006,2
11007,2
11008,2
11009,2
11010,2
11011,2
11012,2
11013,2
11014,1
11015,2
11016,1
11017,2
11018,1
11019,2
11020,1
11021,1
11022,1
11023,1
11024,1
11025,1
11026,0
11027,2
11028,1
11029,1
11030,2
11031,1
11032,2
11033,1
11034,1
11035,2
11036,1
11037,0
11038,2
11039,0
11040,2
11041,2
11042,0
11043,1
11044,1
11045,2
11046,1
11047,1
11048,2
11049,2
11050,1
11051,2
11052,1
11053,2
11054,1
11055,1
11056,1
11057,2
11058,2
11059,0
11060,2
11061,2
11062,2
11063,1
11064,2
11065,2
11066,1
11067,1
11068,1
11069,1
11070,1
11071,2
11072,0
11073,0
11074,0
11075,1
11076,2
11077,2
11078,1
11079,1
11080,2
11081,2
11082,1
11083,2
11084,2
11085,1
11086,0
11087,2
11088,0
11089,0
11090,1
11091,2
11092,2
11093,2
11094,1
11095,2
11096,2
11097,1
11098,0
11099,2
11100,2
11101,0
11102,2
11103,2
11104,1
11105,2
11106,2
11107,1
11108,1
11109,1
11110,2
11111,2
11112,1
11113,1
11114,1
11115,2
11116,1
11117,2
11118,1
11119,2
11120,2
11121,2
11122,1
11123,2
11124,2
11125,2
11126,0
11127,2
11128,2
11129,1
11130,2
11131,2
11132,2
11133,0
11134,1
11135,2
11136,1
11137,2
11138,0
11139,1
11140,2
11141,2
11142,1
11143,0
11144,2
11145,2
11146,1
11147,1
11148,1
11149,2
11150,2
11151,2
11152,2
11153,1
11154,1
11155,1
11156,2
11157,1
11158,1
11159,2
11160,2
11161,2
11162,0
11163,2
11164,2
11165,2
11166,0
11167,1
11168,2
11169,1
11170,1
11171,2
11172,2
11173,2
11174,1
11175,0
11176,1
11177,1
11178,1
11179,2
11180,0
11181,2
11182,1
11183,0
11184,2
11185,2
11186,2
11187,1
11188,2
11189,0
11190,2
11191,2
11192,2
11193,2
11194,2
11195,2
11196,2
11197,2
11198,2
11199,2
11200,2
11201,2
11202,1
11203,2
11204,1
11205,1
11206,2
11207,1
11208,2
11209,2
11210,1
11211,2
11212,1
11213,2
11214,2
11215,1
11216,0
11217,1
11218,2
11219,2
11220,2
11221,2
11222,2
11223,2
11224,2
11225,1
11226,1
11227,2
11228,2
11229,2
11230,2
11231,2
11232,1
11233,2
11234,2
11235,1
11236,2
11237,1
11238,0
11239,2
11240,2
11241,2
11242,2
11243,1
11244,2
11245,2
11246,2
11247,1
11248,1
11249,1
11250,2
11251,2
11252,2
11253,1
11254,2
11255,1
11256,2
11257,1
11258,2
11259,1
11260,0
11261,1
11262,2
11263,2
11264,1
11265,1
11266,2
11267,1
11268,2
11269,0
11270,1
11271,1
11272,2
11273,1
11274,1
11275,2
11276,1
11277,2
11278,2
11279,2
11280,2
11281,2
11282,2
11283,1
11284,2
11285,1
11286,1
11287,2
11288,2
11289,1
11290,1
11291,0
11292,2
11293,2
11294,1
11295,2
11296,2
11297,2
11298,2
11299,2
11300,1
11301,0
11302,1
11303,2
11304,1
11305,0
11306,1
11307,0
11308,2
11309,2
11310,2
11311,2
11312,1
11313,1
11314,2
11315,0
11316,1
11317,2
11318,2
11319,1
11320,1
11321,2
11322,2
11323,0
11324,1
11325,1
11326,1
11327,1
11328,0
11329,0
11330,1
11331,2
11332,1
11333,1
11334,2
11335,2
11336,2
11337,2
11338,2
11339,2
11340,1
11341,1
11342,2
11343,2
11344,2
11345,2
11346,1
11347,2
11348,1
11349,2
11350,1
11351,2
11352,2
11353,2
11354,2
11355,1
11356,2
11357,2
11358,1
11359,2
11360,0
11361,2
11362,0
11363,2
11364,2
11365,2
11366,2
11367,1
11368,2
11369,2
11370,2
11371,2
11372,0
11373,2
11374,2
11375,2
11376,1
11377,2
11378,0
11379,2
11380,2
11381,2
11382,1
11383,1
11384,2
11385,2
11386,1
11387,2
11388,1
11389,2
11390,0
11391,2
11392,1
11393,0
11394,2
11395,1
11396,2
11397,2
11398,2
11399,1
11400,2
11401,1
11402,2
11403,1
11404,0
11405,2
11406,2
11407,2
11408,0
11409,0
11410,2
11411,2
11412,1
11413,1
11414,2
11415,1
11416,1
11417,1
11418,1
11419,2
11420,0
11421,2
11422,2
11423,1
11424,1
11425,2
11426,2
11427,0
11428,1
11429,2
11430,0
11431,1
11432,1
11433,2
11434,2
11435,2
11436,2
11437,0
11438,2
11439,2
11440,0
11441,2
11442,1
11443,2
11444,2
11445,2
11446,2
11447,2
11448,2
11449,0
11450,2
11451,2
11452,2
11453,1
11454,2
11455,2
11456,0
11457,2
11458,1
11459,1
11460,2
11461,2
11462,2
11463,2
11464,0
11465,0
11466,0
11467,0
11468,2
11469,1
11470,2
11471,1
11472,2
11473,2
11474,2
11475,1
11476,2
11477,1
11478,1
11479,1
11480,2
11481,1
11482,0
11483,1
11484,2
11485,2
11486,0
11487,2
11488,1
11489,0
11490,2
11491,2
11492,2
11493,2
11494,2
11495,0
11496,2
11497,1
11498,2
11499,2
11500,2
11501,1
11502,2
11503,1
11504,2
11505,0
11506,2
11507,2
11508,2
11509,1
11510,0
11511,2
11512,2
11513,2
11514,2
11515,2
11516,0
11517,2
11518,1
11519,1
11520,1
11521,2
11522,1
11523,2
11524,1
11525,1
11526,2
11527,2
11528,2
11529,0
11530,0
11531,1
11532,1
11533,2
11534,2
11535,2
11536,2
11537,2
11538,1
11539,2
11540,0
11541,1
11542,2
11543,1
11544,1
11545,2
11546,1
11547,2
11548,2
11549,2
11550,2
11551,2
11552,2
11553,2
11554,2
11555,2
11556,2
11557,2
11558,2
11559,0
11560,1
11561,0
11562,2
11563,2
11564,2
11565,2
11566,1
11567,2
11568,2
11569,2
11570,0
11571,2
11572,2
11573,2
11574,2
11575,1
11576,1
11577,1
11578,2
11579,2
11580,2
11581,2
11582,2
11583,2
11584,0
11585,2
11586,2
11587,2
11588,1
11589,0
11590,2
11591,2
11592,2
11593,2
11594,0
11595,1
11596,1
11597,2
11598,2
11599,1
11600,0
11601,2
11602,2
11603,2
11604,1
11605,1
11606,0
11607,1
11608,2
11609,2
11610,1
11611,1
11612,1
11613,2
11614,2
11615,2
11616,2
11617,0
11618,2
11619,2
11620,0
11621,2
11622,2
11623,1
11624,2
11625,2
11626,2
11627,0
11628,2
11629,2
11630,1
11631,1
11632,2
11633,2
11634,2
11635,2
11636,0
11637,1
11638,1
11639,2
11640,1
11641,2
11642,1
11643,2
11644,2
11645,2
11646,2
11647,2
11648,2
11649,2
11650,0
11651,2
11652,2
11653,1
11654,2
11655,2
11656,2
11657,2
11658,2
11659,2
11660,2
11661,2
11662,1
11663,2
11664,2
11665,2
11666,1
11667,2
11668,1
11669,1
11670,2
11671,1
11672,2
11673,2
11674,2
11675,2
11676,0
11677,2
11678,0
11679,1
11680,2
11681,2
11682,2
11683,2
11684,2
11685,1
11686,2
11687,2
11688,2
11689,2
11690,2
11691,2
11692,1
11693,2
11694,1
11695,2
11696,1
11697,1
11698,2
11699,2
11700,1
11701,2
11702,0
11703,1
11704,1
11705,2
11706,2
11707,0
11708,1
11709,0
11710,2
11711,1
11712,1
11713,2
11714,1
11715,2
11716,1
11717,2
11718,2
11719,2
11720,1
11721,1
11722,2
11723,0
11724,0
11725,2
11726,2
11727,2
11728,2
11729,0
11730,2
11731,2
11732,2
11733,2
11734,0
11735,2
11736,1
11737,2
11738,2
11739,1
11740,1
11741,2
11742,1
11743,2
11744,1
11745,1
11746,2
11747,2
11748,0
11749,1
11750,2
11751,2
11752,1
11753,2
11754,0
11755,1
11756,2
11757,1
11758,2
11759,0
11760,2
11761,1
11762,2
11763,2
11764,2
11765,2
11766,1
11767,2
11768,1
11769,1
11770,1
11771,2
11772,2
11773,1
11774,0
11775,1
11776,0
11777,2
11778,2
11779,2
11780,1
11781,1
11782,2
11783,2
11784,2
11785,2
11786,2
11787,2
11788,2
11789,2
11790,1
11791,1
11792,0
11793,1
11794,2
11795,2
11796,0
11797,2
11798,2
11799,1
11800,2
11801,1
11802,1
11803,1
11804,2
11805,1
11806,0
11807,1
11808,2
11809,1
11810,1
11811,2
11812,1
11813,0
11814,2
11815,2
11816,1
11817,2
11818,0
11819,2
11820,1
11821,1
11822,2
11823,2
11824,1
11825,2
11826,0
11827,2
11828,2
11829,2
11830,1
11831,1
11832,2
11833,1
11834,2
11835,1
11836,2
11837,1
11838,2
11839,2
11840,1
11841,2
11842,0
11843,2
11844,2
11845,2
11846,2
11847,1
11848,0
11849,2
11850,2
11851,2
11852,2
11853,1
11854,1
11855,2
11856,2
11857,2
11858,2
11859,0
11860,0
11861,2
11862,2
11863,1
11864,1
11865,1
11866,1
11867,2
11868,2
11869,2
11870,1
11871,0
11872,2
11873,1
11874,1
11875,2
11876,1
11877,2
11878,2
11879,2
11880,2
11881,2
11882,2
11883,1
11884,2
11885,2
11886,2
11887,2
11888,2
11889,2
11890,0
11891,0
11892,0
11893,2
11894,1
11895,0
11896,0
11897,2
11898,2
11899,0
11900,1
11901,2
11902,1
11903,2
11904,2
11905,2
11906,1
11907,1
11908,1
11909,1
11910,1
11911,2
11912,0
11913,2
11914,2
11915,1
11916,2
11917,1
11918,2
11919,1
11920,2
11921,2
11922,2
11923,2
11924,2
11925,0
11926,2
11927,2
11928,0
11929,1
11930,2
11931,2
11932,2
11933,1
11934,1
11935,1
11936,2
11937,2
11938,2
11939,1
11940,2
11941,2
11942,1
11943,1
11944,1
11945,2
11946,1
11947,2
11948,2
11949,0
11950,2
11951,1
11952,2
11953,2
11954,2
11955,1
11956,1
11957,2
11958,2
11959,2
11960,1
11961,1
11962,1
11963,0
11964,0
11965,2
11966,2
11967,2
11968,1
11969,2
11970,2
11971,2
11972,2
11973,1
11974,2
11975,2
11976,1
11977,1
11978,2
11979,0
11980,0
11981,2
11982,1
11983,2
11984,0
11985,2
11986,1
11987,2
11988,2
11989,1
11990,2
11991,2
11992,2
11993,0
11994,0
11995,2
11996,1
11997,2
11998,0
11999,2
12000,0
12001,2
12002,0
12003,1
12004,2
12005,1
12006,2
12007,2
12008,2
12009,2
12010,1
12011,2
12012,2
12013,2
12014,1
12015,2
12016,1
12017,1
12018,0
12019,2
12020,2
12021,1
12022,0
12023,2
12024,1
12025,1
12026,1
12027,1
12028,2
12029,1
12030,0
12031,2
12032,2
12033,2
12034,1
12035,2
12036,2
12037,1
12038,2
12039,0
12040,1
12041,2
12042,2
12043,1
12044,2
12045,2
12046,2
12047,2
12048,0
12049,0
12050,2
12051,2
12052,2
12053,2
12054,2
12055,2
12056,2
12057,1
12058,1
12059,2
12060,2
12061,2
12062,2
12063,2
12064,2
12065,2
12066,1
12067,2
12068,1
12069,1
12070,2
12071,1
12072,2
12073,2
12074,2
12075,2
12076,0
12077,2
12078,2
12079,1
12080,2
12081,2
12082,2
12083,1
12084,2
12085,2
12086,2
12087,0
12088,0
12089,1
12090,0
12091,2
12092,0
12093,1
12094,1
12095,2
12096,2
12097,1
12098,2
12099,2
12100,1
12101,2
12102,2
12103,1
12104,2
12105,2
12106,2
12107,0
12108,1
12109,2
12110,2
12111,1
12112,2
12113,2
12114,2
12115,2
12116,1
12117,2
12118,2
12119,2
12120,2
12121,2
12122,2
12123,0
12124,2
12125,2
12126,1
12127,2
12128,1
12129,2
12130,0
12131,2
12132,1
12133,2
12134,0
12135,2
12136,2
12137,2
12138,1
12139,2
12140,2
12141,2
12142,2
12143,1
12144,1
12145,2
12146,1
12147,0
12148,1
12149,2
12150,1
12151,1
12152,2
12153,2
12154,2
12155,1
12156,1
12157,0
12158,2
12159,2
12160,2
12161,2
12162,1
12163,2
12164,2
12165,2
12166,2
12167,1
12168,1
12169,1
12170,2
12171,2
12172,1
12173,2
12174,2
12175,2
12176,2
12177,2
12178,2
12179,1
12180,0
12181,2
12182,2
12183,2
12184,2
12185,0
12186,2
12187,2
12188,2
12189,1
12190,2
12191,2
12192,1
12193,0
12194,2
12195,2
12196,2
12197,2
12198,2
12199,2
12200,1
12201,2
12202,2
12203,2
12204,2
12205,2
12206,1
12207,0
12208,2
12209,1
12210,2
12211,2
12212,0
12213,1
12214,2
12215,1
12216,0
12217,0
12218,2
12219,0
12220,2
12221,2
12222,1
12223,0
12224,1
12225,1
12226,2
12227,2
12228,2
12229,2
12230,1
12231,1
12232,2
12233,2
12234,2
12235,1
12236,2
12237,0
12238,2
12239,2
12240,2
12241,1
12242,2
12243,0
12244,2
12245,0
12246,1
12247,2
12248,2
12249,1
12250,2
12251,2
12252,2
12253,2
12254,2
12255,2
12256,2
12257,1
12258,2
12259,1
12260,0
12261,2
12262,2
12263,0
12264,0
12265,2
12266,0
12267,2
12268,2
12269,2
12270,0
12271,2
12272,1
12273,1
12274,2
12275,1
12276,2
12277,1
12278,2
12279,1
12280,2
12281,2
12282,2
12283,2
12284,0
12285,2
12286,2
12287,2
12288,2
12289,1
12290,2
12291,0
12292,2
12293,2
12294,0
12295,2
12296,2
12297,1
12298,2
12299,2
12300,2
12301,1
12302,2
12303,2
12304,2
12305,2
12306,2
12307,0
12308,1
12309,1
12310,2
12311,0
12312,2
12313,1
12314,2
12315,2
12316,2
12317,1
12318,2
12319,1
12320,2
12321,2
12322,2
12323,2
12324,2
12325,2
12326,0
12327,2
12328,2
12329,2
12330,2
12331,1
12332,2
12333,1
12334,2
12335,2
12336,1
12337,2
12338,2
12339,2
12340,2
12341,2
12342,2
12343,1
12344,2
12345,2
12346,1
12347,1
12348,1
12349,2
12350,2
12351,2
12352,2
12353,1
12354,2
12355,2
12356,2
12357,1
12358,2
12359,1
12360,2
12361,1
12362,1
12363,2
12364,1
12365,1
12366,1
12367,1
12368,2
12369,0
12370,0
12371,1
12372,1
12373,2
12374,2
12375,2
12376,2
12377,1
12378,0
12379,2
12380,2
12381,0
12382,1
12383,2
12384,2
12385,2
12386,2
12387,2
12388,2
12389,0
12390,0
12391,1
12392,1
12393,2
12394,1
12395,2
12396,0
12397,1
12398,1
12399,2
12400,2
12401,2
12402,0
12403,2
12404,2
12405,1
12406,2
12407,2
12408,2
12409,1
12410,1
12411,2
12412,2
12413,2
12414,0
12415,1
12416,2
12417,1
12418,2
12419,2
12420,0
12421,2
12422,2
12423,2
12424,0
12425,0
12426,2
12427,2
12428,1
12429,2
12430,2
12431,2
12432,1
12433,2
12434,2
12435,2
12436,1
12437,0
12438,2
12439,2
12440,1
12441,2
12442,2
12443,1
12444,2
12445,2
12446,1
12447,2
12448,2
12449,2
12450,2
12451,0
12452,2
12453,0
12454,1
12455,0
12456,1
12457,2
12458,2
12459,2
12460,2
12461,2
12462,1
12463,2
12464,1
12465,2
12466,1
12467,2
12468,1
12469,2
12470,2
12471,2
12472,2
12473,2
12474,2
12475,2
12476,0
12477,2
12478,1
12479,2
12480,0
12481,2
12482,0
12483,2
12484,2
12485,1
12486,2
12487,1
12488,2
12489,2
12490,2
12491,2
12492,1
12493,1
12494,2
12495,1
12496,2
12497,2
12498,1
12499,2
12500,0
12501,0
12502,2
12503,2
12504,1
12505,0
12506,0
12507,2
12508,1
12509,0
12510,2
12511,0
12512,2
12513,2
12514,2
12515,2
12516,1
12517,2
12518,1
12519,2
12520,2
12521,2
12522,0
12523,1
12524,2
12525,1
12526,0
12527,2
12528,1
12529,0
12530,1
12531,2
12532,1
12533,2
12534,0
12535,1
12536,2
12537,2
12538,2
12539,1
12540,1
12541,2
12542,0
12543,2
12544,2
12545,1
12546,2
12547,0
12548,1
12549,2
12550,1
12551,2
12552,2
12553,2
12554,1
12555,2
12556,2
12557,0
12558,2
12559,1
12560,1
12561,2
12562,1
12563,1
12564,2
12565,2
12566,2
12567,2
12568,1
12569,2
12570,1
12571,2
12572,2
12573,1
12574,2
12575,2
12576,1
12577,2
12578,0
12579,2
12580,2
12581,2
12582,0
12583,1
12584,0
12585,2
12586,2
12587,1
12588,2
12589,2
12590,2
12591,2
12592,2
12593,2
12594,2
12595,2
12596,2
12597,1
12598,2
12599,2
12600,2
12601,0
12602,2
12603,0
12604,2
12605,0
12606,2
12607,0
12608,0
12609,1
12610,2
12611,2
12612,0
12613,2
12614,2
12615,1
12616,1
12617,1
12618,0
12619,1
12620,1
12621,1
12622,2
12623,1
12624,1
12625,2
12626,2
12627,0
12628,2
12629,2
12630,1
12631,2
12632,0
12633,2
12634,1
12635,1
12636,0
12637,2
12638,0
12639,2
12640,2
12641,2
12642,1
12643,1
12644,1
12645,2
12646,2
12647,1
12648,1
12649,2
12650,1
12651,1
12652,2
12653,0
12654,2
12655,2
12656,1
12657,0
12658,0
12659,2
12660,2
12661,1
12662,2
12663,1
12664,1
12665,1
12666,2
12667,2
12668,2
12669,2
12670,1
12671,2
12672,2
12673,0
12674,0
12675,2
12676,0
12677,0
12678,0
12679,2
12680,2
12681,2
12682,2
12683,2
12684,2
12685,2
12686,2
12687,0
12688,2
12689,2
12690,2
12691,2
12692,2
12693,2
12694,2
12695,2
12696,2
12697,2
12698,2
12699,1
12700,2
12701,1
12702,0
12703,2
12704,2
12705,1
12706,2
12707,2
12708,2
12709,2
12710,2
12711,2
12712,1
12713,1
12714,0
12715,2
12716,2
12717,1
12718,1
12719,0
12720,2
12721,2
12722,2
12723,2
12724,2
12725,2
12726,0
12727,0
12728,2
12729,2
12730,2
12731,0
12732,2
12733,2
12734,1
12735,2
12736,0
12737,2
12738,0
12739,2
12740,1
12741,0
12742,1
12743,2
12744,2
12745,1
12746,1
12747,2
12748,2
12749,1
12750,2
12751,2
12752,2
12753,2
12754,2
12755,1
12756,2
12757,2
12758,2
12759,1
12760,2
12761,1
12762,0
12763,2
12764,1
12765,2
12766,0
12767,2
12768,2
12769,1
12770,1
12771,0
12772,1
12773,0
12774,1
12775,2
12776,1
12777,1
12778,2
12779,2
12780,2
12781,2
12782,0
12783,1
12784,2
12785,0
12786,2
12787,2
12788,2
12789,2
12790,2
12791,1
12792,0
12793,2
12794,2
12795,2
12796,1
12797,2
12798,2
12799,2
12800,2
12801,2
12802,0
12803,1
12804,2
12805,2
12806,0
12807,2
12808,1
12809,2
12810,0
12811,2
12812,1
12813,1
12814,1
12815,2
12816,0
12817,2
12818,1
12819,1
12820,1
12821,2
12822,2
12823,2
12824,1
12825,2
12826,1
12827,2
12828,0
12829,2
12830,1
12831,2
12832,2
12833,1
12834,0
12835,1
12836,1
12837,2
12838,1
12839,2
12840,1
12841,2
12842,0
12843,2
12844,1
12845,2
12846,1
12847,2
12848,0
12849,2
12850,2
12851,2
12852,2
12853,1
12854,2
12855,1
12856,2
12857,2
12858,2
12859,2
12860,2
12861,2
12862,2
12863,0
12864,1
12865,1
12866,0
12867,2
12868,2
12869,2
12870,2
12871,2
12872,2
12873,0
12874,2
12875,2
12876,2
12877,2
12878,0
12879,0
12880,2
12881,1
12882,2
12883,2
12884,1
12885,1
12886,2
12887,1
12888,1
12889,2
12890,0
12891,2
12892,1
12893,2
12894,2
12895,0
12896,2
12897,2
12898,2
12899,2
12900,1
12901,0
12902,1
12903,2
12904,2
12905,2
12906,2
12907,2
12908,2
12909,1
12910,1
12911,2
12912,2
12913,2
12914,0
12915,2
12916,1
12917,2
12918,2
12919,2
12920,2
12921,2
12922,2
12923,2
12924,0
12925,0
12926,2
12927,0
12928,1
12929,1
12930,2
12931,1
12932,2
12933,2
12934,2
12935,2
12936,2
12937,2
12938,1
12939,1
12940,1
12941,1
12942,2
12943,2
12944,1
12945,2
12946,1
12947,2
12948,2
12949,0
12950,1
12951,1
12952,1
12953,2
12954,1
12955,0
12956,1
12957,2
12958,2
12959,2
12960,2
12961,2
12962,2
12963,2
12964,0
12965,1
12966,1
12967,2
12968,2
12969,2
12970,0
12971,2
12972,2
12973,2
12974,2
12975,2
12976,1
12977,2
12978,2
12979,2
12980,2
12981,2
12982,2
12983,2
12984,2
12985,2
12986,2
12987,2
12988,1
12989,2
12990,2
12991,1
12992,0
12993,2
12994,2
12995,1
12996,2
12997,1
12998,2
12999,1
13000,0
13001,1
13002,0
13003,2
13004,2
13005,2
13006,2
13007,2
13008,2
13009,2
13010,2
13011,2
13012,1
13013,1
13014,2
13015,2
13016,2
13017,2
13018,2
13019,2
13020,1
13021,2
13022,2
13023,2
13024,2
13025,1
13026,2
13027,1
13028,2
13029,2
13030,2
13031,2
13032,0
13033,2
13034,2
13035,0
13036,1
13037,2
13038,1
13039,1
13040,2
13041,1
13042,1
13043,1
13044,2
13045,0
13046,1
13047,2
13048,1
13049,2
13050,2
13051,2
13052,2
13053,1
13054,1
13055,2
13056,0
13057,2
13058,2
13059,1
13060,2
13061,0
13062,2
13063,2
13064,2
13065,0
13066,2
13067,2
13068,1
13069,1
13070,1
13071,2
13072,1
13073,0
13074,1
13075,0
13076,1
13077,2
13078,1
13079,2
13080,1
13081,0
13082,1
13083,2
13084,2
13085,2
13086,2
13087,2
13088,0
13089,0
13090,2
13091,0
13092,1
13093,1
13094,2
13095,2
13096,1
13097,2
13098,2
13099,2
13100,2
13101,1
13102,2
13103,2
13104,1
13105,2
13106,2
13107,1
13108,2
13109,0
13110,1
13111,1
13112,2
13113,0
13114,2
13115,2
13116,2
13117,0
13118,2
13119,2
13120,1
13121,2
13122,1
13123,2
13124,1
13125,2
13126,2
13127,0
13128,2
13129,1
13130,2
13131,2
13132,1
13133,2
13134,1
13135,1
13136,1
13137,1
13138,1
13139,2
13140,2
13141,1
13142,1
13143,1
13144,2
13145,2
13146,1
13147,2
13148,2
13149,1
13150,2
13151,2
13152,2
13153,2
13154,2
13155,1
13156,2
13157,0
13158,1
13159,2
13160,1
13161,2
13162,1
13163,2
13164,2
13165,2
13166,2
13167,2
13168,2
13169,0
13170,2
13171,1
13172,1
13173,2
13174,1
13175,2
13176,1
13177,0
13178,1
13179,1
13180,0
13181,2
13182,2
13183,2
13184,2
13185,2
13186,2
13187,2
13188,2
13189,2
13190,2
13191,2
13192,0
13193,2
13194,2
13195,1
13196,1
13197,1
13198,1
13199,2
13200,1
13201,2
13202,2
13203,2
13204,2
13205,0
13206,1
13207,2
13208,1
13209,2
13210,2
13211,2
13212,1
13213,2
13214,2
13215,2
13216,2
13217,2
13218,1
13219,2
13220,1
13221,2
13222,1
13223,2
13224,2
13225,2
13226,2
13227,2
13228,0
13229,2
13230,2
13231,1
13232,2
13233,2
13234,2
13235,2
13236,0
13237,2
13238,2
13239,2
13240,0
13241,2
13242,1
13243,2
13244,2
13245,1
13246,2
13247,2
13248,2
13249,2
13250,2
13251,0
13252,2
13253,2
13254,2
13255,2
13256,0
13257,2
13258,2
13259,2
13260,2
13261,2
13262,2
13263,1
13264,2
13265,2
13266,2
13267,1
13268,2
13269,2
13270,1
13271,0
13272,1
13273,2
13274,1
13275,1
13276,2
13277,2
13278,0
13279,2
13280,1
13281,1
13282,2
13283,2
13284,2
13285,2
13286,1
13287,2
13288,2
13289,1
13290,0
13291,0
13292,1
13293,0
13294,2
13295,2
13296,1
13297,2
13298,2
13299,1
13300,1
13301,2
13302,1
13303,0
13304,1
13305,2
13306,2
13307,1
13308,1
13309,2
13310,2
13311,2
13312,2
13313,2
13314,1
13315,2
13316,1
13317,2
13318,2
13319,2
13320,2
13321,2
13322,2
13323,2
13324,1
13325,2
13326,0
13327,2
13328,1
13329,1
13330,2
13331,1
13332,1
13333,1
13334,2
13335,2
13336,2
13337,1
13338,2
13339,2
13340,2
13341,0
13342,0
13343,2
13344,2
13345,2
13346,1
13347,0
13348,2
13349,1
13350,2
13351,1
13352,0
13353,2
13354,2
13355,1
13356,2
13357,1
13358,2
13359,0
13360,2
13361,1
13362,2
13363,1
13364,2
13365,1
13366,1
13367,2
13368,1
13369,2
13370,2
13371,2
13372,1
13373,2
13374,2
13375,2
13376,0
13377,2
13378,1
13379,2
13380,2
13381,0
13382,2
13383,1
13384,0
13385,1
13386,1
13387,0
13388,1
13389,2
13390,1
13391,2
13392,2
13393,2
13394,0
13395,2
13396,1
13397,2
13398,2
13399,2
13400,2
13401,2
13402,2
13403,1
13404,1
13405,0
13406,2
13407,2
13408,2
13409,2
13410,2
13411,2
13412,1
13413,2
13414,2
13415,0
13416,1
13417,2
13418,2
13419,1
13420,1
13421,2
13422,0
13423,2
13424,1
13425,1
13426,2
13427,0
13428,2
13429,2
13430,2
13431,2
13432,2
13433,2
13434,2
13435,2
13436,2
13437,2
13438,1
13439,1
13440,1
13441,2
13442,2
13443,1
13444,2
13445,2
13446,1
13447,2
13448,2
13449,2
13450,2
13451,2
13452,1
13453,1
13454,1
13455,2
13456,2
13457,0
13458,2
13459,2
13460,2
13461,0
13462,0
13463,2
13464,1
13465,1
13466,2
13467,2
13468,2
13469,2
13470,2
13471,2
13472,2
13473,1
13474,2
13475,2
13476,1
13477,2
13478,1
13479,2
13480,2
13481,2
13482,2
13483,2
13484,2
13485,2
13486,2
13487,1
13488,2
13489,1
13490,0
13491,2
13492,1
13493,2
13494,1
13495,2
13496,2
13497,1
13498,2
13499,0
13500,2
13501,2
13502,2
13503,2
13504,2
13505,1
13506,1
13507,1
13508,2
13509,2
13510,0
13511,2
13512,2
13513,2
13514,1
13515,1
13516,2
13517,0
13518,1
13519,2
13520,1
13521,2
13522,0
13523,1
13524,1
13525,2
13526,2
13527,2
13528,2
13529,2
13530,2
13531,2
13532,0
13533,2
13534,2
13535,1
13536,2
13537,2
13538,2
13539,2
13540,1
13541,2
13542,2
13543,2
13544,2
13545,2
13546,1
13547,1
13548,0
13549,2
13550,1
13551,2
13552,0
13553,2
13554,0
13555,2
13556,2
13557,2
13558,2
13559,1
13560,1
13561,1
13562,2
13563,2
13564,2
13565,2
13566,1
13567,2
13568,0
13569,2
13570,1
13571,2
13572,2
13573,2
13574,0
13575,2
13576,2
13577,1
13578,1
13579,1
13580,1
13581,2
13582,1
13583,2
13584,2
13585,1
13586,2
13587,2
13588,1
13589,2
13590,2
13591,1
13592,2
13593,1
13594,1
13595,1
13596,1
13597,0
13598,0
13599,2
13600,1
13601,2
13602,1
13603,2
13604,2
13605,2
13606,2
13607,2
13608,1
13609,1
13610,2
13611,1
13612,2
13613,2
13614,1
13615,0
13616,1
13617,1
13618,2
13619,2
13620,1
13621,1
13622,1
13623,2
13624,2
13625,2
13626,1
13627,2
13628,2
13629,0
13630,1
13631,2
13632,2
13633,2
13634,2
13635,1
13636,2
13637,2
13638,2
13639,2
13640,2
13641,1
13642,2
13643,2
13644,1
13645,0
13646,1
13647,1
13648,0
13649,2
13650,1
13651,2
13652,0
13653,1
13654,0
13655,2
13656,2
13657,2
13658,1
13659,1
13660,2
13661,1
13662,2
13663,2
13664,2
13665,2
13666,2
13667,2
13668,0
13669,2
13670,1
13671,2
13672,0
13673,0
13674,1
13675,2
13676,2
13677,1
13678,1
13679,2
13680,1
13681,2
13682,1
13683,2
13684,2
13685,2
13686,0
13687,0
13688,2
13689,2
13690,1
13691,2
13692,2
13693,1
13694,1
13695,1
13696,1
13697,0
13698,1
13699,2
13700,1
13701,1
13702,0
13703,1
13704,2
13705,2
13706,1
13707,2
13708,1
13709,1
13710,1
13711,2
13712,2
13713,2
13714,2
13715,1
13716,0
13717,2
13718,1
13719,2
13720,2
13721,1
13722,1
13723,1
13724,2
13725,1
13726,1
13727,2
13728,2
13729,1
13730,2
13731,2
13732,1
13733,2
13734,2
13735,2
13736,2
13737,2
13738,2
13739,1
13740,1
13741,2
13742,2
13743,2
13744,2
13745,2
13746,2
13747,2
13748,1
13749,1
13750,1
13751,1
13752,2
13753,2
13754,2
13755,2
13756,1
13757,2
13758,1
13759,2
13760,2
13761,1
13762,1
13763,1
13764,1
13765,2
13766,0
13767,2
13768,2
13769,2
13770,2
13771,2
13772,1
13773,2
13774,2
13775,1
13776,2
13777,2
13778,2
13779,1
13780,1
13781,0
13782,1
13783,2
13784,0
13785,2
13786,0
13787,2
13788,2
13789,2
13790,2
13791,2
13792,0
13793,2
13794,1
13795,2
13796,1
13797,2
13798,2
13799,0
13800,2
13801,2
13802,2
13803,2
13804,1
13805,1
13806,2
13807,1
13808,1
13809,2
13810,2
13811,2
13812,0
13813,2
13814,2
13815,2
13816,1
13817,2
13818,1
13819,1
13820,2
13821,2
13822,2
13823,2
13824,2
13825,0
13826,1
13827,2
13828,2
13829,2
13830,1
13831,2
13832,2
13833,2
13834,0
13835,0
13836,2
13837,2
13838,1
13839,1
13840,1
13841,2
13842,0
13843,2
13844,2
13845,2
13846,1
13847,2
13848,2
13849,2
13850,1
13851,0
13852,2
13853,1
13854,2
13855,2
13856,0
13857,2
13858,1
13859,0
13860,1
13861,2
13862,1
13863,2
13864,2
13865,2
13866,2
13867,2
13868,0
13869,1
13870,0
13871,2
13872,2
13873,2
13874,2
13875,0
13876,0
13877,2
13878,2
13879,2
13880,2
13881,2
13882,2
13883,1
13884,1
13885,2
13886,2
13887,2
13888,1
13889,2
13890,2
13891,2
13892,2
13893,2
13894,0
13895,2
13896,2
13897,2
13898,2
13899,2
13900,1
13901,2
13902,2
13903,2
13904,2
13905,2
13906,1
13907,1
13908,2
13909,1
13910,2
13911,2
13912,2
13913,1
13914,2
13915,2
13916,1
13917,2
13918,2
13919,1
13920,1
13921,1
13922,2
13923,1
13924,2
13925,2
13926,2
13927,1
13928,1
13929,1
13930,0
13931,2
13932,2
13933,2
13934,0
13935,1
13936,2
13937,2
13938,2
13939,2
13940,2
13941,2
13942,1
13943,0
13944,0
13945,2
13946,2
13947,2
13948,2
13949,2
13950,2
13951,0
13952,2
13953,2
13954,2
13955,2
13956,0
13957,1
13958,1
13959,2
13960,2
13961,2
13962,2
13963,0
13964,0
13965,2
13966,2
13967,1
13968,2
13969,2
13970,2
13971,2
13972,1
13973,2
13974,1
13975,2
13976,2
13977,0
13978,2
13979,2
13980,1
13981,0
13982,2
13983,2
13984,2
13985,2
13986,0
13987,2
13988,2
13989,1
13990,2
13991,1
13992,1
13993,1
13994,1
13995,1
13996,2
13997,2
13998,2
13999,1
14000,2
14001,2
14002,2
14003,0
14004,1
14005,2
14006,1
14007,2
14008,2
14009,2
14010,1
14011,2
14012,2
14013,0
14014,1
14015,2
14016,1
14017,1
14018,0
14019,2
14020,2
14021,0
14022,2
14023,1
14024,0
14025,2
14026,1
14027,2
14028,2
14029,1
14030,2
14031,1
14032,0
14033,1
14034,2
14035,0
14036,1
14037,0
14038,2
14039,2
14040,2
14041,0
14042,2
14043,2
14044,2
14045,2
14046,2
14047,2
14048,1
14049,1
14050,1
14051,1
14052,2
14053,2
14054,2
14055,2
14056,1
14057,1
14058,0
14059,0
14060,0
14061,1
14062,0
14063,0
14064,2
14065,0
14066,1
14067,2
14068,2
14069,2
14070,2
14071,2
14072,2
14073,0
14074,1
14075,1
14076,2
14077,1
14078,2
14079,2
14080,0
14081,0
14082,0
14083,0
14084,2
14085,2
14086,2
14087,2
14088,1
14089,2
14090,2
14091,2
14092,2
14093,2
14094,0
14095,2
14096,2
14097,1
14098,2
14099,2
14100,2
14101,2
14102,1
14103,2
14104,2
14105,1
14106,0
14107,1
14108,0
14109,2
14110,2
14111,2
14112,1
14113,0
14114,2
14115,2
14116,2
14117,2
14118,2
14119,2
14120,1
14121,1
14122,1
14123,0
14124,2
14125,1
14126,2
14127,2
14128,0
14129,0
14130,1
14131,2
14132,2
14133,2
14134,2
14135,2
14136,2
14137,2
14138,2
14139,2
14140,2
14141,1
14142,0
14143,0
14144,0
14145,2
14146,2
14147,2
14148,2
14149,2
14150,2
14151,2
14152,0
14153,1
14154,2
14155,1
14156,2
14157,2
14158,2
14159,1
14160,2
14161,2
14162,2
14163,2
14164,2
14165,0
14166,1
14167,2
14168,0
14169,2
14170,2
14171,1
14172,0
14173,2
14174,2
14175,0
14176,2
14177,2
14178,1
14179,0
14180,2
14181,2
14182,2
14183,2
14184,1
14185,2
14186,0
14187,2
14188,2
14189,2
14190,2
14191,2
14192,2
14193,2
14194,2
14195,0
14196,1
14197,2
14198,2
14199,2
14200,0
14201,2
14202,2
14203,2
14204,2
14205,1
14206,0
14207,1
14208,1
14209,2
14210,1
14211,2
14212,2
14213,1
14214,1
14215,2
14216,2
14217,2
14218,2
14219,2
14220,2
14221,1
14222,2
14223,1
14224,2
14225,2
14226,0
14227,1
14228,2
14229,2
14230,2
14231,0
14232,2
14233,1
14234,2
14235,1
14236,2
14237,2
14238,2
14239,0
14240,2
14241,2
14242,2
14243,0
14244,1
14245,2
14246,1
14247,1
14248,2
14249,2
14250,1
14251,2
14252,1
14253,2
14254,2
14255,2
14256,2
14257,2
14258,1
14259,2
14260,2
14261,1
14262,1
14263,0
14264,2
14265,1
14266,1
14267,1
14268,1
14269,2
14270,0
14271,2
14272,0
14273,1
14274,0
14275,1
14276,2
14277,2
14278,2
14279,2
14280,2
14281,2
14282,1
14283,2
14284,0
14285,2
14286,1
14287,1
14288,2
14289,1
14290,1
14291,1
14292,2
14293,2
14294,2
14295,2
14296,2
14297,2
14298,2
14299,1
14300,2
14301,1
14302,2
14303,1
14304,2
14305,0
14306,2
14307,2
14308,2
14309,2
14310,0
14311,1
14312,1
14313,2
14314,1
14315,0
14316,2
14317,1
14318,2
14319,1
14320,1
14321,1
14322,1
14323,2
14324,1
14325,0
14326,1
14327,2
14328,2
14329,1
14330,1
14331,2
14332,2
14333,0
14334,2
14335,0
14336,2
14337,1
14338,2
14339,2
14340,1
14341,0
14342,2
14343,2
14344,0
14345,2
14346,0
14347,2
14348,2
14349,2
14350,1
14351,2
14352,2
14353,1
14354,1
14355,1
14356,0
14357,1
14358,2
14359,2
14360,2
14361,2
14362,2
14363,2
14364,2
14365,0
14366,1
14367,1
14368,2
14369,2
14370,1
14371,2
14372,1
14373,1
14374,2
14375,2
14376,1
14377,2
14378,2
14379,0
14380,2
14381,2
14382,1
14383,2
14384,2
14385,2
14386,2
14387,2
14388,2
14389,2
14390,2
14391,0
14392,2
14393,2
14394,1
14395,2
14396,2
14397,2
14398,1
14399,0
14400,2
14401,1
14402,2
14403,1
14404,0
14405,2
14406,2
14407,2
14408,2
14409,2
14410,1
14411,1
14412,0
14413,2
14414,2
14415,2
14416,2
14417,2
14418,0
14419,2
14420,1
14421,2
14422,2
14423,2
14424,2
14425,2
14426,2
14427,2
14428,2
14429,2
14430,1
14431,2
14432,2
14433,2
14434,1
14435,1
14436,1
14437,1
14438,2
14439,1
14440,1
14441,2
14442,2
14443,1
14444,2
14445,2
14446,1
14447,2
14448,2
14449,2
14450,1
14451,2
14452,2
14453,1
14454,0
14455,0
14456,2
14457,0
14458,2
14459,1
14460,1
14461,0
14462,1
14463,2
14464,2
14465,2
14466,2
14467,2
14468,2
14469,1
14470,2
14471,2
14472,2
14473,2
14474,1
14475,2
14476,0
14477,0
14478,2
14479,2
14480,1
14481,1
14482,2
14483,2
14484,2
14485,1
14486,2
14487,2
14488,2
14489,2
14490,2
14491,1
14492,2
14493,0
14494,2
14495,1
14496,2
14497,1
14498,2
14499,0
14500,2
14501,1
14502,1
14503,2
14504,2
14505,1
14506,1
14507,2
14508,2
14509,0
14510,2
14511,0
14512,2
14513,1
14514,2
14515,1
14516,1
14517,1
14518,2
14519,0
14520,2
14521,1
14522,1
14523,2
14524,2
14525,2
14526,2
14527,2
14528,0
14529,0
14530,1
14531,1
14532,1
14533,2
14534,2
14535,1
14536,2
14537,1
14538,1
14539,2
14540,2
14541,2
14542,2
14543,1
14544,1
14545,1
14546,2
14547,1
14548,1
14549,2
14550,2
14551,1
14552,0
14553,2
14554,2
14555,1
14556,2
14557,2
14558,1
14559,1
14560,2
14561,2
14562,2
14563,2
14564,1
14565,2
14566,2
14567,2
14568,1
14569,2
14570,2
14571,2
14572,2
14573,2
14574,1
14575,2
14576,2
14577,2
14578,0
14579,2
14580,2
14581,1
14582,1
14583,2
14584,1
14585,2
14586,2
14587,1
14588,2
14589,1
14590,0
14591,1
14592,1
14593,1
14594,2
14595,2
14596,1
14597,0
14598,1
14599,2
14600,2
14601,1
14602,2
14603,1
14604,2
14605,2
14606,2
14607,0
14608,1
14609,0
14610,2
14611,2
14612,1
14613,2
14614,2
14615,0
14616,1
14617,2
14618,2
14619,2
14620,0
14621,1
14622,2
14623,0
14624,2
14625,1
14626,2
14627,2
14628,1
14629,2
14630,2
14631,0
14632,2
14633,1
14634,2
14635,2
14636,1
14637,2
14638,2
14639,0
14640,1
14641,2
14642,1
14643,2
14644,2
14645,0
14646,1
14647,0
14648,2
14649,2
14650,1
14651,2
14652,2
14653,1
14654,2
14655,1
14656,2
14657,1
14658,2
14659,1
14660,2
14661,2
14662,1
14663,0
14664,2
14665,2
14666,0
14667,2
14668,2
14669,0
14670,2
14671,0
14672,1
14673,0
14674,1
14675,2
14676,1
14677,1
14678,1
14679,2
14680,2
14681,2
14682,1
14683,1
14684,2
14685,2
14686,2
14687,2
14688,0
14689,1
14690,2
14691,1
14692,2
14693,1
14694,0
14695,1
14696,1
14697,2
14698,2
14699,2
14700,2
14701,2
14702,2
14703,2
14704,0
14705,0
14706,1
14707,1
14708,1
14709,0
14710,2
14711,1
14712,2
14713,2
14714,1
14715,1
14716,2
14717,2
14718,0
14719,1
14720,2
14721,2
14722,0
14723,2
14724,1
14725,2
14726,1
14727,1
14728,0
14729,0
14730,0
14731,2
14732,2
14733,1
14734,2
14735,2
14736,2
14737,2
14738,2
14739,2
14740,2
14741,2
14742,1
14743,2
14744,1
14745,1
14746,2
14747,1
14748,0
14749,1
14750,2
14751,2
14752,2
14753,2
14754,2
14755,2
14756,1
14757,1
14758,1
14759,2
14760,1
14761,1
14762,1
14763,0
14764,2
14765,2
14766,2
14767,1
14768,1
14769,2
14770,0
14771,2
14772,0
14773,2
14774,2
14775,2
14776,1
14777,1
14778,2
14779,2
14780,2
14781,2
14782,0
14783,1
14784,2
14785,0
14786,2
14787,2
14788,1
14789,1
14790,0
14791,2
14792,2
14793,2
14794,2
14795,1
14796,2
14797,1
14798,2
14799,2
14800,2
14801,2
14802,0
14803,1
14804,1
14805,1
14806,0
14807,1
14808,1
14809,1
14810,2
14811,1
14812,2
14813,2
14814,2
14815,0
14816,1
14817,1
14818,2
14819,2
14820,2
14821,1
14822,2
14823,2
14824,2
14825,2
14826,2
14827,0
14828,2
14829,1
14830,1
14831,2
14832,1
14833,0
14834,2
14835,0
14836,1
14837,0
14838,1
14839,2
14840,1
14841,2
14842,0
14843,0
14844,1
14845,1
14846,2
14847,2
14848,1
14849,0
14850,1
14851,0
14852,2
14853,2
14854,2
14855,2
14856,0
14857,2
14858,1
14859,2
14860,0
14861,2
14862,2
14863,2
14864,2
14865,1
14866,2
14867,0
14868,0
14869,2
14870,2
14871,2
14872,2
14873,2
14874,2
14875,0
14876,2
14877,2
14878,2
14879,2
14880,2
14881,2
14882,2
14883,2
14884,2
14885,2
14886,2
14887,0
14888,1
14889,2
14890,0
14891,2
14892,1
14893,2
14894,2
14895,2
14896,2
14897,2
14898,2
14899,0
14900,1
14901,0
14902,0
14903,2
14904,2
14905,1
14906,2
14907,2
14908,0
14909,2
14910,2
14911,2
14912,2
14913,1
14914,2
14915,2
14916,2
14917,2
14918,0
14919,2
14920,2
14921,2
14922,2
14923,2
14924,1
14925,2
14926,0
14927,2
14928,1
14929,0
14930,1
14931,2
14932,1
14933,2
14934,2
14935,2
14936,2
14937,1
14938,1
14939,2
14940,2
14941,2
14942,2
14943,1
14944,2
14945,0
14946,2
14947,1
14948,2
14949,1
14950,0
14951,2
14952,1
14953,2
14954,2
14955,1
14956,0
14957,1
14958,2
14959,2
14960,2
14961,0
14962,2
14963,0
14964,2
14965,2
14966,1
14967,2
14968,2
14969,1
14970,2
14971,2
14972,0
14973,0
14974,2
14975,2
14976,2
14977,0
14978,2
14979,2
14980,1
14981,0
14982,1
14983,2
14984,0
14985,2
14986,2
14987,2
14988,0
14989,2
14990,1
14991,1
14992,2
14993,2
14994,1
14995,1
14996,2
14997,2
14998,1
14999,0
15000,2
15001,2
15002,2
15003,1
15004,2
15005,2
15006,2
15007,2
15008,1
15009,1
15010,0
15011,2
15012,2
15013,1
15014,2
15015,2
15016,0
15017,2
15018,2
15019,1
15020,2
15021,2
15022,2
15023,2
15024,2
15025,2
15026,2
15027,2
15028,1
15029,2
15030,2
15031,1
15032,1
15033,2
15034,0
15035,1
15036,2
15037,1
15038,0
15039,1
15040,2
15041,2
15042,0
15043,0
15044,2
15045,1
15046,2
15047,2
15048,2
15049,2
15050,1
15051,0
15052,2
15053,1
15054,1
15055,2
15056,2
15057,2
15058,2
15059,2
15060,1
15061,2
15062,2
15063,2
15064,2
15065,2
15066,2
15067,1
15068,2
15069,1
15070,0
15071,0
15072,1
15073,1
15074,1
15075,2
15076,2
15077,2
15078,2
15079,2
15080,2
15081,2
15082,1
15083,1
15084,2
15085,2
15086,0
15087,1
15088,1
15089,1
15090,2
15091,2
15092,2
15093,0
15094,1
15095,2
15096,1
15097,2
15098,2
15099,2
15100,2
15101,0
15102,1
15103,2
15104,2
15105,2
15106,2
15107,2
15108,1
15109,2
15110,1
15111,2
15112,2
15113,2
15114,1
15115,2
15116,2
15117,2
15118,2
15119,2
15120,0
15121,0
15122,1
15123,2
15124,2
15125,2
15126,2
15127,2
15128,2
15129,2
15130,2
15131,1
15132,2
15133,2
15134,0
15135,0
15136,1
15137,0
15138,2
15139,2
15140,0
15141,2
15142,2
15143,2
15144,2
15145,2
15146,2
15147,0
15148,2
15149,1
15150,2
15151,0
15152,0
15153,2
15154,1
15155,2
15156,1
15157,1
15158,2
15159,2
15160,2
15161,2
15162,2
15163,2
15164,2
15165,1
15166,1
15167,1
15168,1
15169,2
15170,2
15171,1
15172,2
15173,2
15174,2
15175,0
15176,2
15177,1
15178,1
15179,2
15180,2
15181,0
15182,2
15183,1
15184,2
15185,1
15186,1
15187,0
15188,2
15189,2
15190,2
15191,1
15192,0
15193,2
15194,1
15195,1
15196,1
15197,0
15198,2
15199,1
15200,0
15201,2
15202,0
15203,2
15204,0
15205,2
15206,1
15207,2
15208,1
15209,2
15210,1
15211,2
15212,0
15213,2
15214,2
15215,2
15216,2
15217,1
15218,2
15219,2
15220,2
15221,1
15222,0
15223,2
15224,2
15225,1
15226,1
15227,0
15228,2
15229,0
15230,2
15231,2
15232,1
15233,2
15234,0
15235,2
15236,2
15237,1
15238,2
15239,2
15240,2
15241,1
15242,2
15243,2
15244,0
15245,2
15246,2
15247,1
15248,1
15249,1
15250,0
15251,1
15252,0
15253,2
15254,1
15255,2
15256,2
15257,2
15258,1
15259,2
15260,1
15261,2
15262,0
15263,1
15264,2
15265,2
15266,2
15267,1
15268,2
15269,0
15270,1
15271,1
15272,2
15273,2
15274,2
15275,2
15276,0
15277,2
15278,2
15279,2
15280,1
15281,0
15282,2
15283,2
15284,2
15285,2
15286,2
15287,1
15288,0
15289,2
15290,1
15291,1
15292,2
15293,0
15294,1
15295,2
15296,0
15297,2
15298,0
15299,2
15300,2
15301,2
15302,2
15303,2
15304,2
15305,2
15306,0
15307,1
15308,2
15309,2
15310,1
15311,2
15312,2
15313,2
15314,2
15315,1
15316,2
15317,2
15318,2
15319,0
15320,0
15321,1
15322,0
15323,2
15324,2
15325,2
15326,2
15327,2
15328,0
15329,2
15330,0
15331,1
15332,1
15333,2
15334,1
15335,2
15336,2
15337,2
15338,2
15339,2
15340,2
15341,1
15342,1
15343,1
15344,0
15345,1
15346,2
15347,2
15348,2
15349,2
15350,1
15351,1
15352,2
15353,1
15354,2
15355,2
15356,2
15357,2
15358,2
15359,2
15360,2
15361,0
15362,1
15363,1
15364,1
15365,1
15366,2
15367,1
15368,2
15369,2
15370,0
15371,2
15372,2
15373,1
15374,2
15375,1
15376,2
15377,0
15378,2
15379,2
15380,1
15381,2
15382,2
15383,1
15384,1
15385,2
15386,0
15387,1
15388,2
15389,1
15390,1
15391,0
15392,2
15393,2
15394,2
15395,1
15396,1
15397,1
15398,0
15399,2
15400,1
15401,2
15402,0
15403,2
15404,0
15405,0
15406,2
15407,1
15408,2
15409,1
15410,2
15411,1
15412,2
15413,2
15414,2
15415,2
15416,1
15417,2
15418,2
15419,2
15420,2
15421,2
15422,1
15423,1
15424,0
15425,1
15426,2
15427,1
15428,2
15429,0
15430,2
15431,2
15432,0
15433,2
15434,1
15435,0
15436,1
15437,1
15438,2
15439,2
15440,2
15441,1
15442,0
15443,2
15444,2
15445,2
15446,2
15447,2
15448,2
15449,1
15450,2
15451,2
15452,2
15453,2
15454,1
15455,2
15456,2
15457,1
15458,2
15459,2
15460,0
15461,2
15462,2
15463,1
15464,1
15465,1
15466,2
15467,2
15468,0
15469,2
15470,1
15471,2
15472,2
15473,2
15474,2
15475,1
15476,2
15477,1
15478,2
15479,1
15480,2
15481,2
15482,2
15483,0
15484,1
15485,0
15486,1
15487,2
15488,1
15489,1
15490,2
15491,1
15492,1
15493,0
15494,2
15495,2
15496,2
15497,0
15498,0
15499,1
15500,2
15501,2
15502,1
15503,2
15504,1
15505,2
15506,2
15507,2
15508,2
15509,2
15510,2
15511,1
15512,2
15513,1
15514,2
15515,1
15516,0
15517,2
15518,0
15519,2
15520,1
15521,2
15522,2
15523,0
15524,1
15525,2
15526,0
15527,2
15528,0
15529,2
15530,2
15531,1
15532,2
15533,2
15534,1
15535,0
15536,2
15537,2
15538,2
15539,2
15540,1
15541,1
15542,0
15543,1
15544,1
15545,1
15546,2
15547,0
15548,2
15549,2
15550,2
15551,2
15552,2
15553,1
15554,2
15555,1
15556,0
15557,1
15558,2
15559,2
15560,2
15561,0
15562,2
15563,2
15564,0
15565,2
15566,2
15567,2
15568,1
15569,2
15570,2
15571,2
15572,1
15573,0
15574,2
15575,0
15576,0
15577,2
15578,0
15579,2
15580,1
15581,1
15582,2
15583,0
15584,2
15585,2
15586,2
15587,2
15588,0
15589,1
15590,1
15591,2
15592,1
15593,2
15594,2
15595,2
15596,2
15597,2
15598,2
15599,0
15600,2
15601,2
15602,1
15603,2
15604,1
15605,2
15606,2
15607,1
15608,1
15609,2
15610,2
15611,2
15612,2
15613,1
15614,2
15615,1
15616,2
15617,2
15618,1
15619,0
15620,0
15621,2
15622,2
15623,0
15624,2
15625,2
15626,1
15627,2
15628,2
15629,1
15630,2
15631,2
15632,1
15633,2
15634,2
15635,2
15636,0
15637,0
15638,2
15639,1
15640,2
15641,2
15642,2
15643,2
15644,2
15645,0
15646,0
15647,2
15648,0
15649,0
15650,1
15651,1
15652,2
15653,2
15654,1
15655,2
15656,2
15657,1
15658,2
15659,2
15660,0
15661,0
15662,0
15663,2
15664,0
15665,2
15666,2
15667,2
15668,2
15669,0
15670,0
15671,2
15672,2
15673,2
15674,2
15675,0
15676,2
15677,2
15678,0
15679,2
15680,2
15681,2
15682,2
15683,1
15684,0
15685,1
15686,1
15687,2
15688,2
15689,0
15690,2
15691,2
15692,2
15693,2
15694,0
15695,1
15696,2
15697,2
15698,1
15699,2
15700,2
15701,0
15702,0
15703,2
15704,2
15705,2
15706,2
15707,2
15708,1
15709,2
15710,2
15711,2
15712,2
15713,2
15714,1
15715,1
15716,2
15717,1
15718,1
15719,1
15720,2
15721,2
15722,2
15723,0
15724,0
15725,1
15726,1
15727,0
15728,2
15729,2
15730,1
15731,2
15732,2
15733,2
15734,0
15735,0
15736,2
15737,2
15738,1
15739,2
15740,2
15741,2
15742,2
15743,2
15744,2
15745,2
15746,2
15747,2
15748,1
15749,2
15750,2
15751,2
15752,2
15753,2
15754,2
15755,1
15756,1
15757,2
15758,1
15759,0
15760,1
15761,2
15762,0
15763,0
15764,1
15765,0
15766,2
15767,1
15768,2
15769,2
15770,2
15771,1
15772,1
15773,1
15774,1
15775,1
15776,2
15777,1
15778,0
15779,1
15780,2
15781,2
15782,2
15783,0
15784,2
15785,2
15786,1
15787,1
15788,2
15789,2
15790,2
15791,2
15792,2
15793,1
15794,1
15795,1
15796,2
15797,2
15798,1
15799,1
15800,1
15801,2
15802,0
15803,2
15804,2
15805,1
15806,2
15807,2
15808,0
15809,2
15810,1
15811,2
15812,2
15813,2
15814,1
15815,2
15816,0
15817,2
15818,2
15819,1
15820,1
15821,2
15822,1
15823,0
15824,1
15825,2
15826,0
15827,2
15828,1
15829,1
15830,2
15831,2
15832,2
15833,1
15834,2
15835,0
15836,0
15837,1
15838,0
15839,2
15840,0
15841,2
15842,2
15843,2
15844,1
15845,2
15846,0
15847,2
15848,2
15849,0
15850,0
15851,0
15852,0
15853,1
15854,1
15855,2
15856,2
15857,2
15858,2
15859,2
15860,2
15861,2
15862,1
15863,2
15864,2
15865,2
15866,2
15867,1
15868,1
15869,2
15870,2
15871,2
15872,2
15873,0
15874,2
15875,0
15876,1
15877,2
15878,1
15879,1
15880,0
15881,1
15882,2
15883,2
15884,2
15885,0
15886,2
15887,0
15888,1
15889,0
15890,1
15891,2
15892,2
15893,0
15894,1
15895,0
15896,1
15897,2
15898,1
15899,2
15900,2
15901,1
15902,2
15903,0
15904,2
15905,2
15906,0
15907,2
15908,2
15909,1
15910,1
15911,2
15912,1
15913,0
15914,2
15915,1
15916,1
15917,2
15918,2
15919,2
15920,2
15921,2
15922,2
15923,0
15924,2
15925,2
15926,1
15927,1
15928,2
15929,2
15930,0
15931,1
15932,1
15933,2
15934,0
15935,1
15936,2
15937,1
15938,2
15939,0
15940,2
15941,2
15942,2
15943,2
15944,2
15945,2
15946,2
15947,2
15948,2
15949,2
15950,2
15951,2
15952,2
15953,1
15954,2
15955,2
15956,2
15957,1
15958,1
15959,2
15960,1
15961,2
15962,1
15963,1
15964,2
15965,2
15966,1
15967,2
15968,2
15969,0
15970,2
15971,2
15972,2
15973,2
15974,1
15975,2
15976,2
15977,2
15978,2
15979,1
15980,1
15981,2
15982,2
15983,1
15984,2
15985,0
15986,1
15987,0
15988,0
15989,1
15990,1
15991,0
15992,2
15993,2
15994,0
15995,1
15996,2
15997,2
15998,1
15999,1
16000,0
16001,1
16002,1
16003,0
16004,2
16005,2
16006,1
16007,2
16008,2
16009,1
16010,2
16011,2
16012,2
16013,2
16014,2
16015,2
16016,1
16017,1
16018,1
16019,0
16020,2
16021,0
16022,2
16023,1
16024,1
16025,2
16026,1
16027,1
16028,1
16029,2
16030,2
16031,0
16032,2
16033,2
16034,2
16035,0
16036,1
16037,2
16038,2
16039,1
16040,1
16041,2
16042,1
16043,2
16044,1
16045,1
16046,1
16047,2
16048,1
16049,1
16050,2
16051,1
16052,2
16053,1
16054,2
16055,1
16056,0
16057,2
16058,2
16059,1
16060,0
16061,2
16062,2
16063,2
16064,2
16065,2
16066,1
16067,1
16068,2
16069,2
16070,1
16071,0
16072,2
16073,2
16074,1
16075,0
16076,2
16077,1
16078,2
16079,1
16080,2
16081,1
16082,0
16083,2
16084,1
16085,2
16086,2
16087,0
16088,1
16089,2
16090,2
16091,2
16092,2
16093,2
16094,2
16095,2
16096,2
16097,0
16098,1
16099,1
16100,1
16101,2
16102,0
16103,2
16104,2
16105,2
16106,2
16107,2
16108,1
16109,0
16110,2
16111,1
16112,2
16113,1
16114,2
16115,2
16116,1
16117,1
16118,2
16119,2
16120,1
16121,2
16122,2
16123,2
16124,2
16125,2
16126,1
16127,1
16128,2
16129,2
16130,2
16131,0
16132,2
16133,1
16134,2
16135,2
16136,1
16137,2
16138,2
16139,0
16140,2
16141,0
16142,2
16143,2
16144,1
16145,0
16146,0
16147,1
16148,1
16149,2
16150,2
16151,2
16152,2
16153,1
16154,2
16155,2
16156,2
16157,2
16158,1
16159,2
16160,2
16161,1
16162,0
16163,2
16164,1
16165,2
16166,2
16167,2
16168,2
16169,1
16170,2
16171,2
16172,1
16173,2
16174,0
16175,1
16176,1
16177,1
16178,2
16179,1
16180,2
16181,2
16182,2
16183,1
16184,2
16185,0
16186,0
16187,2
16188,1
16189,1
16190,1
16191,0
16192,2
16193,2
16194,2
16195,2
16196,2
16197,1
16198,2
16199,2
16200,2
16201,2
16202,1
16203,1
16204,1
16205,2
16206,0
16207,2
16208,1
16209,2
16210,2
16211,2
16212,2
16213,0
16214,2
16215,2
16216,0
16217,2
16218,1
16219,2
16220,1
16221,2
16222,1
16223,0
16224,2
16225,1
16226,2
16227,2
16228,2
16229,2
16230,2
16231,0
16232,1
16233,1
16234,0
16235,2
16236,2
16237,0
16238,0
16239,1
16240,1
16241,1
16242,2
16243,2
16244,2
16245,2
16246,0
16247,2
16248,2
16249,2
16250,2
16251,2
16252,2
16253,2
16254,2
16255,0
16256,2
16257,2
16258,2
16259,2
16260,2
16261,1
16262,2
16263,2
16264,1
16265,2
16266,2
16267,2
16268,0
16269,2
16270,0
16271,2
16272,0
16273,1
16274,2
16275,2
16276,1
16277,0
16278,2
16279,1
16280,1
16281,2
16282,1
16283,0
16284,1
16285,0
16286,1
16287,2
16288,2
16289,1
16290,2
16291,1
16292,0
16293,2
16294,2
16295,0
16296,1
16297,2
16298,1
16299,0
16300,2
16301,1
16302,1
16303,2
16304,2
16305,1
16306,2
16307,1
16308,2
16309,2
16310,1
16311,2
16312,2
16313,2
16314,0
16315,2
16316,2
16317,2
16318,2
16319,2
16320,1
16321,2
16322,0
16323,1
16324,1
16325,2
16326,0
16327,2
16328,0
16329,2
16330,2
16331,1
16332,1
16333,2
16334,2
16335,2
16336,2
16337,2
16338,2
16339,0
16340,2
16341,1
16342,2
16343,2
16344,2
16345,1
16346,0
16347,2
16348,1
16349,1
16350,2
16351,0
16352,2
16353,2
16354,2
16355,1
16356,2
16357,1
16358,2
16359,2
16360,2
16361,1
16362,1
16363,1
16364,1
16365,0
16366,2
16367,1
16368,0
16369,2
16370,1
16371,2
16372,2
16373,2
16374,1
16375,2
16376,0
16377,1
16378,2
16379,1
16380,2
16381,2
16382,2
16383,1
16384,2
16385,0
16386,1
16387,1
16388,2
16389,2
16390,2
16391,2
16392,2
16393,1
16394,2
16395,2
16396,2
16397,2
16398,1
16399,1
16400,2
16401,0
16402,2
16403,2
16404,1
16405,1
16406,2
16407,2
16408,1
16409,2
16410,2
16411,1
16412,2
16413,2
16414,2
16415,2
16416,1
16417,2
16418,2
16419,2
16420,2
16421,1
16422,2
16423,2
16424,2
16425,2
16426,2
16427,2
16428,2
16429,2
16430,0
16431,2
16432,1
16433,0
16434,2
16435,1
16436,1
16437,1
16438,1
16439,1
16440,1
16441,2
16442,2
16443,2
16444,2
16445,2
16446,1
16447,2
16448,1
16449,2
16450,0
16451,2
16452,0
16453,1
16454,1
16455,2
16456,2
16457,0
16458,1
16459,0
16460,1
16461,2
16462,1
16463,1
16464,2
16465,2
16466,2
16467,2
16468,1
16469,1
16470,2
16471,2
16472,0
16473,0
16474,1
16475,1
16476,2
16477,1
16478,2
16479,2
16480,2
16481,2
16482,2
16483,2
16484,1
16485,2
16486,2
16487,2
16488,2
16489,0
16490,2
16491,2
16492,1
16493,2
16494,2
16495,2
16496,2
16497,2
16498,2
16499,2
16500,0
16501,2
16502,1
16503,1
16504,1
16505,2
16506,1
16507,2
16508,2
16509,2
16510,2
16511,1
16512,2
16513,1
16514,0
16515,2
16516,2
16517,1
16518,1
16519,1
16520,2
16521,0
16522,2
16523,1
16524,2
16525,2
16526,2
16527,2
16528,0
16529,1
16530,1
16531,0
16532,2
16533,0
16534,1
16535,1
16536,2
16537,1
16538,0
16539,1
16540,2
16541,1
16542,2
16543,1
16544,2
16545,2
16546,1
16547,2
16548,1
16549,0
16550,2
16551,2
16552,2
16553,0
16554,2
16555,2
16556,2
16557,2
16558,2
16559,0
16560,1
16561,2
16562,1
16563,2
16564,2
16565,2
16566,1
16567,2
16568,2
16569,2
16570,1
16571,2
16572,1
16573,2
16574,0
16575,1
16576,1
16577,2
16578,0
16579,2
16580,2
16581,2
16582,2
16583,2
16584,2
16585,2
16586,1
16587,1
16588,1
16589,1
16590,1
16591,2
16592,2
16593,2
16594,1
16595,2
16596,0
16597,2
16598,2
16599,2
16600,2
16601,0
16602,1
16603,1
16604,2
16605,2
16606,1
16607,2
16608,1
16609,2
16610,0
16611,2
16612,2
16613,1
16614,1
16615,2
16616,1
16617,2
16618,1
16619,2
16620,1
16621,1
16622,0
16623,0
16624,2
16625,2
16626,1
16627,1
16628,2
16629,1
16630,2
16631,2
16632,2
16633,2
16634,1
16635,0
16636,2
16637,2
16638,1
16639,1
16640,2
16641,1
16642,2
16643,2
16644,1
16645,2
16646,2
16647,0
16648,1
16649,2
16650,2
16651,1
16652,1
16653,1
16654,0
16655,1
16656,2
16657,1
16658,1
16659,2
16660,1
16661,2
16662,2
16663,2
16664,0
16665,2
16666,1
16667,2
16668,2
16669,0
16670,2
16671,2
16672,2
16673,0
16674,1
16675,0
16676,2
16677,2
16678,2
16679,1
16680,1
16681,2
16682,2
16683,2
16684,0
16685,1
16686,1
16687,2
16688,1
16689,2
16690,2
16691,1
16692,1
16693,1
16694,1
16695,2
16696,1
16697,2
16698,1
16699,2
16700,0
16701,2
16702,0
16703,2
16704,2
16705,2
16706,0
16707,1
16708,1
16709,2
16710,0
16711,2
16712,2
16713,2
16714,2
16715,1
16716,0
16717,2
16718,2
16719,1
16720,2
16721,1
16722,1
16723,2
16724,2
16725,0
16726,2
16727,2
16728,2
16729,0
16730,1
16731,1
16732,2
16733,1
16734,0
16735,2
16736,2
16737,2
16738,0
16739,0
16740,1
16741,2
16742,1
16743,1
16744,2
16745,2
16746,2
16747,1
16748,2
16749,2
16750,2
16751,2
16752,1
16753,2
16754,2
16755,2
16756,0
16757,1
16758,1
16759,1
16760,0
16761,2
16762,0
16763,0
16764,2
16765,2
16766,1
16767,1
16768,2
16769,2
16770,2
16771,2
16772,0
16773,2
16774,2
16775,2
16776,2
16777,2
16778,2
16779,2
16780,1
16781,1
16782,2
16783,0
16784,1
16785,1
16786,2
16787,2
16788,0
16789,2
16790,2
16791,2
16792,2
16793,2
16794,2
16795,0
16796,2
16797,2
16798,2
16799,2
16800,0
16801,0
16802,2
16803,1
16804,2
16805,2
16806,2
16807,2
16808,2
16809,2
16810,2
16811,2
16812,2
16813,1
16814,1
16815,0
16816,0
16817,0
16818,2
16819,2
16820,2
16821,2
16822,1
16823,2
16824,1
16825,2
16826,2
16827,2
16828,1
16829,2
16830,0
16831,2
16832,1
16833,1
16834,2
16835,1
16836,1
16837,2
16838,2
16839,2
16840,1
16841,0
16842,1
16843,0
16844,1
16845,2
16846,2
16847,1
16848,2
16849,2
16850,1
16851,1
16852,0
16853,1
16854,2
16855,0
16856,1
16857,1
16858,2
16859,1
16860,1
16861,1
16862,1
16863,2
16864,2
16865,0
16866,2
16867,0
16868,2
16869,0
16870,2
16871,2
16872,1
16873,1
16874,1
16875,1
16876,2
16877,2
16878,2
16879,2
16880,2
16881,2
16882,2
16883,2
16884,2
16885,2
16886,0
16887,1
16888,1
16889,1
16890,2
16891,2
16892,2
16893,2
16894,1
16895,1
16896,2
16897,1
16898,2
16899,2
16900,2
16901,2
16902,2
16903,0
16904,2
16905,0
16906,1
16907,0
16908,1
16909,1
16910,2
16911,2
16912,2
16913,1
16914,1
16915,2
16916,1
16917,2
16918,0
16919,2
16920,0
16921,2
16922,2
16923,2
16924,1
16925,2
16926,2
16927,2
16928,1
16929,1
16930,1
16931,1
16932,2
16933,2
16934,2
16935,1
16936,0
16937,2
16938,2
16939,0
16940,0
16941,1
16942,1
16943,0
16944,0
16945,2
16946,1
16947,1
16948,2
16949,1
16950,2
16951,1
16952,0
16953,2
16954,2
16955,1
16956,2
16957,1
16958,1
16959,2
16960,0
16961,2
16962,2
16963,2
16964,2
16965,0
16966,2
16967,1
16968,2
16969,1
16970,1
16971,2
16972,2
16973,0
16974,0
16975,2
16976,1
16977,0
16978,1
16979,1
16980,2
16981,1
16982,1
16983,2
16984,2
16985,0
16986,2
16987,2
16988,1
16989,2
16990,2
16991,2
16992,1
16993,2
16994,2
16995,0
16996,2
16997,1
16998,2
16999,0
17000,1
17001,1
17002,0
17003,1
17004,1
17005,0
17006,1
17007,2
17008,2
17009,1
17010,2
17011,0
17012,1
17013,2
17014,2
17015,0
17016,0
17017,2
17018,0
17019,1
17020,1
17021,0
17022,2
17023,1
17024,2
17025,0
17026,1
17027,2
17028,2
17029,1
17030,2
17031,2
17032,2
17033,2
17034,1
17035,2
17036,1
17037,2
17038,1
17039,2
17040,2
17041,0
17042,2
17043,1
17044,0
17045,2
17046,1
17047,2
17048,2
17049,1
17050,2
17051,0
17052,2
17053,2
17054,2
17055,0
17056,1
17057,2
17058,0
17059,1
17060,2
17061,2
17062,1
17063,2
17064,1
17065,2
17066,2
17067,2
17068,2
17069,1
17070,2
17071,1
17072,1
17073,2
17074,0
17075,2
17076,0
17077,1
17078,0
17079,2
17080,0
17081,2
17082,1
17083,2
17084,0
17085,2
17086,1
17087,2
17088,2
17089,1
17090,1
17091,2
17092,1
17093,1
17094,2
17095,1
17096,2
17097,0
17098,2
17099,2
17100,1
17101,2
17102,2
17103,1
17104,2
17105,1
17106,2
17107,2
17108,1
17109,1
17110,2
17111,2
17112,0
17113,2
17114,2
17115,0
17116,2
17117,2
17118,2
17119,2
17120,2
17121,2
17122,2
17123,1
17124,0
17125,2
17126,0
17127,2
17128,1
17129,2
17130,1
17131,1
17132,2
17133,1
17134,0
17135,2
17136,2
17137,2
17138,2
17139,1
17140,2
17141,0
17142,2
17143,2
17144,1
17145,0
17146,0
17147,2
17148,1
17149,1
17150,1
17151,1
17152,2
17153,2
17154,2
17155,2
17156,2
17157,0
17158,1
17159,2
17160,2
17161,2
17162,1
17163,2
17164,0
17165,2
17166,2
17167,2
17168,2
17169,2
17170,0
17171,2
17172,2
17173,0
17174,1
17175,0
17176,2
17177,1
17178,1
17179,2
17180,1
17181,2
17182,2
17183,2
17184,1
17185,2
17186,2
17187,0
17188,2
17189,2
17190,2
17191,2
17192,2
17193,2
17194,2
17195,2
17196,2
17197,1
17198,2
17199,2
17200,2
17201,2
17202,2
17203,1
17204,1
17205,2
17206,1
17207,1
17208,2
17209,1
17210,2
17211,0
17212,2
17213,2
17214,2
17215,2
17216,2
17217,2
17218,2
17219,1
17220,0
17221,2
17222,2
17223,0
17224,1
17225,2
17226,1
17227,2
17228,2
17229,1
17230,2
17231,2
17232,2
17233,0
17234,1
17235,2
17236,1
17237,2
17238,0
17239,2
17240,2
17241,2
17242,2
17243,1
17244,2
17245,1
17246,2
17247,2
17248,2
17249,2
17250,1
17251,2
17252,1
17253,1
17254,0
17255,0
17256,2
17257,2
17258,0
17259,1
17260,0
17261,1
17262,2
17263,2
17264,2
17265,2
17266,2
17267,2
17268,2
17269,1
17270,1
17271,2
17272,0
17273,2
17274,0
17275,0
17276,1
17277,2
17278,2
17279,2
17280,1
17281,1
17282,2
17283,2
17284,1
17285,2
17286,2
17287,0
17288,2
17289,1
17290,2
17291,1
17292,1
17293,2
17294,0
17295,1
17296,2
17297,2
17298,1
17299,0
17300,2
17301,1
17302,1
17303,2
17304,1
17305,0
17306,0
17307,2
17308,2
17309,2
17310,2
17311,1
17312,2
17313,2
17314,2
17315,2
17316,2
17317,2
17318,2
17319,2
17320,0
17321,2
17322,2
17323,2
17324,2
17325,2
17326,2
17327,1
17328,1
17329,0
17330,2
17331,2
17332,1
17333,2
17334,1
17335,1
17336,0
17337,2
17338,1
17339,1
17340,2
17341,2
17342,2
17343,2
17344,2
17345,2
17346,2
17347,0
17348,2
17349,2
17350,0
17351,0
17352,2
17353,1
17354,2
17355,2
17356,2
17357,1
17358,0
17359,0
17360,1
17361,1
17362,2
17363,2
17364,1
17365,2
17366,1
17367,2
17368,2
17369,1
17370,1
17371,2
17372,2
17373,2
17374,1
17375,0
17376,1
17377,2
17378,1
17379,2
17380,2
17381,2
17382,1
17383,1
17384,2
17385,0
17386,1
17387,0
17388,2
17389,1
17390,1
17391,2
17392,0
17393,2
17394,2
17395,2
17396,1
17397,2
17398,1
17399,2
17400,2
17401,1
17402,1
17403,2
17404,2
17405,1
17406,2
17407,1
17408,2
17409,1
17410,1
17411,1
17412,1
17413,2
17414,2
17415,2
17416,1
17417,1
17418,1
17419,2
17420,2
17421,0
17422,2
17423,2
17424,1
17425,2
17426,2
17427,1
17428,2
17429,2
17430,2
17431,2
17432,2
17433,1
17434,0
17435,2
17436,2
17437,1
17438,2
17439,2
17440,1
17441,0
17442,2
17443,1
17444,2
17445,1
17446,1
17447,2
17448,2
17449,1
17450,1
17451,2
17452,2
17453,1
17454,2
17455,0
17456,2
17457,1
17458,0
17459,1
17460,0
17461,2
17462,2
17463,2
17464,2
17465,0
17466,2
17467,1
17468,2
17469,0
17470,2
17471,2
17472,2
17473,2
17474,2
17475,2
17476,2
17477,2
17478,1
17479,2
17480,1
17481,0
17482,0
17483,1
17484,0
17485,2
17486,1
17487,2
17488,2
17489,2
17490,2
17491,2
17492,2
17493,2
17494,0
17495,1
17496,2
17497,1
17498,2
17499,1
17500,0
17501,1
17502,1
17503,2
17504,0
17505,2
17506,1
17507,0
17508,1
17509,2
17510,2
17511,2
17512,0
17513,2
17514,2
17515,1
17516,2
17517,2
17518,2
17519,1
17520,0
17521,2
17522,2
17523,2
17524,0
17525,0
17526,2
17527,0
17528,2
17529,0
17530,2
17531,2
17532,1
17533,2
17534,2
17535,1
17536,0
17537,1
17538,2
17539,1
17540,0
17541,2
17542,2
17543,1
17544,2
17545,2
17546,2
17547,2
17548,1
17549,2
17550,2
17551,2
17552,2
17553,1
17554,2
17555,2
17556,2
17557,1
17558,0
17559,1
17560,2
17561,1
17562,2
17563,1
17564,2
17565,2
17566,1
17567,2
17568,1
17569,2
17570,0
17571,2
17572,1
17573,1
17574,1
17575,2
17576,2
17577,2
17578,1
17579,1
17580,2
17581,2
17582,2
17583,2
17584,1
17585,2
17586,0
17587,2
17588,1
17589,2
17590,2
17591,2
17592,1
17593,2
17594,2
17595,1
17596,2
17597,2
17598,2
17599,1
17600,2
17601,2
17602,1
17603,2
17604,2
17605,2
17606,2
17607,2
17608,1
17609,2
17610,1
17611,1
17612,1
17613,2
17614,2
17615,0
17616,0
17617,2
17618,2
17619,0
17620,1
17621,0
17622,2
17623,0
17624,1
17625,2
17626,1
17627,1
17628,2
17629,1
17630,2
17631,2
17632,2
17633,1
17634,1
17635,0
17636,0
17637,0
17638,2
17639,1
17640,1
17641,0
17642,2
17643,0
17644,2
17645,2
17646,2
17647,2
17648,1
17649,1
17650,2
17651,1
17652,2
17653,2
17654,0
17655,1
17656,1
17657,2
17658,0
17659,2
17660,1
17661,2
17662,0
17663,2
17664,2
17665,2
17666,2
17667,2
17668,0
17669,0
17670,2
17671,1
17672,2
17673,1
17674,1
17675,2
17676,1
17677,2
17678,2
17679,1
17680,2
17681,2
17682,1
17683,2
17684,2
17685,2
17686,2
17687,1
17688,1
17689,2
17690,2
17691,2
17692,1
17693,2
17694,2
17695,2
17696,2
17697,2
17698,1
17699,1
17700,1
17701,1
17702,2
17703,2
17704,1
17705,2
17706,2
17707,2
17708,2
17709,2
17710,1
17711,2
17712,0
17713,1
17714,1
17715,0
17716,2
17717,2
17718,2
17719,2
17720,1
17721,2
17722,1
17723,0
17724,2
17725,2
17726,2
17727,1
17728,1
17729,1
17730,1
17731,2
17732,1
17733,2
17734,1
17735,0
17736,1
17737,1
17738,2
17739,2
17740,2
17741,2
17742,1
17743,1
17744,2
17745,2
17746,1
17747,1
17748,0
17749,2
17750,2
17751,2
17752,1
17753,2
17754,1
17755,0
17756,1
17757,2
17758,2
17759,2
17760,1
17761,1
17762,1
17763,1
17764,2
17765,0
17766,2
17767,2
17768,2
17769,1
17770,0
17771,1
17772,1
17773,2
17774,2
17775,2
17776,0
17777,2
17778,2
17779,0
17780,2
17781,2
17782,2
17783,2
17784,0
17785,1
17786,2
17787,1
17788,2
17789,1
17790,1
17791,2
17792,0
17793,2
17794,1
17795,2
17796,1
17797,0
17798,2
17799,2
17800,1
17801,2
17802,1
17803,2
17804,1
17805,2
17806,0
17807,0
17808,1
17809,1
17810,0
17811,1
17812,0
17813,0
17814,2
17815,2
17816,2
17817,2
17818,2
17819,0
17820,2
17821,1
17822,1
17823,2
17824,1
17825,1
17826,2
17827,0
17828,2
17829,2
17830,2
17831,2
17832,1
17833,1
17834,1
17835,2
17836,2
17837,0
17838,2
17839,1
17840,1
17841,2
17842,1
17843,2
17844,1
17845,1
17846,2
17847,2
17848,0
17849,1
17850,1
17851,1
17852,2
17853,1
17854,1
17855,1
17856,1
17857,2
17858,2
17859,2
17860,2
17861,1
17862,2
17863,2
17864,2
17865,1
17866,0
17867,2
17868,2
17869,2
17870,0
17871,1
17872,1
17873,0
17874,2
17875,2
17876,0
17877,2
17878,1
17879,1
17880,2
17881,0
17882,2
17883,2
17884,1
17885,1
17886,2
17887,2
17888,2
17889,1
17890,2
17891,2
17892,2
17893,0
17894,2
17895,1
17896,0
17897,2
17898,2
17899,2
17900,1
17901,2
17902,0
17903,1
17904,2
17905,1
17906,2
17907,2
17908,2
17909,1
17910,2
17911,0
17912,2
17913,1
17914,2
17915,2
17916,2
17917,0
17918,2
17919,2
17920,1
17921,0
17922,1
17923,2
17924,2
17925,2
17926,2
17927,0
17928,1
17929,1
17930,2
17931,1
17932,2
17933,2
17934,2
17935,1
17936,0
17937,2
17938,1
17939,2
17940,1
17941,2
17942,2
17943,2
17944,1
17945,2
17946,2
17947,2
17948,2
17949,1
17950,1
17951,2
17952,2
17953,2
17954,1
17955,2
17956,2
17957,1
17958,1
17959,1
17960,2
17961,0
17962,0
17963,2
17964,0
17965,2
17966,2
17967,1
17968,2
17969,1
17970,2
17971,2
17972,2
17973,2
17974,2
17975,2
17976,2
17977,2
17978,1
17979,1
17980,2
17981,2
17982,1
17983,0
17984,0
17985,2
17986,2
17987,1
17988,2
17989,0
17990,0
17991,1
17992,1
17993,1
17994,2
17995,1
17996,2
17997,1
17998,2
17999,1
18000,1
18001,2
18002,0
18003,2
18004,1
18005,1
18006,2
18007,1
18008,2
18009,1
18010,2
18011,2
18012,2
18013,1
18014,2
18015,0
18016,1
18017,1
18018,2
18019,0
18020,2
18021,2
18022,1
18023,2
18024,2
18025,1
18026,1
18027,2
18028,2
18029,1
18030,0
18031,2
18032,1
18033,2
18034,0
18035,1
18036,2
18037,0
18038,2
18039,0
18040,2
18041,1
18042,2
18043,2
18044,0
18045,2
18046,2
18047,0
18048,2
18049,1
18050,2
18051,2
18052,2
18053,1
18054,2
18055,2
18056,2
18057,2
18058,2
18059,1
18060,2
18061,0
18062,0
18063,2
18064,2
18065,1
18066,2
18067,2
18068,1
18069,1
18070,2
18071,2
18072,2
18073,2
18074,0
18075,2
18076,1
18077,1
18078,2
18079,0
18080,1
18081,1
18082,2
18083,2
18084,0
18085,2
18086,1
18087,2
18088,2
18089,2
18090,2
18091,2
18092,2
18093,0
18094,2
18095,2
18096,1
18097,2
18098,2
18099,2
18100,2
18101,2
18102,0
18103,2
18104,1
18105,2
18106,2
18107,2
18108,2
18109,2
18110,0
18111,2
18112,2
18113,2
18114,2
18115,2
18116,0
18117,2
18118,1
18119,2
18120,1
18121,2
18122,1
18123,2
18124,2
18125,2
18126,1
18127,2
18128,1
18129,2
18130,1
18131,2
18132,2
18133,2
18134,2
18135,1
18136,2
18137,2
18138,2
18139,1
18140,2
18141,2
18142,2
18143,2
18144,1
18145,2
18146,1
18147,2
18148,2
18149,2
18150,1
18151,2
18152,2
18153,1
18154,2
18155,1
18156,2
18157,2
18158,2
18159,2
18160,0
18161,0
18162,2
18163,1
18164,0
18165,1
18166,2
18167,2
18168,1
18169,2
18170,2
18171,0
18172,2
18173,2
18174,2
18175,0
18176,2
18177,1
18178,2
18179,1
18180,2
18181,0
18182,2
18183,1
18184,1
18185,2
18186,2
18187,2
18188,2
18189,2
18190,2
18191,2
18192,2
18193,0
18194,0
18195,2
18196,1
18197,1
18198,1
18199,2
18200,1
18201,2
18202,1
18203,2
18204,2
18205,2
18206,2
18207,0
18208,1
18209,2
18210,1
18211,2
18212,1
18213,1
18214,2
18215,2
18216,1
18217,1
18218,2
18219,1
18220,1
18221,0
18222,1
18223,2
18224,2
18225,2
18226,2
18227,1
18228,2
18229,0
18230,0
18231,2
18232,2
18233,2
18234,2
18235,1
18236,1
18237,1
18238,1
18239,2
18240,2
18241,1
18242,2
18243,2
18244,1
18245,2
18246,1
18247,1
18248,1
18249,0
18250,2
18251,0
18252,2
18253,2
18254,2
18255,0
18256,2
18257,2
18258,0
18259,2
18260,2
18261,2
18262,2
18263,2
18264,1
18265,0
18266,2
18267,1
18268,2
18269,1
18270,2
18271,2
18272,1
18273,2
18274,2
18275,2
18276,2
18277,1
18278,1
18279,1
18280,2
18281,0
18282,0
18283,2
18284,2
18285,2
18286,2
18287,1
18288,1
18289,2
18290,1
18291,2
18292,1
18293,0
18294,2
18295,2
18296,2
18297,1
18298,2
18299,1
18300,2
18301,2
18302,2
18303,2
18304,0
18305,0
18306,2
18307,0
18308,2
18309,1
18310,2
18311,2
18312,0
18313,0
18314,1
18315,0
18316,2
18317,1
18318,1
18319,2
18320,2
18321,2
18322,2
18323,1
18324,2
18325,2
18326,1
18327,2
18328,2
18329,1
18330,2
18331,1
18332,0
18333,1
18334,1
18335,2
18336,1
18337,1
18338,1
18339,2
18340,2
18341,2
18342,2
18343,2
18344,2
18345,2
18346,2
18347,1
18348,1
18349,2
18350,2
18351,0
18352,2
18353,2
18354,1
18355,2
18356,2
18357,1
18358,2
18359,1
18360,2
18361,2
18362,2
18363,1
18364,2
18365,1
18366,2
18367,1
18368,2
18369,0
18370,2
18371,2
18372,0
18373,1
18374,2
18375,2
18376,2
18377,0
18378,2
18379,2
18380,0
18381,2
18382,2
18383,1
18384,1
18385,1
18386,1
18387,0
18388,2
18389,1
18390,1
18391,2
18392,2
18393,2
18394,1
18395,0
18396,2
18397,2
18398,2
18399,2
18400,1
18401,1
18402,1
18403,2
18404,2
18405,1
18406,1
18407,0
18408,1
18409,1
18410,2
18411,2
18412,2
18413,2
18414,1
18415,1
18416,2
18417,2
18418,2
18419,2
18420,2
18421,2
18422,2
18423,0
18424,1
18425,2
18426,2
18427,2
18428,0
18429,2
18430,2
18431,2
18432,2
18433,2
18434,0
18435,0
18436,1
18437,2
18438,2
18439,1
18440,2
18441,2
18442,2
18443,2
18444,2
18445,2
18446,2
18447,2
18448,2
18449,2
18450,2
18451,2
18452,0
18453,1
18454,0
18455,2
18456,0
18457,1
18458,1
18459,1
18460,2
18461,2
18462,2
18463,1
18464,2
18465,2
18466,1
18467,2
18468,1
18469,2
18470,1
18471,2
18472,1
18473,1
18474,2
18475,2
18476,1
18477,2
18478,2
18479,1
18480,2
18481,2
18482,2
18483,1
18484,2
18485,1
18486,2
18487,0
18488,1
18489,2
18490,2
18491,2
18492,1
18493,2
18494,1
18495,1
18496,2
18497,2
18498,2
18499,1
18500,2
18501,1
18502,2
18503,2
18504,1
18505,0
18506,1
18507,1
18508,2
18509,1
18510,1
18511,1
18512,1
18513,1
18514,0
18515,1
18516,0
18517,1
18518,1
18519,2
18520,2
18521,2
18522,0
18523,0
18524,1
18525,0
18526,1
18527,0
18528,2
18529,1
18530,2
18531,2
18532,1
18533,0
18534,1
18535,2
18536,0
18537,2
18538,2
18539,1
18540,2
18541,1
18542,2
18543,1
18544,2
18545,2
18546,1
18547,2
18548,0
18549,1
18550,0
18551,2
18552,1
18553,2
18554,0
18555,1
18556,1
18557,1
18558,1
18559,1
18560,2
18561,2
18562,2
18563,2
18564,2
18565,0
18566,2
18567,1
18568,0
18569,0
18570,2
18571,2
18572,2
18573,2
18574,1
18575,2
18576,2
18577,2
18578,2
18579,2
18580,2
18581,2
18582,1
18583,2
18584,2
18585,0
18586,0
18587,2
18588,0
18589,2
18590,2
18591,2
18592,2
18593,2
18594,1
18595,2
18596,2
18597,2
18598,1
18599,2
18600,1
18601,0
18602,2
18603,1
18604,2
18605,0
18606,2
18607,2
18608,2
18609,1
18610,1
18611,2
18612,1
18613,2
18614,2
18615,1
18616,2
18617,1
18618,1
18619,1
18620,2
18621,2
18622,2
18623,1
18624,2
18625,1
18626,1
18627,0
18628,2
18629,2
18630,2
18631,1
18632,2
18633,2
18634,2
18635,0
18636,2
18637,2
18638,2
18639,2
18640,2
18641,2
18642,1
18643,1
18644,1
18645,1
18646,2
18647,2
18648,1
18649,2
18650,2
18651,2
18652,0
18653,0
18654,2
18655,0
18656,2
18657,2
18658,1
18659,1
18660,2
18661,0
18662,1
18663,0
18664,2
18665,2
18666,2
18667,2
18668,2
18669,1
18670,1
18671,2
18672,2
18673,2
18674,0
18675,1
18676,2
18677,2
18678,1
18679,1
18680,1
18681,2
18682,2
18683,1
18684,1
18685,1
18686,1
18687,2
18688,2
18689,2
18690,2
18691,2
18692,2
18693,0
18694,2
18695,1
18696,2
18697,2
18698,2
18699,1
18700,2
18701,0
18702,0
18703,2
18704,2
18705,2
18706,2
18707,2
18708,1
18709,1
18710,2
18711,2
18712,1
18713,2
18714,2
18715,1
18716,2
18717,2
18718,1
18719,1
18720,2
18721,2
18722,2
18723,1
18724,0
18725,2
18726,1
18727,1
18728,2
18729,1
18730,1
18731,2
18732,0
18733,2
18734,2
18735,2
18736,1
18737,2
18738,2
18739,2
18740,2
18741,1
18742,0
18743,2
18744,2
18745,1
18746,2
18747,2
18748,2
18749,2
18750,2
18751,1
18752,2
18753,0
18754,2
18755,2
18756,2
18757,1
18758,2
18759,2
18760,0
18761,0
18762,2
18763,1
18764,2
18765,2
18766,2
18767,2
18768,2
18769,2
18770,0
18771,1
18772,2
18773,2
18774,1
18775,1
18776,2
18777,2
18778,2
18779,2
18780,1
18781,2
18782,2
18783,2
18784,0
18785,1
18786,1
18787,2
18788,2
18789,2
18790,1
18791,1
18792,0
18793,2
18794,1
18795,2
18796,1
18797,1
18798,1
18799,1
18800,0
18801,2
18802,2
18803,1
18804,1
18805,0
18806,0
18807,2
18808,1
18809,1
18810,0
18811,2
18812,2
18813,2
18814,0
18815,2
18816,2
18817,1
18818,1
18819,2
18820,0
18821,1
18822,2
18823,1
18824,2
18825,2
18826,0
18827,1
18828,0
18829,0
18830,2
18831,2
18832,2
18833,2
18834,2
18835,2
18836,2
18837,2
18838,0
18839,2
18840,2
18841,2
18842,2
18843,2
18844,2
18845,2
18846,2
18847,2
18848,1
18849,0
18850,2
18851,1
18852,1
18853,1
18854,2
18855,2
18856,1
18857,0
18858,2
18859,0
18860,2
18861,1
18862,2
18863,2
18864,2
18865,1
18866,2
18867,1
18868,1
18869,1
18870,2
18871,0
18872,2
18873,1
18874,1
18875,1
18876,2
18877,2
18878,2
18879,2
18880,2
18881,2
18882,2
18883,2
18884,2
18885,1
18886,2
18887,1
18888,2
18889,1
18890,0
18891,1
18892,1
18893,2
18894,2
18895,0
18896,0
18897,1
18898,2
18899,1
18900,1
18901,2
18902,1
18903,1
18904,1
18905,1
18906,1
18907,2
18908,2
18909,2
18910,2
18911,1
18912,1
18913,1
18914,1
18915,1
18916,0
18917,1
18918,2
18919,2
18920,0
18921,2
18922,2
18923,0
18924,2
18925,0
18926,2
18927,2
18928,0
18929,1
18930,2
18931,2
18932,2
18933,2
18934,2
18935,2
18936,2
18937,1
18938,1
18939,2
18940,2
18941,1
18942,2
18943,2
18944,2
18945,1
18946,1
18947,2
18948,2
18949,2
18950,2
18951,1
18952,2
18953,2
18954,2
18955,2
18956,2
18957,2
18958,1
18959,1
18960,2
18961,2
18962,2
18963,2
18964,1
18965,2
18966,2
18967,0
18968,2
18969,2
18970,2
18971,2
18972,2
18973,2
18974,2
18975,2
18976,2
18977,2
18978,1
18979,1
18980,2
18981,1
18982,2
18983,1
18984,1
18985,1
18986,2
18987,1
18988,2
18989,1
18990,2
18991,2
18992,2
18993,2
18994,0
18995,1
18996,0
18997,2
18998,2
18999,2
19000,2
19001,2
19002,2
19003,2
19004,2
19005,2
19006,2
19007,1
19008,0
19009,2
19010,1
19011,1
19012,0
19013,0
19014,2
19015,2
19016,2
19017,0
19018,0
19019,1
19020,2
19021,2
19022,2
19023,2
19024,2
19025,1
19026,0
19027,0
19028,2
19029,1
19030,2
19031,1
19032,2
19033,2
19034,2
19035,1
19036,2
19037,2
19038,2
19039,2
19040,0
19041,2
19042,2
19043,1
19044,2
19045,2
19046,1
19047,2
19048,2
19049,1
19050,2
19051,1
19052,0
19053,2
19054,1
19055,2
19056,2
19057,1
19058,0
19059,2
19060,2
19061,2
19062,1
19063,2
19064,0
19065,2
19066,2
19067,2
19068,2
19069,0
19070,2
19071,1
19072,2
19073,2
19074,0
19075,0
19076,0
19077,2
19078,2
19079,2
19080,2
19081,2
19082,2
19083,2
19084,1
19085,2
19086,2
19087,2
19088,1
19089,2
19090,2
19091,2
19092,2
19093,1
19094,2
19095,2
19096,1
19097,0
19098,1
19099,1
19100,2
19101,2
19102,2
19103,0
19104,2
19105,2
19106,2
19107,0
19108,2
19109,2
19110,1
19111,1
19112,1
19113,1
19114,2
19115,2
19116,2
19117,2
19118,2
19119,2
19120,2
19121,2
19122,2
19123,0
19124,2
19125,1
19126,1
19127,2
19128,2
19129,0
19130,2
19131,2
19132,0
19133,2
19134,1
19135,1
19136,2
19137,2
19138,2
19139,1
19140,1
19141,2
19142,2
19143,2
19144,2
19145,1
19146,2
19147,2
19148,1
19149,2
19150,2
19151,0
19152,2
19153,1
19154,0
19155,2
19156,2
19157,2
19158,2
19159,2
19160,2
19161,2
19162,2
19163,2
19164,2
19165,2
19166,1
19167,2
19168,2
19169,2
19170,2
19171,1
19172,2
19173,2
19174,0
19175,1
19176,1
19177,2
19178,0
19179,0
19180,2
19181,0
19182,2
19183,1
19184,2
19185,2
19186,2
19187,2
19188,2
19189,1
19190,2
19191,0
19192,1
19193,2
19194,2
19195,2
19196,2
19197,0
19198,1
19199,0
19200,2
19201,2
19202,2
19203,2
19204,1
19205,2
19206,1
19207,2
19208,0
19209,1
19210,2
19211,2
19212,2
19213,2
19214,1
19215,2
19216,2
19217,2
19218,2
19219,2
19220,0
19221,1
19222,1
19223,0
19224,1
19225,1
19226,2
19227,2
19228,2
19229,0
19230,0
19231,2
19232,2
19233,1
19234,0
19235,2
19236,1
19237,2
19238,2
19239,1
19240,1
19241,2
19242,1
19243,2
19244,2
19245,1
19246,2
19247,2
19248,0
19249,1
19250,2
19251,1
19252,1
19253,1
19254,2
19255,0
19256,2
19257,2
19258,1
19259,2
19260,2
19261,1
19262,2
19263,2
19264,2
19265,0
19266,1
19267,2
19268,1
19269,2
19270,2
19271,1
19272,0
19273,0
19274,2
19275,2
19276,2
19277,1
19278,2
19279,0
19280,2
19281,0
19282,2
19283,0
19284,2
19285,2
19286,2
19287,1
19288,2
19289,2
19290,0
19291,2
19292,1
19293,1
19294,2
19295,1
19296,1
19297,1
19298,1
19299,1
19300,2
19301,1
19302,1
19303,2
19304,0
19305,1
19306,2
19307,2
19308,1
19309,1
19310,0
19311,1
19312,0
19313,2
19314,2
19315,1
19316,2
19317,1
19318,1
19319,2
19320,1
19321,2
19322,0
19323,1
19324,2
19325,2
19326,2
19327,0
19328,1
19329,2
19330,1
19331,2
19332,2
19333,1
19334,0
19335,2
19336,2
19337,0
19338,2
19339,2
19340,2
19341,1
19342,1
19343,2
19344,2
19345,0
19346,2
19347,2
19348,0
19349,2
19350,2
19351,2
19352,2
19353,0
19354,2
19355,1
19356,1
19357,1
19358,0
19359,2
19360,2
19361,2
19362,1
19363,2
19364,1
19365,1
19366,2
19367,0
19368,2
19369,1
19370,2
19371,0
19372,1
19373,0
19374,1
19375,0
19376,0
19377,1
19378,1
19379,2
19380,2
19381,2
19382,1
19383,2
19384,1
19385,0
19386,1
19387,2
19388,2
19389,2
19390,1
19391,1
19392,2
19393,1
19394,0
19395,2
19396,2
19397,0
19398,2
19399,1
19400,2
19401,1
19402,2
19403,2
19404,2
19405,2
19406,2
19407,2
19408,2
19409,1
19410,2
19411,0
19412,1
19413,1
19414,0
19415,0
19416,2
19417,2
19418,1
19419,2
19420,1
19421,2
19422,2
19423,2
19424,2
19425,1
19426,1
19427,0
19428,2
19429,2
19430,2
19431,0
19432,2
19433,2
19434,0
19435,2
19436,2
19437,2
19438,2
19439,2
19440,0
19441,2
19442,1
19443,2
19444,2
19445,2
19446,1
19447,2
19448,2
19449,2
19450,2
19451,2
19452,2
19453,1
19454,2
19455,0
19456,2
19457,0
19458,2
19459,2
19460,2
19461,1
19462,0
19463,2
19464,2
19465,2
19466,2
19467,1
19468,2
19469,1
19470,2
19471,2
19472,2
19473,2
19474,0
19475,0
19476,2
19477,2
19478,2
19479,0
19480,2
19481,2
19482,1
19483,2
19484,2
19485,2
19486,1
19487,2
19488,2
19489,1
19490,1
19491,0
19492,0
19493,2
19494,1
19495,1
19496,2
19497,2
19498,0
19499,2
19500,2
19501,2
19502,0
19503,2
19504,2
19505,2
19506,2
19507,1
19508,0
19509,2
19510,0
19511,1
19512,1
19513,2
19514,1
19515,2
19516,2
19517,2
19518,2
19519,0
19520,2
19521,2
19522,0
19523,2
19524,0
19525,2
19526,2
19527,1
19528,1
19529,1
19530,0
19531,1
19532,2
19533,2
19534,2
19535,2
19536,2
19537,2
19538,2
19539,1
19540,1
19541,1
19542,1
19543,2
19544,2
19545,2
19546,0
19547,1
19548,0
19549,2
19550,2
19551,2
19552,2
19553,1
19554,1
19555,2
19556,2
19557,2
19558,1
19559,2
19560,2
19561,1
19562,2
19563,2
19564,1
19565,1
19566,1
19567,2
19568,2
19569,2
19570,2
19571,0
19572,2
19573,2
19574,1
19575,0
19576,1
19577,1
19578,1
19579,2
19580,2
19581,0
19582,2
19583,2
19584,2
19585,2
19586,2
19587,2
19588,0
19589,1
19590,1
19591,2
19592,1
19593,2
19594,1
19595,1
19596,2
19597,2
19598,2
19599,1
19600,2
19601,1
19602,2
19603,2
19604,2
19605,2
19606,2
19607,2
19608,1
19609,1
19610,1
19611,2
19612,2
19613,1
19614,2
19615,2
19616,2
19617,1
19618,1
19619,2
19620,2
19621,1
19622,2
19623,1
19624,0
19625,1
19626,2
19627,2
19628,1
19629,2
19630,1
19631,1
19632,2
19633,2
19634,0
19635,2
19636,2
19637,2
19638,2
19639,2
19640,0
19641,0
19642,1
19643,2
19644,2
19645,1
19646,2
19647,1
19648,2
19649,0
19650,2
19651,1
19652,2
19653,1
19654,2
19655,2
19656,2
19657,2
19658,2
19659,0
19660,1
19661,2
19662,2
19663,1
19664,2
19665,0
19666,2
19667,0
19668,2
19669,1
19670,1
19671,2
19672,2
19673,0
19674,1
19675,2
19676,2
19677,2
19678,1
19679,2
19680,1
19681,2
19682,2
19683,1
19684,2
19685,1
19686,2
19687,2
19688,0
19689,2
19690,2
19691,2
19692,2
19693,1
19694,2
19695,1
19696,2
19697,2
19698,1
19699,2
19700,1
19701,1
19702,2
19703,1
19704,2
19705,2
19706,2
19707,2
19708,1
19709,0
19710,1
19711,1
19712,2
19713,0
19714,2
19715,1
19716,2
19717,0
19718,1
19719,2
19720,1
19721,2
19722,2
19723,1
19724,2
19725,1
19726,0
19727,2
19728,2
19729,2
19730,0
19731,0
19732,2
19733,1
19734,2
19735,2
19736,2
19737,2
19738,2
19739,1
19740,0
19741,1
19742,2
19743,1
19744,2
19745,2
19746,2
19747,2
19748,2
19749,2
19750,1
19751,2
19752,1
19753,2
19754,1
19755,2
19756,2
19757,2
19758,0
19759,0
19760,0
19761,2
19762,1
19763,1
19764,2
19765,2
19766,1
19767,2
19768,0
19769,1
19770,0
19771,1
19772,1
19773,0
19774,2
19775,2
19776,0
19777,2
19778,1
19779,2
19780,1
19781,2
19782,0
19783,2
19784,2
19785,1
19786,2
19787,2
19788,1
19789,2
19790,1
19791,2
19792,1
19793,1
19794,1
19795,1
19796,2
19797,2
19798,0
19799,1
19800,0
19801,2
19802,1
19803,1
19804,0
19805,2
19806,0
19807,1
19808,2
19809,2
19810,2
19811,1
19812,2
19813,1
19814,2
19815,1
19816,1
19817,2
19818,2
19819,0
19820,2
19821,0
19822,1
19823,2
19824,2
19825,1
19826,2
19827,2
19828,2
19829,2
19830,2
19831,2
19832,1
19833,1
19834,1
19835,0
19836,2
19837,1
19838,0
19839,2
19840,2
19841,1
19842,1
19843,2
19844,1
19845,2
19846,2
19847,2
19848,0
19849,2
19850,2
19851,2
19852,2
19853,2
19854,1
19855,2
19856,2
19857,2
19858,2
19859,2
19860,1
19861,2
19862,2
19863,0
19864,1
19865,1
19866,2
19867,0
19868,2
19869,1
19870,2
19871,2
19872,1
19873,1
19874,2
19875,2
19876,2
19877,2
19878,2
19879,1
19880,0
19881,2
19882,2
19883,0
19884,2
19885,1
19886,0
19887,2
19888,2
19889,2
19890,2
19891,0
19892,2
19893,2
19894,2
19895,1
19896,1
19897,1
19898,0
19899,2
19900,2
19901,1
19902,2
19903,1
19904,1
19905,2
19906,0
19907,2
19908,2
19909,2
19910,2
19911,2
19912,0
19913,1
19914,1
19915,1
19916,2
19917,0
19918,2
19919,2
19920,2
19921,2
19922,2
19923,1
19924,0
19925,0
19926,0
19927,2
19928,2
19929,2
19930,2
19931,1
19932,2
19933,2
19934,2
19935,1
19936,2
19937,1
19938,2
19939,2
19940,1
19941,2
19942,2
19943,2
19944,0
19945,1
19946,2
19947,0
19948,0
19949,2
19950,2
19951,2
19952,2
19953,0
19954,2
19955,2
19956,1
19957,2
19958,2
19959,1
19960,1
19961,2
19962,2
19963,0
19964,2
19965,2
19966,2
19967,2
19968,2
19969,2
19970,1
19971,2
19972,0
19973,0
19974,0
19975,1
19976,1
19977,2
19978,2
19979,1
19980,2
19981,1
19982,2
19983,2
19984,1
19985,0
19986,1
19987,2
19988,2
19989,2
19990,0
19991,2
19992,1
19993,2
19994,1
19995,2
19996,1
19997,0
19998,2
19999,2
20000,1
20001,2
20002,1
20003,1
20004,2
20005,2
20006,1
20007,1
20008,2
20009,2
20010,1
20011,2
20012,0
20013,1
20014,1
20015,1
20016,1
20017,0
20018,1
20019,2
20020,2
20021,1
20022,2
20023,1
20024,2
20025,1
20026,2
20027,0
20028,2
20029,2
20030,1
20031,1
20032,2
20033,1
20034,2
20035,2
20036,2
20037,0
20038,2
20039,2
20040,0
20041,2
20042,0
20043,2
20044,2
20045,2
20046,2
20047,1
20048,2
20049,2
20050,0
20051,1
20052,2
20053,2
20054,2
20055,1
20056,1
20057,2
20058,2
20059,1
20060,2
20061,0
20062,2
20063,2
20064,2
20065,2
20066,2
20067,2
20068,1
20069,2
20070,2
20071,2
20072,2
20073,1
20074,2
20075,2
20076,2
20077,2
20078,2
20079,1
20080,2
20081,0
20082,2
20083,2
20084,1
20085,2
20086,2
20087,0
20088,2
20089,2
20090,1
20091,2
20092,0
20093,2
20094,2
20095,0
20096,1
20097,1
20098,1
20099,1
20100,2
20101,2
20102,2
20103,1
20104,1
20105,1
20106,2
20107,2
20108,2
20109,2
20110,1
20111,2
20112,2
20113,1
20114,0
20115,2
20116,2
20117,1
20118,0
20119,1
20120,2
20121,2
20122,1
20123,2
20124,1
20125,2
20126,1
20127,2
20128,0
20129,2
20130,0
20131,1
20132,2
20133,2
20134,2
20135,2
20136,1
20137,1
20138,1
20139,2
20140,0
20141,1
20142,0
20143,2
20144,1
20145,2
20146,0
20147,1
20148,2
20149,1
20150,1
20151,2
20152,1
20153,1
20154,2
20155,1
20156,2
20157,1
20158,2
20159,1
20160,2
20161,2
20162,2
20163,2
20164,2
20165,2
20166,1
20167,0
20168,1
20169,1
20170,0
20171,1
20172,2
20173,1
20174,1
20175,1
20176,2
20177,2
20178,1
20179,0
20180,1
20181,1
20182,2
20183,1
20184,1
20185,2
20186,2
20187,2
20188,1
20189,1
20190,2
20191,2
20192,2
20193,2
20194,2
20195,0
20196,1
20197,0
20198,1
20199,0
20200,2
20201,2
20202,0
20203,1
20204,2
20205,2
20206,1
20207,2
20208,1
20209,2
20210,2
20211,1
20212,2
20213,2
20214,2
20215,2
20216,1
20217,2
20218,2
20219,2
20220,0
20221,1
20222,2
20223,1
20224,2
20225,2
20226,2
20227,0
20228,2
20229,2
20230,2
20231,0
20232,1
20233,1
20234,2
20235,1
20236,2
20237,2
20238,2
20239,1
20240,1
20241,2
20242,2
20243,2
20244,2
20245,2
20246,0
20247,2
20248,2
20249,2
20250,2
20251,1
20252,2
20253,2
20254,2
20255,0
20256,2
20257,0
20258,1
20259,2
20260,2
20261,1
20262,2
20263,0
20264,2
20265,2
20266,2
20267,2
20268,1
20269,2
20270,2
20271,1
20272,2
20273,2
20274,2
20275,2
20276,2
20277,1
20278,2
20279,1
20280,1
20281,1
20282,2
20283,1
20284,2
20285,2
20286,2
20287,2
20288,2
20289,1
20290,1
20291,2
20292,0
20293,2
20294,2
20295,1
20296,2
20297,2
20298,2
20299,2
20300,2
20301,1
20302,2
20303,0
20304,2
20305,2
20306,2
20307,2
20308,1
20309,2
20310,1
20311,2
20312,1
20313,1
20314,2
20315,0
20316,2
20317,1
20318,2
20319,2
20320,1
20321,2
20322,2
20323,0
20324,2
20325,2
20326,2
20327,1
20328,1
20329,1
20330,1
20331,1
20332,2
20333,1
20334,1
20335,2
20336,0
20337,2
20338,2
20339,1
20340,2
20341,2
20342,2
20343,1
20344,2
20345,2
20346,2
20347,1
20348,1
20349,1
20350,2
20351,2
20352,2
20353,2
20354,2
20355,0
20356,1
20357,2
20358,1
20359,2
20360,2
20361,1
20362,2
20363,1
20364,2
20365,2
20366,2
20367,1
20368,1
20369,1
20370,1
20371,1
20372,2
20373,0
20374,1
20375,2
20376,2
20377,0
20378,2
20379,2
20380,2
20381,2
20382,2
20383,1
20384,2
20385,0
20386,2
20387,2
20388,2
20389,1
20390,2
20391,2
20392,0
20393,2
20394,1
20395,2
20396,1
20397,1
20398,1
20399,2
20400,2
20401,2
20402,2
20403,0
20404,1
20405,2
20406,1
20407,1
20408,1
20409,2
20410,2
20411,2
20412,2
20413,2
20414,2
20415,2
20416,2
20417,2
20418,1
20419,0
20420,1
20421,1
20422,2
20423,2
20424,0
20425,2
20426,2
20427,1
20428,2
20429,2
20430,2
20431,2
20432,2
20433,0
20434,0
20435,2
20436,2
20437,2
20438,1
20439,2
20440,2
20441,2
20442,0
20443,1
20444,2
20445,1
20446,1
20447,2
20448,2
20449,2
20450,2
20451,2
20452,0
20453,0
20454,2
20455,2
20456,2
20457,2
20458,2
20459,1
20460,1
20461,2
20462,2
20463,2
20464,2
20465,2
20466,2
20467,0
20468,2
20469,2
20470,2
20471,2
20472,0
20473,2
20474,1
20475,1
20476,1
20477,0
20478,2
20479,2
20480,1
20481,1
20482,1
20483,2
20484,1
20485,0
20486,2
20487,2
20488,2
20489,2
20490,0
20491,2
20492,0
20493,2
20494,2
20495,2
20496,2
20497,2
20498,2
20499,0
20500,1
20501,2
20502,2
20503,0
20504,2
20505,2
20506,2
20507,1
20508,1
20509,2
20510,1
20511,2
20512,2
20513,1
20514,2
20515,1
20516,0
20517,2
20518,2
20519,1
20520,1
20521,2
20522,2
20523,2
20524,0
20525,1
20526,0
20527,2
20528,2
20529,2
20530,0
20531,2
20532,1
20533,2
20534,1
20535,2
20536,2
20537,2
20538,1
20539,2
20540,2
20541,1
20542,2
20543,2
20544,2
20545,2
20546,2
20547,0
20548,2
20549,1
20550,1
20551,2
20552,0
20553,1
20554,2
20555,1
20556,2
20557,2
20558,0
20559,2
20560,2
20561,2
20562,2
20563,2
20564,0
20565,2
20566,2
20567,1
20568,1
20569,2
20570,2
20571,2
20572,2
20573,2
20574,2
20575,2
20576,0
20577,2
20578,1
20579,2
20580,2
20581,2
20582,2
20583,2
20584,2
20585,0
20586,2
20587,2
20588,0
20589,1
20590,0
20591,2
20592,2
20593,1
20594,1
20595,2
20596,0
20597,2
20598,2
20599,1
20600,2
20601,2
20602,2
20603,1
20604,0
20605,0
20606,1
20607,0
20608,1
20609,1
20610,1
20611,2
20612,1
20613,2
20614,1
20615,0
20616,1
20617,1
20618,1
20619,1
20620,2
20621,1
20622,1
20623,2
20624,2
20625,0
20626,2
20627,2
20628,2
20629,2
20630,0
20631,1
20632,0
20633,1
20634,2
20635,2
20636,1
20637,2
20638,2
20639,1
20640,1
20641,1
20642,0
20643,2
20644,2
20645,2
20646,1
20647,1
20648,0
20649,2
20650,1
20651,0
20652,0
20653,1
20654,0
20655,1
20656,2
20657,2
20658,2
20659,0
20660,0
20661,0
20662,2
20663,2
20664,2
20665,1
20666,2
20667,2
20668,2
20669,2
20670,1
20671,2
20672,0
20673,1
20674,2
20675,2
20676,2
20677,1
20678,2
20679,2
20680,0
20681,2
20682,2
20683,2
20684,2
20685,2
20686,2
20687,2
20688,1
20689,2
20690,0
20691,1
20692,2
20693,1
20694,1
20695,2
20696,2
20697,0
20698,0
20699,1
20700,2
20701,2
20702,2
20703,2
20704,1
20705,1
20706,1
20707,2
20708,1
20709,1
20710,1
20711,2
20712,2
20713,0
20714,2
20715,2
20716,2
20717,0
20718,2
20719,2
20720,1
20721,0
20722,0
20723,1
20724,1
20725,1
20726,2
20727,0
20728,1
20729,1
20730,1
20731,2
20732,1
20733,2
20734,2
20735,1
20736,2
20737,2
20738,1
20739,2
20740,1
20741,2
20742,0
20743,2
20744,1
20745,0
20746,1
20747,2
20748,2
20749,2
20750,1
20751,1
20752,2
20753,2
20754,2
20755,1
20756,0
20757,2
20758,2
20759,0
20760,2
20761,2
20762,2
20763,2
20764,0
20765,1
20766,0
20767,2
20768,2
20769,0
20770,1
20771,1
20772,2
20773,2
20774,2
20775,1
20776,2
20777,2
20778,2
20779,1
20780,2
20781,2
20782,1
20783,1
20784,2
20785,2
20786,0
20787,2
20788,2
20789,2
20790,2
20791,2
20792,1
20793,2
20794,2
20795,2
20796,2
20797,2
20798,2
20799,2
20800,2
20801,2
20802,1
20803,0
20804,2
20805,2
20806,2
20807,2
20808,2
20809,2
20810,0
20811,2
20812,0
20813,2
20814,2
20815,1
20816,1
20817,2
20818,1
20819,2
20820,0
20821,1
20822,2
20823,2
20824,0
20825,2
20826,2
20827,1
20828,2
20829,2
20830,2
20831,0
20832,2
20833,1
20834,0
20835,0
20836,2
20837,0
20838,2
20839,1
20840,0
20841,1
20842,2
20843,2
20844,2
20845,2
20846,2
20847,2
20848,1
20849,2
20850,1
20851,1
20852,1
20853,0
20854,1
20855,1
20856,2
20857,2
20858,2
20859,0
20860,1
20861,2
20862,0
20863,2
20864,1
20865,2
20866,2
20867,2
20868,2
20869,0
20870,2
20871,1
20872,2
20873,1
20874,1
20875,1
20876,2
20877,1
20878,1
20879,2
20880,0
20881,2
20882,2
20883,2
20884,2
20885,1
20886,1
20887,2
20888,1
20889,1
20890,2
20891,2
20892,2
20893,1
20894,0
20895,1
20896,2
20897,0
20898,1
20899,1
20900,2
20901,2
20902,1
20903,2
20904,2
20905,1
20906,2
20907,2
20908,1
20909,2
20910,1
20911,2
20912,2
20913,2
20914,2
20915,1
20916,2
20917,2
20918,2
20919,2
20920,1
20921,1
20922,2
20923,0
20924,1
20925,1
20926,2
20927,2
20928,2
20929,2
20930,0
20931,1
20932,1
20933,2
20934,2
20935,2
20936,2
20937,2
20938,2
20939,2
20940,0
20941,0
20942,2
20943,1
20944,2
20945,2
20946,1
20947,1
20948,2
20949,0
20950,2
20951,1
20952,2
20953,2
20954,2
20955,1
20956,1
20957,1
20958,2
20959,2
20960,2
20961,0
20962,1
20963,2
20964,2
20965,2
20966,0
20967,1
20968,2
20969,1
20970,2
20971,2
20972,2
20973,1
20974,1
20975,2
20976,2
20977,2
20978,0
20979,2
20980,2
20981,1
20982,2
20983,2
20984,2
20985,1
20986,2
20987,2
20988,2
20989,2
20990,0
20991,2
20992,2
20993,1
20994,2
20995,2
20996,0
20997,1
20998,1
20999,1
21000,1
21001,2
21002,1
21003,2
21004,2
21005,2
21006,1
21007,2
21008,2
21009,2
21010,1
21011,0
21012,2
21013,1
21014,2
21015,1
21016,0
21017,1
21018,2
21019,2
21020,1
21021,2
21022,2
21023,2
21024,2
21025,0
21026,2
21027,0
21028,2
21029,0
21030,2
21031,0
21032,2
21033,2
21034,2
21035,1
21036,2
21037,1
21038,2
21039,2
21040,2
21041,2
21042,2
21043,0
21044,1
21045,2
21046,2
21047,2
21048,0
21049,2
21050,2
21051,2
21052,2
21053,2
21054,2
21055,2
21056,2
21057,1
21058,2
21059,2
21060,2
21061,0
21062,2
21063,2
21064,2
21065,2
21066,2
21067,1
21068,1
21069,2
21070,0
21071,2
21072,2
21073,2
21074,2
21075,1
21076,2
21077,2
21078,2
21079,2
21080,2
21081,2
21082,1
21083,1
21084,1
21085,2
21086,1
21087,2
21088,2
21089,1
21090,0
21091,2
21092,2
21093,2
21094,2
21095,2
21096,2
21097,2
21098,0
21099,2
21100,2
21101,1
21102,2
21103,2
21104,1
21105,2
21106,2
21107,1
21108,2
21109,1
21110,2
21111,2
21112,1
21113,2
21114,1
21115,2
21116,0
21117,2
21118,0
21119,2
21120,2
21121,0
21122,2
21123,1
21124,1
21125,2
21126,2
21127,1
21128,1
21129,2
21130,2
21131,1
21132,0
21133,1
21134,2
21135,2
21136,0
21137,0
21138,2
21139,1
21140,1
21141,1
21142,2
21143,1
21144,2
21145,1
21146,0
21147,1
21148,2
21149,2
21150,1
21151,2
21152,2
21153,1
21154,2
21155,2
21156,2
21157,0
21158,2
21159,1
21160,1
21161,2
21162,2
21163,2
21164,1
21165,2
21166,1
21167,2
21168,2
21169,1
21170,1
21171,2
21172,1
21173,2
21174,2
21175,0
21176,1
21177,2
21178,1
21179,1
21180,2
21181,2
21182,2
21183,1
21184,2
21185,0
21186,2
21187,2
21188,1
21189,2
21190,2
21191,0
21192,2
21193,2
21194,2
21195,2
21196,1
21197,0
21198,2
21199,0
21200,0
21201,2
21202,1
21203,2
21204,2
21205,1
21206,1
21207,2
21208,1
21209,2
21210,1
21211,2
21212,1
21213,2
21214,1
21215,1
21216,2
21217,0
21218,2
21219,1
21220,1
21221,2
21222,2
21223,2
21224,1
21225,2
21226,1
21227,1
21228,2
21229,2
21230,0
21231,2
21232,2
21233,2
21234,1
21235,2
21236,1
21237,2
21238,1
21239,0
21240,2
21241,2
21242,1
21243,2
21244,2
21245,2
21246,1
21247,0
21248,2
21249,2
21250,2
21251,1
21252,1
21253,2
21254,1
21255,2
21256,2
21257,1
21258,1
21259,1
21260,0
21261,1
21262,2
21263,1
21264,2
21265,0
21266,2
21267,0
21268,0
21269,0
21270,1
21271,2
21272,2
21273,1
21274,2
21275,1
21276,1
21277,2
21278,2
21279,2
21280,1
21281,1
21282,1
21283,1
21284,2
21285,2
21286,2
21287,2
21288,1
21289,2
21290,1
21291,2
21292,2
21293,2
21294,0
21295,2
21296,1
21297,2
21298,2
21299,2
21300,0
21301,2
21302,2
21303,2
21304,2
21305,2
21306,2
21307,1
21308,2
21309,2
21310,2
21311,1
21312,1
21313,2
21314,1
21315,2
21316,2
21317,1
21318,1
21319,2
21320,1
21321,2
21322,1
21323,0
21324,2
21325,1
21326,2
21327,2
21328,2
21329,2
21330,2
21331,2
21332,1
21333,2
21334,2
21335,1
21336,2
21337,2
21338,0
21339,1
21340,2
21341,0
21342,2
21343,2
21344,2
21345,2
21346,2
21347,2
21348,0
21349,1
21350,0
21351,2
21352,0
21353,2
21354,2
21355,2
21356,1
21357,0
21358,2
21359,2
21360,2
21361,2
21362,1
21363,2
21364,2
21365,0
21366,1
21367,1
21368,0
21369,1
21370,2
21371,2
21372,1
21373,0
21374,1
21375,0
21376,2
21377,0
21378,2
21379,2
21380,2
21381,0
21382,1
21383,0
21384,2
21385,2
21386,0
21387,0
21388,2
21389,2
21390,1
21391,1
21392,2
21393,1
21394,2
21395,0
21396,2
21397,0
21398,2
21399,2
21400,2
21401,0
21402,0
21403,1
21404,0
21405,2
21406,2
21407,1
21408,2
21409,2
21410,2
21411,1
21412,2
21413,2
21414,1
21415,2
21416,1
21417,2
21418,1
21419,1
21420,1
21421,1
21422,2
21423,1
21424,2
21425,2
21426,1
21427,0
21428,1
21429,1
21430,1
21431,2
21432,2
21433,2
21434,1
21435,2
21436,2
21437,1
21438,0
21439,2
21440,2
21441,2
21442,1
21443,1
21444,2
21445,2
21446,0
21447,2
21448,1
21449,0
21450,2
21451,0
21452,2
21453,2
21454,1
21455,2
21456,0
21457,1
21458,1
21459,1
21460,2
21461,2
21462,2
21463,1
21464,2
21465,2
21466,1
21467,2
21468,1
21469,1
21470,2
21471,2
21472,1
21473,2
21474,1
21475,2
21476,1
21477,2
21478,1
21479,2
21480,1
21481,2
21482,1
21483,2
21484,2
21485,2
21486,2
21487,2
21488,2
21489,2
21490,0
21491,0
21492,2
21493,2
21494,2
21495,0
21496,2
21497,2
21498,1
21499,2
21500,2
21501,2
21502,0
21503,1
21504,2
21505,1
21506,1
21507,1
21508,0
21509,2
21510,0
21511,1
21512,2
21513,0
21514,2
21515,2
21516,2
21517,2
21518,1
21519,2
21520,1
21521,2
21522,2
21523,2
21524,0
21525,2
21526,2
21527,2
21528,2
21529,2
21530,1
21531,2
21532,1
21533,0
21534,2
21535,2
21536,2
21537,2
21538,0
21539,2
21540,2
21541,1
21542,2
21543,1
21544,1
21545,1
21546,2
21547,1
21548,1
21549,2
21550,2
21551,1
21552,2
21553,1
21554,2
21555,2
21556,2
21557,1
21558,1
21559,2
21560,2
21561,1
21562,2
21563,0
21564,2
21565,1
21566,2
21567,2
21568,1
21569,2
21570,0
21571,0
21572,0
21573,1
21574,2
21575,1
21576,1
21577,2
21578,2
21579,0
21580,2
21581,1
21582,1
21583,1
21584,0
21585,1
21586,2
21587,1
21588,1
21589,2
21590,2
21591,1
21592,1
21593,2
21594,1
21595,1
21596,2
21597,2
21598,1
21599,2
21600,1
21601,2
21602,1
21603,2
21604,1
21605,2
21606,0
21607,2
21608,2
21609,2
21610,2
21611,2
21612,2
21613,1
21614,2
21615,1
21616,2
21617,2
21618,1
21619,2
21620,2
21621,2
21622,2
21623,0
21624,1
21625,2
21626,2
21627,0
21628,1
21629,1
21630,2
21631,2
21632,2
21633,2
21634,2
21635,0
21636,0
21637,2
21638,1
21639,1
21640,2
21641,2
21642,2
21643,2
21644,1
21645,2
21646,2
21647,1
21648,0
21649,1
21650,2
21651,2
21652,2
21653,2
21654,1
21655,1
21656,0
21657,0
21658,2
21659,1
21660,1
21661,1
21662,2
21663,1
21664,0
21665,1
21666,2
21667,0
21668,2
21669,2
21670,2
21671,1
21672,0
21673,0
21674,1
21675,2
21676,2
21677,0
21678,1
21679,1
21680,2
21681,1
21682,2
21683,2
21684,2
21685,0
21686,2
21687,1
21688,2
21689,2
21690,2
21691,1
21692,2
21693,1
21694,2
21695,2
21696,1
21697,0
21698,2
21699,2
21700,2
21701,2
21702,1
21703,2
21704,0
21705,1
21706,2
21707,2
21708,0
21709,1
21710,2
21711,0
21712,2
21713,2
21714,2
21715,2
21716,2
21717,1
21718,1
21719,1
21720,1
21721,2
21722,2
21723,2
21724,0
21725,1
21726,1
21727,2
21728,2
21729,2
21730,2
21731,2
21732,2
21733,2
21734,1
21735,0
21736,1
21737,2
21738,1
21739,2
21740,1
21741,2
21742,1
21743,1
21744,1
21745,0
21746,2
21747,2
21748,1
21749,2
21750,2
21751,0
21752,1
21753,2
21754,1
21755,2
21756,1
21757,2
21758,1
21759,1
21760,2
21761,2
21762,2
21763,1
21764,0
21765,1
21766,2
21767,2
21768,2
21769,2
21770,2
21771,1
21772,2
21773,2
21774,1
21775,2
21776,2
21777,2
21778,0
21779,2
21780,2
21781,0
21782,2
21783,2
21784,1
21785,0
21786,2
21787,2
21788,2
21789,2
21790,2
21791,1
21792,2
21793,1
21794,1
21795,0
21796,2
21797,2
21798,2
21799,2
21800,2
21801,0
21802,2
21803,2
21804,2
21805,2
21806,1
21807,1
21808,2
21809,2
21810,0
21811,1
21812,1
21813,2
21814,2
21815,1
21816,0
21817,1
21818,1
21819,2
21820,2
21821,2
21822,2
21823,2
21824,2
21825,2
21826,1
21827,1
21828,2
21829,0
21830,1
21831,1
21832,2
21833,2
21834,2
21835,2
21836,2
21837,2
21838,2
21839,2
21840,0
21841,2
21842,1
21843,1
21844,2
21845,1
21846,0
21847,1
21848,2
21849,1
21850,1
21851,1
21852,2
21853,2
21854,0
21855,2
21856,1
21857,2
21858,1
21859,2
21860,2
21861,1
21862,1
21863,2
21864,1
21865,2
21866,1
21867,2
21868,2
21869,1
21870,0
21871,1
21872,1
21873,1
21874,0
21875,2
21876,0
21877,2
21878,0
21879,1
21880,2
21881,2
21882,2
21883,2
21884,2
21885,0
21886,2
21887,2
21888,0
21889,0
21890,2
21891,2
21892,2
21893,1
21894,1
21895,2
21896,2
21897,1
21898,2
21899,1
21900,0
21901,0
21902,1
21903,2
21904,2
21905,1
21906,1
21907,1
21908,2
21909,2
21910,2
21911,1
21912,0
21913,2
21914,2
21915,1
21916,0
21917,2
21918,2
21919,2
21920,1
21921,0
21922,2
21923,1
21924,2
21925,2
21926,1
21927,1
21928,2
21929,2
21930,2
21931,2
21932,2
21933,0
21934,2
21935,2
21936,2
21937,2
21938,2
21939,2
21940,2
21941,2
21942,2
21943,2
21944,1
21945,1
21946,0
21947,1
21948,2
21949,1
21950,2
21951,2
21952,2
21953,2
21954,2
21955,2
21956,1
21957,2
21958,2
21959,1
21960,2
21961,2
21962,1
21963,1
21964,1
21965,0
21966,2
21967,2
21968,1
21969,2
21970,1
21971,2
21972,2
21973,2
21974,2
21975,1
21976,1
21977,2
21978,1
21979,2
21980,0
21981,1
21982,1
21983,1
21984,2
21985,1
21986,2
21987,2
21988,1
21989,2
21990,1
21991,2
21992,0
21993,0
21994,0
21995,2
21996,0
21997,1
21998,2
21999,2
22000,0
22001,0
22002,2
22003,1
22004,1
22005,2
22006,2
22007,2
22008,2
22009,2
22010,1
22011,2
22012,0
22013,2
22014,1
22015,0
22016,2
22017,0
22018,1
22019,0
22020,1
22021,2
22022,2
22023,1
22024,2
22025,2
22026,1
22027,2
22028,2
22029,2
22030,1
22031,0
22032,1
22033,2
22034,2
22035,2
22036,2
22037,0
22038,1
22039,2
22040,0
22041,1
22042,2
22043,2
22044,2
22045,1
22046,2
22047,1
22048,2
22049,2
22050,1
22051,1
22052,1
22053,2
22054,1
22055,2
22056,1
22057,1
22058,1
22059,0
22060,2
22061,1
22062,2
22063,2
22064,2
22065,2
22066,2
22067,2
22068,2
22069,2
22070,2
22071,2
22072,1
22073,2
22074,2
22075,0
22076,1
22077,0
22078,2
22079,2
22080,2
22081,2
22082,2
22083,0
22084,2
22085,2
22086,1
22087,2
22088,2
22089,0
22090,1
22091,1
22092,2
22093,2
22094,2
22095,1
22096,2
22097,2
22098,1
22099,2
22100,0
22101,2
22102,2
22103,1
22104,2
22105,0
22106,1
22107,2
22108,2
22109,1
22110,2
22111,2
22112,1
22113,1
22114,1
22115,2
22116,2
22117,2
22118,2
22119,2
22120,2
22121,2
22122,2
22123,1
22124,2
22125,2
22126,2
22127,0
22128,0
22129,2
22130,2
22131,1
22132,2
22133,1
22134,1
22135,2
22136,2
22137,2
22138,0
22139,2
22140,2
22141,2
22142,2
22143,1
22144,2
22145,0
22146,2
22147,2
22148,1
22149,0
22150,1
22151,0
22152,2
22153,0
22154,2
22155,2
22156,1
22157,2
22158,1
22159,2
22160,0
22161,1
22162,1
22163,2
22164,2
22165,2
22166,2
22167,0
22168,1
22169,0
22170,2
22171,1
22172,2
22173,1
22174,0
22175,2
22176,2
22177,2
22178,2
22179,0
22180,2
22181,2
22182,2
22183,0
22184,2
22185,2
22186,2
22187,1
22188,2
22189,2
22190,2
22191,1
22192,2
22193,2
22194,2
22195,1
22196,1
22197,2
22198,0
22199,0
22200,2
22201,2
22202,2
22203,0
22204,2
22205,2
22206,1
22207,2
22208,1
22209,0
22210,2
22211,2
22212,2
22213,2
22214,1
22215,2
22216,0
22217,2
22218,1
22219,1
22220,1
22221,2
22222,2
22223,1
22224,1
22225,2
22226,2
22227,2
22228,2
22229,1
22230,1
22231,2
22232,2
22233,1
22234,1
22235,2
22236,1
22237,0
22238,2
22239,1
22240,0
22241,2
22242,2
22243,2
22244,2
22245,2
22246,2
22247,1
22248,2
22249,0
22250,2
22251,1
22252,2
22253,2
22254,2
22255,2
22256,2
22257,2
22258,2
22259,2
22260,1
22261,2
22262,0
22263,1
22264,2
22265,2
22266,1
22267,2
22268,2
22269,2
22270,1
22271,1
22272,1
22273,2
22274,2
22275,2
22276,1
22277,1
22278,0
22279,1
22280,2
22281,2
22282,1
22283,2
22284,2
22285,1
22286,2
22287,0
22288,2
22289,2
22290,1
22291,2
22292,1
22293,2
22294,0
22295,2
22296,0
22297,2
22298,1
22299,2
22300,1
22301,2
22302,2
22303,2
22304,0
22305,2
22306,1
22307,2
22308,2
22309,2
22310,2
22311,0
22312,2
22313,2
22314,1
22315,0
22316,2
22317,1
22318,2
22319,2
22320,0
22321,0
22322,2
22323,2
22324,1
22325,0
22326,2
22327,2
22328,0
22329,2
22330,2
22331,1
22332,0
22333,0
22334,1
22335,2
22336,1
22337,1
22338,0
22339,2
22340,2
22341,1
22342,2
22343,2
22344,2
22345,2
22346,1
22347,1
22348,1
22349,1
22350,2
22351,1
22352,2
22353,0
22354,2
22355,1
22356,2
22357,1
22358,2
22359,1
22360,1
22361,0
22362,2
22363,2
22364,0
22365,2
22366,0
22367,2
22368,1
22369,2
22370,2
22371,2
22372,2
22373,1
22374,2
22375,2
22376,0
22377,1
22378,2
22379,1
22380,2
22381,2
22382,2
22383,2
22384,1
22385,1
22386,0
22387,2
22388,0
22389,1
22390,2
22391,2
22392,1
22393,2
22394,2
22395,2
22396,2
22397,2
22398,1
22399,1
22400,1
22401,1
22402,0
22403,2
22404,1
22405,1
22406,0
22407,2
22408,2
22409,2
22410,2
22411,2
22412,2
22413,2
22414,1
22415,0
22416,2
22417,2
22418,1
22419,2
22420,2
22421,2
22422,2
22423,2
22424,2
22425,1
22426,2
22427,1
22428,2
22429,2
22430,1
22431,0
22432,2
22433,2
22434,2
22435,2
22436,1
22437,1
22438,2
22439,2
22440,2
22441,0
22442,2
22443,2
22444,2
22445,2
22446,2
22447,1
22448,2
22449,2
22450,2
22451,0
22452,2
22453,2
22454,2
22455,2
22456,2
22457,2
22458,0
22459,2
22460,2
22461,2
22462,0
22463,2
22464,1
22465,1
22466,1
22467,2
22468,0
22469,2
22470,2
22471,1
22472,0
22473,1
22474,0
22475,2
22476,0
22477,1
22478,2
22479,2
22480,2
22481,0
22482,1
22483,1
22484,0
22485,0
22486,1
22487,2
22488,2
22489,2
22490,2
22491,2
22492,1
22493,2
22494,2
22495,1
22496,2
22497,2
22498,2
22499,0
22500,2
22501,2
22502,1
22503,2
22504,2
22505,1
22506,1
22507,1
22508,2
22509,0
22510,1
22511,0
22512,1
22513,2
22514,2
22515,0
22516,0
22517,2
22518,2
22519,1
22520,2
22521,1
22522,2
22523,2
22524,2
22525,2
22526,2
22527,2
22528,2
22529,2
22530,2
22531,2
22532,1
22533,2
22534,1
22535,1
22536,1
22537,1
22538,2
22539,2
22540,0
22541,2
22542,2
22543,2
22544,2
22545,2
22546,2
22547,2
22548,2
22549,2
22550,2
22551,2
22552,2
22553,1
22554,2
22555,0
22556,0
22557,1
22558,0
22559,1
22560,1
22561,2
22562,1
22563,2
22564,2
22565,1
22566,1
22567,2
22568,1
22569,0
22570,2
22571,2
22572,1
22573,2
22574,1
22575,1
22576,1
22577,2
22578,1
22579,2
22580,2
22581,2
22582,0
22583,1
22584,2
22585,2
22586,1
22587,2
22588,2
22589,2
22590,2
22591,1
22592,2
22593,0
22594,2
22595,1
22596,2
22597,2
22598,2
22599,0
22600,2
22601,1
22602,2
22603,1
22604,1
22605,2
22606,1
22607,2
22608,2
22609,1
22610,1
22611,2
22612,1
22613,1
22614,1
22615,2
22616,2
22617,2
22618,1
22619,0
22620,1
22621,2
22622,2
22623,2
22624,2
22625,1
22626,0
22627,1
22628,2
22629,0
22630,2
22631,1
22632,2
22633,1
22634,1
22635,2
22636,2
22637,1
22638,1
22639,1
22640,2
22641,2
22642,1
22643,1
22644,2
22645,1
22646,1
22647,1
22648,1
22649,2
22650,1
22651,2
22652,1
22653,2
22654,2
22655,2
22656,1
22657,0
22658,2
22659,1
22660,2
22661,2
22662,1
22663,2
22664,1
22665,1
22666,1
22667,1
22668,2
22669,2
22670,1
22671,1
22672,2
22673,1
22674,0
22675,1
22676,0
22677,1
22678,1
22679,2
22680,2
22681,0
22682,2
22683,2
22684,2
22685,2
22686,1
22687,2
22688,2
22689,2
22690,1
22691,2
22692,2
22693,1
22694,2
22695,2
22696,2
22697,1
22698,1
22699,1
22700,1
22701,1
22702,2
22703,0
22704,2
22705,2
22706,2
22707,1
22708,0
22709,2
22710,1
22711,2
22712,0
22713,1
22714,2
22715,2
22716,1
22717,2
22718,2
22719,1
22720,1
22721,2
22722,2
22723,2
22724,0
22725,2
22726,2
22727,2
22728,2
22729,1
22730,1
22731,0
22732,1
22733,1
22734,0
22735,2
22736,2
22737,1
22738,1
22739,2
22740,2
22741,2
22742,2
22743,2
22744,2
22745,1
22746,2
22747,2
22748,2
22749,2
22750,1
22751,1
22752,2
22753,1
22754,2
22755,1
22756,2
22757,1
22758,2
22759,0
22760,2
22761,2
22762,2
22763,2
22764,1
22765,2
22766,2
22767,1
22768,2
22769,2
22770,2
22771,2
22772,0
22773,0
22774,2
22775,2
22776,2
22777,2
22778,1
22779,1
22780,1
22781,2
22782,2
22783,2
22784,1
22785,1
22786,1
22787,2
22788,0
22789,1
22790,0
22791,2
22792,2
22793,1
22794,2
22795,0
22796,1
22797,1
22798,1
22799,2
22800,2
22801,2
22802,0
22803,1
22804,2
22805,2
22806,1
22807,1
22808,2
22809,2
22810,1
22811,1
22812,2
22813,2
22814,2
22815,2
22816,2
22817,0
22818,2
22819,2
22820,0
22821,2
22822,1
22823,0
22824,2
22825,0
22826,2
22827,2
22828,2
22829,2
22830,2
22831,1
22832,2
22833,1
22834,0
22835,2
22836,2
22837,1
22838,2
22839,2
22840,2
22841,0
22842,2
22843,0
22844,1
22845,2
22846,0
22847,2
22848,2
22849,1
22850,1
22851,2
22852,2
22853,2
22854,2
22855,1
22856,2
22857,1
22858,2
22859,0
22860,2
22861,2
22862,1
22863,1
22864,2
22865,1
22866,0
22867,2
22868,2
22869,1
22870,1
22871,2
22872,1
22873,2
22874,2
22875,2
22876,2
22877,2
22878,2
22879,0
22880,0
22881,1
22882,0
22883,1
22884,2
22885,2
22886,2
22887,2
22888,2
22889,1
22890,1
22891,2
22892,2
22893,1
22894,0
22895,2
22896,2
22897,0
22898,0
22899,2
22900,2
22901,0
22902,1
22903,1
22904,2
22905,2
22906,1
22907,2
22908,1
22909,2
22910,2
22911,1
22912,1
22913,1
22914,2
22915,2
22916,2
22917,1
22918,2
22919,0
22920,1
22921,1
22922,1
22923,2
22924,0
22925,2
22926,2
22927,1
22928,2
22929,2
22930,1
22931,1
22932,2
22933,1
22934,0
22935,2
22936,1
22937,0
22938,0
22939,2
22940,2
22941,2
22942,2
22943,2
22944,2
22945,2
22946,2
22947,1
22948,1
22949,2
22950,2
22951,2
22952,1
22953,1
22954,2
22955,2
22956,2
22957,2
22958,2
22959,2
22960,2
22961,2
22962,2
22963,2
22964,2
22965,2
22966,2
22967,2
22968,2
22969,2
22970,2
22971,0
22972,0
22973,0
22974,0
22975,2
22976,2
22977,1
22978,2
22979,1
22980,1
22981,2
22982,1
22983,1
22984,2
22985,2
22986,0
22987,1
22988,0
22989,2
22990,2
22991,1
22992,2
22993,2
22994,2
22995,2
22996,1
22997,2
22998,2
22999,2
23000,1
23001,2
23002,2
23003,1
23004,2
23005,2
23006,1
23007,1
23008,2
23009,2
23010,2
23011,2
23012,1
23013,1
23014,2
23015,1
23016,1
23017,2
23018,2
23019,2
23020,0
23021,1
23022,1
23023,1
23024,2
23025,1
23026,1
23027,0
23028,1
23029,1
23030,2
23031,2
23032,1
23033,2
23034,2
23035,2
23036,2
23037,2
23038,2
23039,2
23040,2
23041,2
23042,2
23043,2
23044,1
23045,2
23046,2
23047,2
23048,0
23049,2
23050,0
23051,2
23052,0
23053,1
23054,1
23055,1
23056,1
23057,2
23058,2
23059,2
23060,2
23061,2
23062,2
23063,0
23064,0
23065,2
23066,1
23067,2
23068,0
23069,1
23070,2
23071,2
23072,2
23073,1
23074,1
23075,1
23076,1
23077,1
23078,1
23079,1
23080,0
23081,1
23082,2
23083,2
23084,2
23085,2
23086,2
23087,1
23088,1
23089,2
23090,2
23091,2
23092,2
23093,1
23094,1
23095,2
23096,1
23097,2
23098,0
23099,2
23100,1
23101,2
23102,2
23103,1
23104,2
23105,2
23106,1
23107,2
23108,1
23109,2
23110,2
23111,2
23112,1
23113,2
23114,1
23115,2
23116,1
23117,2
23118,2
23119,2
23120,2
23121,0
23122,2
23123,2
23124,1
23125,0
23126,0
23127,1
23128,2
23129,1
23130,2
23131,1
23132,1
23133,2
23134,2
23135,1
23136,1
23137,2
23138,0
23139,1
23140,2
23141,2
23142,2
23143,2
23144,2
23145,2
23146,0
23147,2
23148,2
23149,2
23150,0
23151,2
23152,2
23153,2
23154,2
23155,2
23156,1
23157,2
23158,2
23159,2
23160,2
23161,1
23162,2
23163,2
23164,2
23165,2
23166,2
23167,2
23168,1
23169,0
23170,1
23171,2
23172,1
23173,2
23174,1
23175,2
23176,2
23177,0
23178,2
23179,2
23180,0
23181,0
23182,2
23183,0
23184,1
23185,2
23186,2
23187,0
23188,2
23189,2
23190,1
23191,2
23192,1
23193,2
23194,2
23195,2
23196,2
23197,2
23198,2
23199,1
23200,2
23201,0
23202,2
23203,2
23204,0
23205,2
23206,2
23207,2
23208,2
23209,2
23210,1
23211,2
23212,2
23213,0
23214,0
23215,0
23216,2
23217,1
23218,2
23219,2
23220,2
23221,2
23222,2
23223,0
23224,2
23225,2
23226,2
23227,1
23228,2
23229,2
23230,1
23231,2
23232,1
23233,2
23234,2
23235,1
23236,2
23237,2
23238,2
23239,2
23240,0
23241,2
23242,2
23243,1
23244,2
23245,1
23246,2
23247,2
23248,0
23249,2
23250,1
23251,1
23252,2
23253,1
23254,1
23255,0
23256,1
23257,1
23258,0
23259,2
23260,1
23261,2
23262,1
23263,1
23264,0
23265,2
23266,1
23267,2
23268,2
23269,2
23270,1
23271,2
23272,1
23273,2
23274,2
23275,0
23276,1
23277,2
23278,2
23279,2
23280,1
23281,2
23282,2
23283,0
23284,2
23285,1
23286,2
23287,1
23288,2
23289,2
23290,1
23291,2
23292,0
23293,2
23294,0
23295,2
23296,2
23297,1
23298,2
23299,1
23300,1
23301,2
23302,0
23303,2
23304,1
23305,2
23306,2
23307,2
23308,2
23309,2
23310,0
23311,1
23312,1
23313,2
23314,2
23315,2
23316,2
23317,1
23318,2
23319,2
23320,2
23321,1
23322,1
23323,0
23324,0
23325,2
23326,2
23327,2
23328,0
23329,1
23330,2
23331,2
23332,2
23333,0
23334,2
23335,0
23336,2
23337,2
23338,1
23339,2
23340,2
23341,1
23342,2
23343,2
23344,0
23345,2
23346,0
23347,2
23348,2
23349,2
23350,2
23351,2
23352,2
23353,2
23354,2
23355,0
23356,2
23357,2
23358,2
23359,2
23360,1
23361,2
23362,2
23363,1
23364,2
23365,1
23366,2
23367,1
23368,2
23369,0
23370,1
23371,1
23372,0
23373,2
23374,0
23375,2
23376,2
23377,2
23378,2
23379,2
23380,0
23381,2
23382,2
23383,2
23384,1
23385,2
23386,2
23387,2
23388,2
23389,2
23390,1
23391,0
23392,2
23393,2
23394,1
23395,2
23396,2
23397,2
23398,2
23399,0
23400,1
23401,2
23402,2
23403,2
23404,1
23405,2
23406,2
23407,0
23408,0
23409,1
23410,2
23411,2
23412,2
23413,2
23414,0
23415,2
23416,1
23417,1
23418,2
23419,1
23420,2
23421,1
23422,1
23423,2
23424,2
23425,0
23426,1
23427,1
23428,0
23429,2
23430,2
23431,2
23432,1
23433,2
23434,1
23435,2
23436,0
23437,1
23438,2
23439,2
23440,2
23441,2
23442,0
23443,2
23444,2
23445,2
23446,2
23447,1
23448,2
23449,2
23450,2
23451,2
23452,2
23453,2
23454,0
23455,2
23456,0
23457,2
23458,2
23459,2
23460,2
23461,2
23462,0
23463,2
23464,2
23465,2
23466,1
23467,1
23468,2
23469,2
23470,2
23471,2
23472,2
23473,2
23474,0
23475,2
23476,1
23477,1
23478,1
23479,2
23480,2
23481,2
23482,2
23483,2
23484,0
23485,0
23486,2
23487,0
23488,2
23489,2
23490,2
23491,2
23492,1
23493,2
23494,1
23495,2
23496,0
23497,2
23498,2
23499,2
23500,0
23501,1
23502,2
23503,0
23504,1
23505,1
23506,2
23507,2
23508,0
23509,2
23510,2
23511,2
23512,1
23513,2
23514,2
23515,2
23516,2
23517,2
23518,2
23519,2
23520,2
23521,0
23522,1
23523,1
23524,1
23525,2
23526,1
23527,0
23528,2
23529,1
23530,2
23531,2
23532,2
23533,2
23534,2
23535,2
23536,1
23537,2
23538,1
23539,1
23540,2
23541,2
23542,1
23543,1
23544,2
23545,2
23546,2
23547,2
23548,2
23549,2
23550,2
23551,2
23552,2
23553,2
23554,2
23555,2
23556,2
23557,2
23558,2
23559,1
23560,2
23561,2
23562,2
23563,2
23564,2
23565,2
23566,1
23567,0
23568,1
23569,2
23570,2
23571,2
23572,2
23573,2
23574,2
23575,1
23576,2
23577,2
23578,2
23579,2
23580,2
23581,1
23582,0
23583,2
23584,2
23585,2
23586,2
23587,0
23588,2
23589,2
23590,2
23591,1
23592,0
23593,2
23594,1
23595,1
23596,0
23597,2
23598,2
23599,2
23600,2
23601,2
23602,2
23603,0
23604,1
23605,1
23606,2
23607,0
23608,2
23609,2
23610,0
23611,2
23612,1
23613,0
23614,1
23615,0
23616,1
23617,2
23618,1
23619,2
23620,1
23621,1
23622,1
23623,2
23624,2
23625,2
23626,2
23627,2
23628,1
23629,1
23630,2
23631,0
23632,1
23633,2
23634,1
23635,1
23636,0
23637,2
23638,1
23639,1
23640,0
23641,2
23642,2
23643,2
23644,2
23645,2
23646,0
23647,2
23648,1
23649,2
23650,1
23651,1
23652,2
23653,0
23654,2
23655,2
23656,2
23657,1
23658,0
23659,2
23660,1
23661,1
23662,2
23663,1
23664,0
23665,2
23666,2
23667,2
23668,1
23669,2
23670,1
23671,2
23672,2
23673,0
23674,1
23675,2
23676,0
23677,1
23678,1
23679,1
23680,1
23681,1
23682,2
23683,1
23684,2
23685,2
23686,1
23687,2
23688,2
23689,2
23690,2
23691,1
23692,1
23693,2
23694,2
23695,2
23696,0
23697,1
23698,2
23699,2
23700,2
23701,0
23702,1
23703,1
23704,1
23705,2
23706,1
23707,0
23708,2
23709,1
23710,1
23711,2
23712,1
23713,2
23714,2
23715,2
23716,0
23717,1
23718,0
23719,1
23720,1
23721,2
23722,2
23723,2
23724,2
23725,2
23726,2
23727,2
23728,2
23729,2
23730,1
23731,2
23732,0
23733,2
23734,1
23735,1
23736,1
23737,0
23738,1
23739,2
23740,1
23741,2
23742,2
23743,2
23744,0
23745,1
23746,2
23747,1
23748,0
23749,2
23750,0
23751,2
23752,2
23753,2
23754,1
23755,2
23756,1
23757,1
23758,1
23759,1
23760,0
23761,1
23762,2
23763,2
23764,2
23765,0
23766,1
23767,2
23768,2
23769,2
23770,2
23771,2
23772,0
23773,1
23774,2
23775,1
23776,0
23777,1
23778,1
23779,1
23780,1
23781,1
23782,2
23783,2
23784,2
23785,1
23786,1
23787,2
23788,2
23789,2
23790,1
23791,2
23792,2
23793,1
23794,1
23795,1
23796,0
23797,2
23798,1
23799,1
23800,1
23801,0
23802,2
23803,0
23804,2
23805,2
23806,2
23807,0
23808,2
23809,2
23810,2
23811,0
23812,2
23813,0
23814,0
23815,2
23816,2
23817,1
23818,0
23819,0
23820,0
23821,2
23822,1
23823,2
23824,2
23825,2
23826,2
23827,2
23828,1
23829,1
23830,2
23831,0
23832,2
23833,2
23834,1
23835,1
23836,1
23837,2
23838,2
23839,2
23840,2
23841,2
23842,2
23843,2
23844,2
23845,2
23846,2
23847,2
23848,2
23849,1
23850,2
23851,2
23852,2
23853,1
23854,1
23855,2
23856,1
23857,1
23858,2
23859,1
23860,2
23861,1
23862,1
23863,2
23864,2
23865,1
23866,2
23867,2
23868,0
23869,0
23870,2
23871,2
23872,2
23873,1
23874,2
23875,2
23876,1
23877,2
23878,2
23879,0
23880,1
23881,2
23882,2
23883,2
23884,1
23885,2
23886,1
23887,2
23888,2
23889,1
23890,1
23891,2
23892,2
23893,1
23894,0
23895,2
23896,2
23897,2
23898,0
23899,2
23900,2
23901,1
23902,2
23903,2
23904,2
23905,2
23906,1
23907,1
23908,2
23909,1
23910,0
23911,1
23912,2
23913,0
23914,0
23915,2
23916,1
23917,2
23918,2
23919,0
23920,0
23921,2
23922,2
23923,0
23924,0
23925,2
23926,2
23927,1
23928,2
23929,1
23930,0
23931,2
23932,2
23933,2
23934,2
23935,2
23936,2
23937,2
23938,0
23939,2
23940,2
23941,2
23942,1
23943,2
23944,1
23945,2
23946,1
23947,0
23948,1
23949,2
23950,0
23951,2
23952,2
23953,1
23954,2
23955,2
23956,1
23957,2
23958,2
23959,2
23960,2
23961,2
23962,2
23963,2
23964,2
23965,2
23966,2
23967,1
23968,0
23969,2
23970,1
23971,2
23972,1
23973,1
23974,2
23975,1
23976,1
23977,1
23978,1
23979,2
23980,2
23981,0
23982,0
23983,1
23984,2
23985,2
23986,2
23987,2
23988,0
23989,2
23990,2
23991,1
23992,2
23993,0
23994,2
23995,1
23996,2
23997,0
23998,1
23999,2
24000,0
24001,1
24002,0
24003,0
24004,2
24005,2
24006,1
24007,2
24008,1
24009,1
24010,0
24011,2
24012,2
24013,1
24014,0
24015,1
24016,2
24017,2
24018,0
24019,2
24020,2
24021,2
24022,1
24023,1
24024,1
24025,1
24026,2
24027,2
24028,2
24029,0
24030,1
24031,2
24032,0
24033,1
24034,0
24035,2
24036,1
24037,2
24038,2
24039,0
24040,2
24041,2
24042,0
24043,2
24044,2
24045,2
24046,0
24047,2
24048,2
24049,1
24050,0
24051,1
24052,2
24053,1
24054,2
24055,0
24056,1
24057,1
24058,2
24059,0
24060,2
24061,2
24062,1
24063,1
24064,2
24065,0
24066,2
24067,2
24068,0
24069,1
24070,2
24071,2
24072,2
24073,1
24074,2
24075,0
24076,2
24077,0
24078,2
24079,2
24080,2
24081,1
24082,1
24083,0
24084,2
24085,2
24086,1
24087,0
24088,1
24089,1
24090,2
24091,2
24092,0
24093,2
24094,2
24095,2
24096,2
24097,2
24098,0
24099,2
24100,2
24101,2
24102,2
24103,2
24104,2
24105,2
24106,2
24107,2
24108,2
24109,0
24110,1
24111,2
24112,0
24113,1
24114,0
24115,2
24116,2
24117,0
24118,1
24119,2
24120,2
24121,2
24122,1
24123,0
24124,2
24125,2
24126,1
24127,1
24128,2
24129,1
24130,2
24131,2
24132,1
24133,2
24134,2
24135,2
24136,2
24137,2
24138,2
24139,1
24140,2
24141,1
24142,2
24143,2
24144,2
24145,2
24146,2
24147,2
24148,2
24149,1
24150,1
24151,1
24152,1
24153,2
24154,2
24155,1
24156,2
24157,2
24158,1
24159,2
24160,2
24161,1
24162,1
24163,2
24164,1
24165,0
24166,1
24167,1
24168,2
24169,2
24170,2
24171,2
24172,2
24173,2
24174,1
24175,1
24176,1
24177,2
24178,1
24179,1
24180,1
24181,1
24182,1
24183,2
24184,2
24185,2
24186,1
24187,0
24188,2
24189,2
24190,1
24191,2
24192,1
24193,2
24194,2
24195,1
24196,0
24197,2
24198,2
24199,2
24200,1
24201,1
24202,0
24203,2
24204,2
24205,0
24206,1
24207,2
24208,2
24209,1
24210,2
24211,2
24212,2
24213,2
24214,2
24215,2
24216,2
24217,2
24218,2
24219,2
24220,2
24221,1
24222,1
24223,1
24224,0
24225,2
24226,1
24227,2
24228,0
24229,1
24230,1
24231,2
24232,2
24233,1
24234,2
24235,1
24236,2
24237,2
24238,2
24239,1
24240,1
24241,2
24242,2
24243,2
24244,2
24245,1
24246,2
24247,2
24248,2
24249,2
24250,2
24251,2
24252,0
24253,2
24254,2
24255,2
24256,2
24257,2
24258,2
24259,1
24260,2
24261,0
24262,1
24263,2
24264,2
24265,2
24266,2
24267,1
24268,2
24269,2
24270,1
24271,2
24272,0
24273,2
24274,1
24275,1
24276,0
24277,0
24278,2
24279,1
24280,2
24281,2
24282,2
24283,2
24284,2
24285,2
24286,2
24287,1
24288,2
24289,2
24290,1
24291,2
24292,2
24293,2
24294,1
24295,2
24296,1
24297,0
24298,1
24299,2
24300,2
24301,2
24302,2
24303,2
24304,0
24305,2
24306,2
24307,1
24308,2
24309,0
24310,1
24311,2
24312,0
24313,2
24314,2
24315,2
24316,2
24317,2
24318,2
24319,2
24320,2
24321,2
24322,2
24323,2
24324,2
24325,2
24326,2
24327,2
24328,2
24329,2
24330,2
24331,0
24332,1
24333,2
24334,2
24335,0
24336,2
24337,2
24338,2
24339,1
24340,1
24341,2
24342,2
24343,1
24344,2
24345,2
24346,2
24347,1
24348,2
24349,1
24350,1
24351,2
24352,0
24353,2
24354,1
24355,2
24356,2
24357,2
24358,2
24359,2
24360,1
24361,0
24362,2
24363,0
24364,1
24365,1
24366,2
24367,2
24368,2
24369,1
24370,1
24371,2
24372,2
24373,2
24374,2
24375,1
24376,1
24377,1
24378,1
24379,1
24380,2
24381,2
24382,2
24383,1
24384,2
24385,2
24386,0
24387,1
24388,2
24389,1
24390,0
24391,2
24392,2
24393,2
24394,2
24395,1
24396,2
24397,2
24398,0
24399,2
24400,2
24401,1
24402,2
24403,2
24404,1
24405,2
24406,1
24407,2
24408,1
24409,0
24410,1
24411,0
24412,2
24413,2
24414,2
24415,1
24416,2
24417,2
24418,2
24419,2
24420,1
24421,2
24422,1
24423,2
24424,2
24425,2
24426,2
24427,1
24428,2
24429,2
24430,1
24431,0
24432,2
24433,2
24434,2
24435,1
24436,2
24437,1
24438,2
24439,2
24440,1
24441,1
24442,2
24443,2
24444,1
24445,2
24446,0
24447,2
24448,0
24449,2
24450,2
24451,0
24452,2
24453,2
24454,2
24455,1
24456,2
24457,0
24458,2
24459,2
24460,0
24461,1
24462,1
24463,1
24464,2
24465,1
24466,2
24467,2
24468,2
24469,1
24470,1
24471,2
24472,0
24473,1
24474,2
24475,1
24476,1
24477,2
24478,2
24479,2
24480,2
24481,2
24482,2
24483,0
24484,2
24485,2
24486,2
24487,2
24488,0
24489,1
24490,0
24491,2
24492,2
24493,0
24494,2
24495,1
24496,2
24497,2
24498,2
24499,2
24500,0
24501,1
24502,1
24503,0
24504,1
24505,2
24506,2
24507,2
24508,0
24509,0
24510,2
24511,2
24512,2
24513,1
24514,1
24515,2
24516,0
24517,2
24518,2
24519,2
24520,1
24521,2
24522,2
24523,0
24524,1
24525,2
24526,2
24527,1
24528,1
24529,2
24530,2
24531,2
24532,2
24533,2
24534,1
24535,2
24536,2
24537,2
24538,1
24539,2
24540,0
24541,2
24542,1
24543,2
24544,0
24545,2
24546,0
24547,1
24548,2
24549,0
24550,2
24551,2
24552,1
24553,1
24554,2
24555,1
24556,1
24557,1
24558,0
24559,0
24560,0
24561,2
24562,1
24563,2
24564,2
24565,0
24566,1
24567,2
24568,0
24569,2
24570,1
24571,1
24572,1
24573,1
24574,2
24575,1
24576,2
24577,1
24578,2
24579,0
24580,2
24581,1
24582,1
24583,1
24584,0
24585,1
24586,1
24587,0
24588,2
24589,2
24590,2
24591,2
24592,2
24593,2
24594,2
24595,0
24596,0
24597,0
24598,2
24599,2
24600,1
24601,2
24602,2
24603,1
24604,1
24605,1
24606,1
24607,1
24608,1
24609,0
24610,2
24611,1
24612,1
24613,0
24614,2
24615,1
24616,0
24617,1
24618,2
24619,2
24620,2
24621,1
24622,0
24623,1
24624,0
24625,2
24626,0
24627,2
24628,2
24629,2
24630,0
24631,1
24632,1
24633,2
24634,2
24635,1
24636,1
24637,2
24638,1
24639,0
24640,2
24641,2
24642,1
24643,2
24644,2
24645,2
24646,2
24647,2
24648,2
24649,0
24650,2
24651,2
24652,0
24653,2
24654,2
24655,2
24656,2
24657,2
24658,2
24659,0
24660,1
24661,1
24662,2
24663,2
24664,1
24665,1
24666,2
24667,1
24668,2
24669,1
24670,2
24671,1
24672,1
24673,1
24674,2
24675,1
24676,2
24677,2
24678,2
24679,2
24680,1
24681,0
24682,2
24683,2
24684,1
24685,2
24686,2
24687,2
24688,1
24689,1
24690,2
24691,2
24692,2
24693,2
24694,2
24695,2
24696,1
24697,1
24698,0
24699,2
24700,2
24701,1
24702,2
24703,1
24704,2
24705,1
24706,2
24707,2
24708,2
24709,2
24710,1
24711,2
24712,0
24713,1
24714,2
24715,2
24716,0
24717,2
24718,2
24719,2
24720,0
24721,0
24722,2
24723,2
24724,0
24725,2
24726,1
24727,2
24728,0
24729,1
24730,1
24731,2
24732,1
24733,0
24734,0
24735,2
24736,2
24737,1
24738,1
24739,2
24740,1
24741,2
24742,2
24743,2
24744,2
24745,0
24746,2
24747,2
24748,2
24749,2
24750,1
24751,2
24752,2
24753,2
24754,2
24755,1
24756,2
24757,2
24758,1
24759,2
24760,2
24761,2
24762,2
24763,1
24764,1
24765,2
24766,1
24767,2
24768,1
24769,1
24770,2
24771,2
24772,1
24773,1
24774,2
24775,1
24776,1
24777,1
24778,2
24779,2
24780,2
24781,1
24782,1
24783,2
24784,0
24785,1
24786,2
24787,1
24788,2
24789,2
24790,1
24791,0
24792,1
24793,2
24794,0
24795,2
24796,0
24797,2
24798,1
24799,0
24800,1
24801,1
24802,2
24803,2
24804,0
24805,2
24806,0
24807,1
24808,1
24809,2
24810,2
24811,2
24812,0
24813,2
24814,1
24815,2
24816,2
24817,2
24818,2
24819,1
24820,2
24821,2
24822,2
24823,2
24824,2
24825,2
24826,1
24827,2
24828,2
24829,2
24830,1
24831,2
24832,2
24833,1
24834,0
24835,0
24836,1
24837,2
24838,2
24839,2
24840,2
24841,2
24842,2
24843,2
24844,1
24845,2
24846,2
24847,1
24848,1
24849,2
24850,2
24851,2
24852,1
24853,1
24854,2
24855,2
24856,1
24857,1
24858,2
24859,0
24860,1
24861,2
24862,1
24863,2
24864,1
24865,0
24866,2
24867,2
24868,2
24869,2
24870,2
24871,1
24872,2
24873,2
24874,1
24875,2
24876,2
24877,1
24878,1
24879,1
24880,2
24881,0
24882,0
24883,1
24884,2
24885,1
24886,2
24887,2
24888,2
24889,2
24890,1
24891,2
24892,2
24893,2
24894,1
24895,1
24896,2
24897,2
24898,0
24899,1
24900,1
24901,2
24902,2
24903,2
24904,1
24905,2
24906,1
24907,1
24908,0
24909,2
24910,2
24911,2
24912,2
24913,2
24914,2
24915,1
24916,2
24917,2
24918,0
24919,1
24920,2
24921,0
24922,2
24923,2
24924,0
24925,2
24926,2
24927,2
24928,1
24929,0
24930,2
24931,0
24932,1
24933,2
24934,1
24935,1
24936,1
24937,1
24938,0
24939,1
24940,2
24941,2
24942,1
24943,2
24944,1
24945,1
24946,2
24947,2
24948,0
24949,2
24950,1
24951,1
24952,1
24953,1
24954,2
24955,2
24956,2
24957,2
24958,2
24959,2
24960,1
24961,2
24962,2
24963,0
24964,2
24965,2
24966,2
24967,1
24968,2
24969,2
24970,1
24971,2
24972,0
24973,1
24974,2
24975,2
24976,2
24977,2
24978,2
24979,2
24980,2
24981,2
24982,2
24983,2
24984,1
24985,1
24986,2
24987,0
24988,2
24989,2
24990,2
24991,0
24992,2
24993,2
24994,0
24995,0
24996,2
24997,1
24998,2
24999,1
25000,2
25001,2
25002,2
25003,2
25004,0
25005,1
25006,1
25007,2
25008,1
25009,2
25010,1
25011,0
25012,1
25013,2
25014,1
25015,2
25016,1
25017,2
25018,2
25019,1
25020,2
25021,2
25022,2
25023,1
25024,2
25025,1
25026,2
25027,1
25028,2
25029,2
25030,2
25031,1
25032,0
25033,1
25034,2
25035,2
25036,2
25037,2
25038,1
25039,2
25040,2
25041,0
25042,2
25043,1
25044,0
25045,2
25046,1
25047,2
25048,2
25049,1
25050,1
25051,2
25052,2
25053,1
25054,2
25055,0
25056,1
25057,1
25058,2
25059,2
25060,0
25061,2
25062,2
25063,2
25064,1
25065,1
25066,2
25067,2
25068,2
25069,2
25070,1
25071,1
25072,2
25073,2
25074,2
25075,2
25076,2
25077,2
25078,2
25079,2
25080,0
25081,1
25082,2
25083,1
25084,2
25085,1
25086,2
25087,1
25088,2
25089,0
25090,1
25091,1
25092,2
25093,2
25094,0
25095,2
25096,2
25097,2
25098,2
25099,2
25100,2
25101,2
25102,1
25103,2
25104,2
25105,2
25106,2
25107,2
25108,1
25109,2
25110,2
25111,2
25112,2
25113,2
25114,2
25115,2
25116,2
25117,1
25118,0
25119,2
25120,1
25121,2
25122,2
25123,1
25124,1
25125,0
25126,2
25127,1
25128,2
25129,0
25130,1
25131,2
25132,0
25133,1
25134,0
25135,2
25136,1
25137,2
25138,0
25139,0
25140,2
25141,2
25142,0
25143,2
25144,2
25145,0
25146,1
25147,0
25148,2
25149,0
25150,1
25151,0
25152,2
25153,1
25154,1
25155,2
25156,2
25157,2
25158,2
25159,2
25160,0
25161,2
25162,1
25163,0
25164,0
25165,1
25166,2
25167,2
25168,2
25169,0
25170,2
25171,0
25172,1
25173,2
25174,2
25175,1
25176,2
25177,2
25178,1
25179,1
25180,2
25181,2
25182,2
25183,2
25184,1
25185,1
25186,0
25187,2
25188,1
25189,1
25190,2
25191,1
25192,2
25193,1
25194,2
25195,1
25196,1
25197,2
25198,1
25199,2
25200,1
25201,1
25202,2
25203,2
25204,2
25205,1
25206,1
25207,1
25208,2
25209,2
25210,2
25211,1
25212,0
25213,2
25214,2
25215,0
25216,2
25217,2
25218,1
25219,1
25220,2
25221,1
25222,2
25223,0
25224,2
25225,1
25226,1
25227,2
25228,1
25229,1
25230,1
25231,2
25232,1
25233,2
25234,1
25235,1
25236,0
25237,2
25238,2
25239,2
25240,1
25241,2
25242,2
25243,2
25244,1
25245,0
25246,2
25247,2
25248,2
25249,1
25250,1
25251,2
25252,2
25253,2
25254,0
25255,2
25256,2
25257,1
25258,2
25259,2
25260,1
25261,0
25262,2
25263,2
25264,2
25265,2
25266,2
25267,1
25268,2
25269,2
25270,2
25271,2
25272,2
25273,2
25274,1
25275,1
25276,2
25277,2
25278,0
25279,0
25280,2
25281,2
25282,2
25283,2
25284,2
25285,1
25286,0
25287,2
25288,1
25289,0
25290,1
25291,0
25292,1
25293,2
25294,1
25295,2
25296,2
25297,2
25298,2
25299,2
25300,1
25301,2
25302,2
25303,2
25304,1
25305,2
25306,2
25307,2
25308,1
25309,1
25310,2
25311,1
25312,2
25313,1
25314,1
25315,2
25316,2
25317,2
25318,2
25319,2
25320,2
25321,2
25322,2
25323,2
25324,2
25325,2
25326,2
25327,2
25328,0
25329,2
25330,1
25331,2
25332,2
25333,2
25334,1
25335,1
25336,2
25337,0
25338,1
25339,1
25340,1
25341,2
25342,1
25343,1
25344,1
25345,2
25346,2
25347,2
25348,0
25349,2
25350,1
25351,2
25352,2
25353,2
25354,2
25355,2
25356,1
25357,2
25358,0
25359,2
25360,1
25361,0
25362,0
25363,1
25364,2
25365,1
25366,1
25367,2
25368,2
25369,2
25370,0
25371,2
25372,1
25373,2
25374,2
25375,0
25376,2
25377,0
25378,0
25379,2
25380,2
25381,2
25382,1
25383,1
25384,2
25385,1
25386,0
25387,2
25388,2
25389,2
25390,2
25391,2
25392,2
25393,0
25394,0
25395,1
25396,2
25397,2
25398,0
25399,0
25400,2
25401,2
25402,2
25403,1
25404,1
25405,1
25406,2
25407,1
25408,1
25409,2
25410,2
25411,2
25412,2
25413,2
25414,0
25415,2
25416,0
25417,2
25418,1
25419,2
25420,0
25421,1
25422,0
25423,1
25424,2
25425,1
25426,2
25427,2
25428,0
25429,2
25430,1
25431,0
25432,2
25433,2
25434,2
25435,2
25436,2
25437,1
25438,1
25439,2
25440,0
25441,2
25442,1
25443,2
25444,0
25445,2
25446,2
25447,1
25448,0
25449,2
25450,2
25451,1
25452,2
25453,2
25454,0
25455,2
25456,2
25457,2
25458,2
25459,0
25460,2
25461,2
25462,2
25463,2
25464,1
25465,1
25466,2
25467,2
25468,2
25469,2
25470,2
25471,1
25472,1
25473,2
25474,1
25475,1
25476,2
25477,1
25478,2
25479,1
25480,1
25481,2
25482,2
25483,2
25484,2
25485,0
25486,2
25487,2
25488,2
25489,1
25490,2
25491,1
25492,2
25493,1
25494,2
25495,2
25496,2
25497,1
25498,2
25499,2
25500,1
25501,1
25502,2
25503,1
25504,1
25505,2
25506,1
25507,1
25508,1
25509,0
25510,2
25511,2
25512,2
25513,1
25514,2
25515,1
25516,2
25517,2
25518,0
25519,1
25520,2
25521,1
25522,0
25523,2
25524,2
25525,2
25526,1
25527,2
25528,0
25529,2
25530,1
25531,1
25532,1
25533,0
25534,2
25535,2
25536,2
25537,2
25538,1
25539,2
25540,1
25541,1
25542,0
25543,1
25544,0
25545,2
25546,1
25547,2
25548,0
25549,1
25550,2
25551,2
25552,1
25553,2
25554,1
25555,0
25556,2
25557,1
25558,1
25559,2
25560,2
25561,2
25562,1
25563,2
25564,2
25565,2
25566,1
25567,2
25568,1
25569,2
25570,2
25571,2
25572,2
25573,2
25574,1
25575,1
25576,1
25577,1
25578,0
25579,2
25580,2
25581,2
25582,0
25583,1
25584,2
25585,2
25586,2
25587,2
25588,0
25589,2
25590,0
25591,1
25592,1
25593,2
25594,0
25595,2
25596,2
25597,1
25598,0
25599,1
25600,2
25601,2
25602,2
25603,2
25604,2
25605,2
25606,2
25607,1
25608,1
25609,0
25610,0
25611,2
25612,2
25613,0
25614,1
25615,2
25616,2
25617,1
25618,1
25619,1
25620,0
25621,2
25622,1
25623,2
25624,2
25625,0
25626,2
25627,0
25628,2
25629,1
25630,2
25631,2
25632,2
25633,0
25634,1
25635,2
25636,0
25637,2
25638,2
25639,1
25640,1
25641,1
25642,2
25643,2
25644,0
25645,1
25646,2
25647,2
25648,1
25649,2
25650,1
25651,2
25652,2
25653,2
25654,1
25655,2
25656,0
25657,2
25658,2
25659,2
25660,2
25661,1
25662,2
25663,2
25664,1
25665,2
25666,2
25667,1
25668,2
25669,2
25670,2
25671,2
25672,2
25673,2
25674,2
25675,1
25676,2
25677,2
25678,2
25679,1
25680,2
25681,0
25682,0
25683,1
25684,2
25685,2
25686,2
25687,1
25688,2
25689,1
25690,0
25691,2
25692,0
25693,1
25694,1
25695,2
25696,2
25697,2
25698,2
25699,2
25700,2
25701,0
25702,1
25703,2
25704,1
25705,0
25706,1
25707,2
25708,2
25709,0
25710,1
25711,1
25712,2
25713,1
25714,1
25715,1
25716,2
25717,2
25718,1
25719,2
25720,2
25721,0
25722,1
25723,1
25724,1
25725,2
25726,1
25727,2
25728,2
25729,2
25730,2
25731,0
25732,2
25733,1
25734,1
25735,2
25736,2
25737,0
25738,1
25739,1
25740,2
25741,0
25742,1
25743,0
25744,2
25745,2
25746,0
25747,0
25748,2
25749,2
25750,2
25751,2
25752,2
25753,2
25754,2
25755,2
25756,1
25757,2
25758,2
25759,2
25760,1
25761,1
25762,2
25763,2
25764,2
25765,2
25766,2
25767,2
25768,2
25769,2
25770,2
25771,2
25772,2
25773,1
25774,2
25775,1
25776,1
25777,1
25778,0
25779,0
25780,1
25781,1
25782,0
25783,0
25784,2
25785,1
25786,2
25787,2
25788,1
25789,0
25790,2
25791,2
25792,2
25793,2
25794,0
25795,0
25796,0
25797,2
25798,2
25799,2
25800,2
25801,0
25802,2
25803,1
25804,1
25805,2
25806,1
25807,2
25808,2
25809,1
25810,1
25811,0
25812,2
25813,0
25814,2
25815,1
25816,1
25817,2
25818,2
25819,2
25820,2
25821,2
25822,2
25823,2
25824,0
25825,1
25826,2
25827,2
25828,2
25829,1
25830,1
25831,1
25832,1
25833,1
25834,1
25835,0
25836,2
25837,2
25838,2
25839,1
25840,1
25841,1
25842,0
25843,1
25844,2
25845,1
25846,1
25847,2
25848,2
25849,2
25850,2
25851,2
25852,1
25853,2
25854,0
25855,2
25856,0
25857,0
25858,1
25859,1
25860,1
25861,2
25862,2
25863,1
25864,2
25865,2
25866,2
25867,0
25868,1
25869,2
25870,2
25871,1
25872,1
25873,2
25874,1
25875,1
25876,2
25877,1
25878,1
25879,2
25880,2
25881,2
25882,2
25883,2
25884,1
25885,2
25886,2
25887,0
25888,1
25889,2
25890,2
25891,2
25892,2
25893,2
25894,0
25895,1
25896,2
25897,2
25898,2
25899,2
25900,2
25901,0
25902,2
25903,1
25904,2
25905,2
25906,2
25907,1
25908,0
25909,0
25910,1
25911,1
25912,2
25913,2
25914,1
25915,2
25916,0
25917,1
25918,2
25919,2
25920,0
25921,1
25922,2
25923,2
25924,2
25925,1
25926,2
25927,1
25928,1
25929,1
25930,2
25931,1
25932,1
25933,1
25934,0
25935,1
25936,2
25937,1
25938,2
25939,1
25940,1
25941,0
25942,2
25943,2
25944,2
25945,2
25946,2
25947,1
25948,2
25949,2
25950,2
25951,1
25952,2
25953,1
25954,2
25955,1
25956,1
25957,2
25958,2
25959,1
25960,0
25961,2
25962,2
25963,2
25964,0
25965,2
25966,2
25967,0
25968,1
25969,2
25970,2
25971,1
25972,1
25973,2
25974,1
25975,1
25976,0
25977,1
25978,2
25979,2
25980,2
25981,1
25982,2
25983,2
25984,2
25985,0
25986,1
25987,1
25988,0
25989,1
25990,1
25991,1
25992,2
25993,2
25994,2
25995,1
25996,2
25997,2
25998,2
25999,0
26000,2
26001,2
26002,2
26003,1
26004,2
26005,2
26006,2
26007,2
26008,2
26009,1
26010,0
26011,2
26012,1
26013,2
26014,2
26015,1
26016,1
26017,1
26018,1
26019,2
26020,2
26021,1
26022,1
26023,2
26024,0
26025,2
26026,0
26027,2
26028,0
26029,0
26030,2
26031,2
26032,2
26033,2
26034,2
26035,2
26036,1
26037,1
26038,2
26039,2
26040,1
26041,2
26042,2
26043,1
26044,1
26045,2
26046,1
26047,1
26048,2
26049,2
26050,2
26051,1
26052,1
26053,2
26054,2
26055,2
26056,2
26057,2
26058,2
26059,2
26060,2
26061,1
26062,2
26063,2
26064,1
26065,2
26066,0
26067,2
26068,2
26069,2
26070,2
26071,2
26072,2
26073,1
26074,2
26075,2
26076,2
26077,2
26078,1
26079,2
26080,1
26081,0
26082,0
26083,0
26084,0
26085,1
26086,2
26087,2
26088,2
26089,1
26090,1
26091,2
26092,0
26093,1
26094,2
26095,2
26096,0
26097,2
26098,2
26099,1
26100,2
26101,2
26102,0
26103,2
26104,2
26105,1
26106,1
26107,1
26108,1
26109,2
26110,2
26111,1
26112,1
26113,2
26114,2
26115,2
26116,2
26117,2
26118,1
26119,1
26120,2
26121,2
26122,2
26123,0
26124,2
26125,0
26126,2
26127,2
26128,2
26129,2
26130,2
26131,0
26132,0
26133,2
26134,2
26135,2
26136,2
26137,0
26138,0
26139,2
26140,2
26141,0
26142,2
26143,2
26144,2
26145,2
26146,2
26147,0
26148,2
26149,2
26150,1
26151,1
26152,1
26153,2
26154,2
26155,2
26156,2
26157,0
26158,2
26159,2
26160,2
26161,2
26162,1
26163,2
26164,2
26165,1
26166,2
26167,2
26168,1
26169,1
26170,1
26171,2
26172,2
26173,2
26174,0
26175,2
26176,0
26177,2
26178,1
26179,2
26180,2
26181,2
26182,2
26183,2
26184,2
26185,1
26186,2
26187,0
26188,1
26189,1
26190,1
26191,0
26192,2
26193,2
26194,2
26195,2
26196,1
26197,0
26198,2
26199,2
26200,2
26201,0
26202,1
26203,2
26204,1
26205,0
26206,2
26207,1
26208,2
26209,2
26210,0
26211,0
26212,1
26213,0
26214,1
26215,0
26216,2
26217,1
26218,2
26219,2
26220,2
26221,0
26222,2
26223,2
26224,0
26225,1
26226,2
26227,1
26228,2
26229,2
26230,2
26231,2
26232,2
26233,2
26234,2
26235,1
26236,2
26237,2
26238,2
26239,2
26240,2
26241,2
26242,0
26243,2
26244,2
26245,0
26246,2
26247,1
26248,1
26249,2
26250,1
26251,0
26252,2
26253,2
26254,2
26255,1
26256,2
26257,2
26258,2
26259,0
26260,2
26261,2
26262,0
26263,1
26264,2
26265,1
26266,2
26267,1
26268,2
26269,2
26270,1
26271,2
26272,1
26273,2
26274,2
26275,0
26276,0
26277,0
26278,0
26279,2
26280,1
26281,1
26282,2
26283,0
26284,0
26285,1
26286,2
26287,0
26288,0
26289,1
26290,1
26291,2
26292,2
26293,1
26294,1
26295,1
26296,2
26297,2
26298,2
26299,2
26300,2
26301,2
26302,2
26303,0
26304,2
26305,0
26306,0
26307,2
26308,2
26309,2
26310,2
26311,1
26312,2
26313,2
26314,2
26315,2
26316,1
26317,1
26318,2
26319,1
26320,1
26321,0
26322,1
26323,2
26324,0
26325,1
26326,2
26327,2
26328,2
26329,2
26330,2
26331,2
26332,2
26333,0
26334,1
26335,2
26336,2
26337,2
26338,0
26339,2
26340,2
26341,1
26342,0
26343,2
26344,2
26345,1
26346,1
26347,0
26348,2
26349,0
26350,2
26351,2
26352,0
26353,1
26354,2
26355,2
26356,1
26357,2
26358,2
26359,2
26360,1
26361,2
26362,2
26363,2
26364,2
26365,0
26366,2
26367,0
26368,1
26369,1
26370,2
26371,0
26372,1
26373,2
26374,2
26375,2
26376,2
26377,2
26378,1
26379,1
26380,1
26381,1
26382,2
26383,2
26384,2
26385,0
26386,2
26387,2
26388,2
26389,1
26390,2
26391,2
26392,2
26393,2
26394,0
26395,2
26396,0
26397,2
26398,2
26399,0
26400,1
26401,1
26402,1
26403,2
26404,2
26405,2
26406,0
26407,2
26408,2
26409,2
26410,2
26411,1
26412,1
26413,0
26414,1
26415,0
26416,0
26417,2
26418,2
26419,2
26420,0
26421,0
26422,2
26423,2
26424,0
26425,1
26426,2
26427,2
26428,0
26429,2
26430,0
26431,2
26432,1
26433,1
26434,2
26435,1
26436,2
26437,1
26438,0
26439,2
26440,2
26441,2
26442,2
26443,0
26444,2
26445,1
26446,1
26447,2
26448,2
26449,1
26450,2
26451,1
26452,2
26453,2
26454,1
26455,2
26456,1
26457,2
26458,1
26459,1
26460,2
26461,2
26462,2
26463,2
26464,1
26465,2
26466,2
26467,2
26468,0
26469,1
26470,2
26471,1
26472,2
26473,2
26474,0
26475,2
26476,1
26477,1
26478,1
26479,2
26480,1
26481,2
26482,2
26483,2
26484,1
26485,2
26486,2
26487,1
26488,1
26489,2
26490,2
26491,2
26492,0
26493,2
26494,1
26495,2
26496,1
26497,1
26498,1
26499,0
26500,2
26501,2
26502,1
26503,2
26504,2
26505,2
26506,1
26507,1
26508,1
26509,2
26510,1
26511,1
26512,2
26513,2
26514,2
26515,0
26516,2
26517,2
26518,2
26519,1
26520,2
26521,2
26522,1
26523,1
26524,2
26525,2
26526,1
26527,2
26528,1
26529,0
26530,2
26531,0
26532,0
26533,2
26534,2
26535,1
26536,1
26537,1
26538,1
26539,0
26540,2
26541,1
26542,1
26543,0
26544,1
26545,2
26546,2
26547,1
26548,2
26549,2
26550,0
26551,1
26552,1
26553,2
26554,0
26555,2
26556,1
26557,2
26558,2
26559,2
26560,1
26561,1
26562,2
26563,1
26564,0
26565,2
26566,1
26567,0
26568,2
26569,0
26570,1
26571,1
26572,1
26573,2
26574,2
26575,2
26576,2
26577,2
26578,2
26579,2
26580,1
26581,2
26582,2
26583,0
26584,1
26585,1
26586,2
26587,2
26588,2
26589,2
26590,1
26591,2
26592,1
26593,1
26594,2
26595,1
26596,2
26597,2
26598,2
26599,0
26600,0
26601,1
26602,1
26603,1
26604,2
26605,2
26606,0
26607,2
26608,1
26609,2
26610,2
26611,2
26612,2
26613,0
26614,2
26615,2
26616,2
26617,1
26618,2
26619,1
26620,2
26621,2
26622,2
26623,2
26624,1
26625,1
26626,2
26627,1
26628,2
26629,2
26630,2
26631,0
26632,2
26633,2
26634,2
26635,2
26636,0
26637,2
26638,0
26639,1
26640,1
26641,1
26642,2
26643,2
26644,2
26645,2
26646,1
26647,2
26648,2
26649,0
26650,0
26651,2
26652,2
26653,1
26654,2
26655,1
26656,2
26657,2
26658,1
26659,0
26660,2
26661,2
26662,1
26663,2
26664,2
26665,1
26666,1
26667,2
26668,2
26669,2
26670,1
26671,2
26672,1
26673,2
26674,2
26675,2
26676,2
26677,2
26678,2
26679,1
26680,1
26681,0
26682,2
26683,1
26684,2
26685,2
26686,2
26687,2
26688,2
26689,2
26690,2
26691,1
26692,1
26693,2
26694,2
26695,2
26696,1
26697,1
26698,2
26699,0
26700,2
26701,1
26702,0
26703,2
26704,1
26705,2
26706,2
26707,1
26708,0
26709,2
26710,1
26711,2
26712,2
26713,2
26714,1
26715,1
26716,2
26717,1
26718,1
26719,0
26720,2
26721,2
26722,2
26723,1
26724,2
26725,2
26726,2
26727,1
26728,2
26729,2
26730,2
26731,2
26732,2
26733,1
26734,1
26735,2
26736,1
26737,2
26738,2
26739,0
26740,1
26741,2
26742,1
26743,2
26744,2
26745,2
26746,1
26747,2
26748,2
26749,2
26750,1
26751,1
26752,2
26753,2
26754,2
26755,2
26756,0
26757,1
26758,0
26759,1
26760,0
26761,1
26762,2
26763,0
26764,1
26765,0
26766,1
26767,2
26768,2
26769,2
26770,2
26771,2
26772,2
26773,2
26774,2
26775,1
26776,1
26777,2
26778,2
26779,2
26780,1
26781,1
26782,0
26783,0
26784,2
26785,2
26786,0
26787,1
26788,1
26789,2
26790,2
26791,0
26792,2
26793,1
26794,1
26795,2
26796,2
26797,2
26798,0
26799,2
26800,2
26801,2
26802,2
26803,2
26804,0
26805,2
26806,2
26807,2
26808,1
26809,2
26810,1
26811,2
26812,0
26813,2
26814,2
26815,1
26816,2
26817,2
26818,2
26819,2
26820,2
26821,1
26822,2
26823,1
26824,2
26825,2
26826,1
26827,2
26828,2
26829,2
26830,1
26831,2
26832,2
26833,2
26834,2
26835,2
26836,2
26837,2
26838,2
26839,1
26840,2
26841,1
26842,2
26843,1
26844,1
26845,2
26846,1
26847,0
26848,2
26849,2
26850,2
26851,2
26852,1
26853,2
26854,0
26855,1
26856,0
26857,2
26858,2
26859,2
26860,2
26861,1
26862,0
26863,0
26864,2
26865,0
26866,2
26867,1
26868,1
26869,2
26870,1
26871,2
26872,1
26873,0
26874,2
26875,2
26876,1
26877,1
26878,1
26879,0
26880,2
26881,1
26882,2
26883,2
26884,1
26885,1
26886,1
26887,2
26888,2
26889,2
26890,0
26891,2
26892,2
26893,0
26894,2
26895,0
26896,2
26897,1
26898,2
26899,0
26900,2
26901,1
26902,2
26903,2
26904,1
26905,2
26906,2
26907,0
26908,2
26909,2
26910,0
26911,0
26912,0
26913,2
26914,2
26915,2
26916,0
26917,2
26918,2
26919,2
26920,2
26921,2
26922,1
26923,0
26924,2
26925,1
26926,2
26927,2
26928,2
26929,2
26930,2
26931,1
26932,2
26933,0
26934,2
26935,2
26936,0
26937,1
26938,2
26939,0
26940,0
26941,2
26942,0
26943,1
26944,2
26945,2
26946,2
26947,1
26948,2
26949,1
26950,2
26951,2
26952,1
26953,2
26954,1
26955,2
26956,2
26957,1
26958,2
26959,2
26960,1
26961,2
26962,0
26963,0
26964,2
26965,2
26966,2
26967,2
26968,1
26969,2
26970,0
26971,2
26972,2
26973,2
26974,0
26975,0
26976,1
26977,1
26978,0
26979,1
26980,2
26981,1
26982,1
26983,0
26984,2
26985,1
26986,2
26987,2
26988,2
26989,2
26990,2
26991,2
26992,0
26993,0
26994,2
26995,2
26996,1
26997,0
26998,2
26999,0
27000,2
27001,2
27002,1
27003,2
27004,0
27005,2
27006,1
27007,2
27008,0
27009,0
27010,1
27011,2
27012,2
27013,2
27014,2
27015,2
27016,2
27017,2
27018,0
27019,1
27020,2
27021,0
27022,2
27023,1
27024,2
27025,2
27026,2
27027,1
27028,2
27029,1
27030,2
27031,0
27032,1
27033,2
27034,0
27035,2
27036,2
27037,2
27038,2
27039,2
27040,0
27041,2
27042,2
27043,2
27044,0
27045,2
27046,1
27047,2
27048,2
27049,2
27050,2
27051,2
27052,1
27053,1
27054,1
27055,1
27056,2
27057,0
27058,0
27059,1
27060,1
27061,2
27062,0
27063,2
27064,0
27065,2
27066,1
27067,2
27068,1
27069,2
27070,1
27071,2
27072,2
27073,1
27074,1
27075,2
27076,1
27077,1
27078,1
27079,2
27080,2
27081,2
27082,2
27083,1
27084,2
27085,1
27086,2
27087,0
27088,2
27089,2
27090,2
27091,2
27092,2
27093,2
27094,1
27095,1
27096,2
27097,1
27098,2
27099,2
27100,2
27101,2
27102,2
27103,1
27104,2
27105,2
27106,0
27107,0
27108,1
27109,1
27110,1
27111,2
27112,1
27113,2
27114,2
27115,2
27116,1
27117,2
27118,0
27119,2
27120,0
27121,1
27122,2
27123,0
27124,2
27125,2
27126,2
27127,1
27128,2
27129,2
27130,2
27131,2
27132,1
27133,1
27134,2
27135,0
27136,0
27137,0
27138,1
27139,1
27140,2
27141,2
27142,2
27143,2
27144,2
27145,0
27146,0
27147,2
27148,1
27149,1
27150,0
27151,2
27152,2
27153,2
27154,2
27155,2
27156,1
27157,2
27158,2
27159,0
27160,2
27161,1
27162,2
27163,2
27164,1
27165,1
27166,2
27167,0
27168,2
27169,2
27170,2
27171,0
27172,1
27173,2
27174,2
27175,1
27176,1
27177,2
27178,1
27179,2
27180,1
27181,1
27182,1
27183,2
27184,2
27185,1
27186,0
27187,2
27188,2
27189,2
27190,1
27191,2
27192,2
27193,1
27194,2
27195,2
27196,1
27197,1
27198,2
27199,1
27200,2
27201,2
27202,1
27203,1
27204,2
27205,1
27206,2
27207,1
27208,0
27209,1
27210,2
27211,1
27212,2
27213,2
27214,2
27215,2
27216,2
27217,2
27218,2
27219,0
27220,2
27221,2
27222,2
27223,2
27224,1
27225,2
27226,2
27227,2
27228,0
27229,2
27230,2
27231,0
27232,2
27233,2
27234,2
27235,2
27236,0
27237,2
27238,2
27239,1
27240,0
27241,2
27242,1
27243,1
27244,1
27245,2
27246,2
27247,0
27248,2
27249,1
27250,0
27251,2
27252,0
27253,2
27254,2
27255,1
27256,0
27257,0
27258,2
27259,2
27260,1
27261,2
27262,1
27263,2
27264,2
27265,2
27266,1
27267,1
27268,1
27269,2
27270,2
27271,2
27272,1
27273,2
27274,1
27275,1
27276,2
27277,2
27278,2
27279,2
27280,2
27281,2
27282,2
27283,2
27284,2
27285,2
27286,2
27287,1
27288,2
27289,0
27290,0
27291,1
27292,2
27293,0
27294,0
27295,0
27296,1
27297,1
27298,0
27299,2
27300,1
27301,2
27302,2
27303,2
27304,2
27305,0
27306,1
27307,2
27308,2
27309,2
27310,2
27311,0
27312,2
27313,2
27314,2
27315,2
27316,0
27317,2
27318,0
27319,0
27320,2
27321,1
27322,1
27323,2
27324,1
27325,0
27326,1
27327,2
27328,0
27329,2
27330,1
27331,1
27332,2
27333,1
27334,2
27335,2
27336,2
27337,2
27338,2
27339,2
27340,2
27341,1
27342,2
27343,1
27344,1
27345,2
27346,1
27347,0
27348,2
27349,2
27350,2
27351,1
27352,2
27353,2
27354,2
27355,1
27356,2
27357,1
27358,0
27359,2
27360,0
27361,2
27362,2
27363,1
27364,0
27365,2
27366,2
27367,2
27368,1
27369,2
27370,1
27371,2
27372,1
27373,2
27374,2
27375,2
27376,1
27377,1
27378,0
27379,2
27380,1
27381,1
27382,1
27383,1
27384,2
27385,2
27386,2
27387,1
27388,2
27389,2
27390,2
27391,1
27392,0
27393,2
27394,2
27395,2
27396,2
27397,1
27398,2
27399,1
27400,1
27401,2
27402,1
27403,2
27404,0
27405,0
27406,1
27407,2
27408,1
27409,1
27410,0
27411,2
27412,0
27413,2
27414,1
27415,2
27416,1
27417,2
27418,2
27419,2
27420,1
27421,2
27422,2
27423,0
27424,2
27425,2
27426,1
27427,1
27428,0
27429,1
27430,2
27431,2
27432,2
27433,1
27434,1
27435,2
27436,2
27437,2
27438,0
27439,0
27440,0
27441,2
27442,1
27443,2
27444,2
27445,2
27446,2
27447,1
27448,1
27449,2
27450,1
27451,1
27452,2
27453,2
27454,1
27455,2
27456,2
27457,2
27458,2
27459,1
27460,2
27461,1
27462,1
27463,2
27464,2
27465,1
27466,2
27467,2
27468,0
27469,2
27470,2
27471,2
27472,1
27473,0
27474,1
27475,2
27476,2
27477,2
27478,1
27479,0
27480,1
27481,0
27482,1
27483,2
27484,2
27485,2
27486,2
27487,2
27488,0
27489,1
27490,2
27491,0
27492,1
27493,2
27494,2
27495,0
27496,2
27497,1
27498,1
27499,1
27500,2
27501,0
27502,2
27503,2
27504,1
27505,1
27506,2
27507,2
27508,2
27509,2
27510,2
27511,1
27512,2
27513,1
27514,1
27515,2
27516,2
27517,0
27518,2
27519,0
27520,1
27521,2
27522,0
27523,2
27524,1
27525,1
27526,2
27527,2
27528,1
27529,2
27530,2
27531,0
27532,2
27533,2
27534,2
27535,2
27536,2
27537,1
27538,2
27539,2
27540,2
27541,2
27542,2
27543,0
27544,1
27545,2
27546,1
27547,0
27548,2
27549,2
27550,0
27551,2
27552,2
27553,2
27554,1
27555,2
27556,0
27557,2
27558,2
27559,0
27560,2
27561,2
27562,2
27563,1
27564,2
27565,1
27566,2
27567,2
27568,2
27569,2
27570,2
27571,2
27572,2
27573,1
27574,1
27575,1
27576,2
27577,1
27578,1
27579,1
27580,1
27581,2
27582,0
27583,2
27584,2
27585,0
27586,2
27587,0
27588,2
27589,2
27590,0
27591,1
27592,2
27593,2
27594,2
27595,0
27596,2
27597,2
27598,0
27599,2
27600,0
27601,1
27602,1
27603,2
27604,2
27605,2
27606,2
27607,0
27608,1
27609,1
27610,1
27611,0
27612,2
27613,2
27614,2
27615,2
27616,2
27617,2
27618,0
27619,0
27620,1
27621,0
27622,1
27623,2
27624,1
27625,0
27626,2
27627,1
27628,0
27629,2
27630,0
27631,2
27632,2
27633,2
27634,0
27635,0
27636,2
27637,2
27638,2
27639,0
27640,2
27641,1
27642,2
27643,0
27644,2
27645,2
27646,2
27647,0
27648,2
27649,1
27650,2
27651,2
27652,2
27653,0
27654,2
27655,2
27656,1
27657,2
27658,2
27659,2
27660,1
27661,2
27662,2
27663,2
27664,1
27665,2
27666,0
27667,1
27668,2
27669,2
27670,1
27671,1
27672,0
27673,1
27674,0
27675,0
27676,2
27677,2
27678,2
27679,2
27680,2
27681,1
27682,2
27683,2
27684,1
27685,2
27686,2
27687,2
27688,2
27689,0
27690,0
27691,0
27692,1
27693,2
27694,1
27695,1
27696,1
27697,1
27698,2
27699,2
27700,2
27701,1
27702,2
27703,0
27704,1
27705,2
27706,1
27707,2
27708,1
27709,2
27710,2
27711,2
27712,1
27713,2
27714,2
27715,2
27716,2
27717,2
27718,2
27719,2
27720,2
27721,2
27722,1
27723,0
27724,0
27725,1
27726,1
27727,2
27728,1
27729,2
27730,2
27731,2
27732,0
27733,2
27734,2
27735,2
27736,2
27737,2
27738,2
27739,2
27740,1
27741,1
27742,2
27743,2
27744,2
27745,2
27746,0
27747,0
27748,2
27749,0
27750,1
27751,2
27752,2
27753,0
27754,2
27755,2
27756,1
27757,2
27758,1
27759,2
27760,1
27761,2
27762,1
27763,0
27764,1
27765,2
27766,1
27767,1
27768,0
27769,1
27770,0
27771,0
27772,1
27773,1
27774,1
27775,1
27776,1
27777,2
27778,1
27779,1
27780,0
27781,2
27782,0
27783,2
27784,2
27785,1
27786,2
27787,0
27788,1
27789,2
27790,2
27791,0
27792,2
27793,2
27794,2
27795,2
27796,2
27797,2
27798,2
27799,2
27800,1
27801,2
27802,1
27803,2
27804,0
27805,1
27806,2
27807,2
27808,1
27809,2
27810,2
27811,2
27812,2
27813,1
27814,2
27815,1
27816,2
27817,1
27818,2
27819,2
27820,2
27821,2
27822,2
27823,2
27824,2
27825,1
27826,0
27827,1
27828,2
27829,1
27830,2
27831,0
27832,1
27833,1
27834,1
27835,1
27836,2
27837,2
27838,2
27839,1
27840,1
27841,2
27842,0
27843,2
27844,1
27845,2
27846,2
27847,0
27848,2
27849,2
27850,2
27851,2
27852,1
27853,0
27854,0
27855,0
27856,2
27857,0
27858,0
27859,1
27860,2
27861,2
27862,2
27863,2
27864,1
27865,2
27866,1
27867,2
27868,0
27869,1
27870,2
27871,2
27872,0
27873,0
27874,1
27875,2
27876,2
27877,1
27878,1
27879,1
27880,1
27881,2
27882,1
27883,1
27884,0
27885,0
27886,2
27887,2
27888,1
27889,2
27890,1
27891,1
27892,1
27893,2
27894,0
27895,2
27896,1
27897,2
27898,1
27899,2
27900,2
27901,1
27902,2
27903,2
27904,2
27905,0
27906,1
27907,0
27908,0
27909,2
27910,2
27911,1
27912,1
27913,2
27914,1
27915,2
27916,1
27917,2
27918,2
27919,1
27920,1
27921,0
27922,2
27923,2
27924,2
27925,0
27926,1
27927,1
27928,2
27929,2
27930,2
27931,0
27932,1
27933,1
27934,2
27935,0
27936,2
27937,2
27938,1
27939,2
27940,2
27941,1
27942,2
27943,2
27944,1
27945,2
27946,2
27947,2
27948,1
27949,2
27950,2
27951,2
27952,0
27953,2
27954,2
27955,2
27956,2
27957,1
27958,1
27959,2
27960,1
27961,0
27962,2
27963,2
27964,2
27965,2
27966,2
27967,1
27968,0
27969,2
27970,2
27971,1
27972,1
27973,2
27974,2
27975,0
27976,1
27977,2
27978,2
27979,1
27980,1
27981,2
27982,1
27983,2
27984,1
27985,2
27986,2
27987,2
27988,0
27989,2
27990,2
27991,0
27992,2
27993,0
27994,2
27995,2
27996,2
27997,0
27998,1
27999,2
28000,2
28001,2
28002,2
28003,2
28004,1
28005,1
28006,2
28007,2
28008,2
28009,0
28010,1
28011,2
28012,1
28013,2
28014,2
28015,2
28016,1
28017,1
28018,2
28019,1
28020,1
28021,0
28022,2
28023,0
28024,2
28025,2
28026,2
28027,2
28028,1
28029,2
28030,1
28031,2
28032,1
28033,2
28034,0
28035,2
28036,1
28037,1
28038,1
28039,2
28040,2
28041,0
28042,1
28043,2
28044,1
28045,2
28046,1
28047,2
28048,1
28049,1
28050,2
28051,1
28052,2
28053,2
28054,2
28055,1
28056,2
28057,1
28058,0
28059,2
28060,2
28061,2
28062,2
28063,1
28064,0
28065,2
28066,0
28067,1
28068,2
28069,2
28070,2
28071,2
28072,1
28073,0
28074,0
28075,1
28076,2
28077,2
28078,2
28079,1
28080,2
28081,1
28082,0
28083,2
28084,2
28085,1
28086,2
28087,0
28088,1
28089,0
28090,2
28091,0
28092,0
28093,1
28094,2
28095,0
28096,2
28097,2
28098,0
28099,0
28100,1
28101,2
28102,1
28103,2
28104,2
28105,2
28106,2
28107,1
28108,2
28109,2
28110,2
28111,2
28112,2
28113,1
28114,0
28115,2
28116,2
28117,2
28118,2
28119,2
28120,1
28121,2
28122,2
28123,0
28124,2
28125,2
28126,2
28127,1
28128,0
28129,2
28130,0
28131,2
28132,1
28133,0
28134,2
28135,1
28136,1
28137,1
28138,2
28139,0
28140,2
28141,2
28142,2
28143,2
28144,2
28145,2
28146,2
28147,0
28148,1
28149,2
28150,2
28151,2
28152,2
28153,2
28154,2
28155,2
28156,2
28157,1
28158,2
28159,2
28160,2
28161,2
28162,2
28163,2
28164,2
28165,1
28166,2
28167,2
28168,0
28169,0
28170,2
28171,2
28172,2
28173,1
28174,0
28175,1
28176,0
28177,2
28178,2
28179,2
28180,2
28181,0
28182,2
28183,2
28184,2
28185,2
28186,1
28187,2
28188,1
28189,1
28190,1
28191,2
28192,1
28193,2
28194,1
28195,0
28196,2
28197,2
28198,2
28199,2
28200,2
28201,2
28202,2
28203,1
28204,2
28205,1
28206,2
28207,2
28208,2
28209,2
28210,2
28211,1
28212,1
28213,1
28214,2
28215,2
28216,2
28217,0
28218,2
28219,2
28220,2
28221,1
28222,2
28223,0
28224,0
28225,1
28226,2
28227,2
28228,0
28229,0
28230,2
28231,0
28232,2
28233,1
28234,0
28235,2
28236,1
28237,0
28238,2
28239,1
28240,1
28241,1
28242,2
28243,0
28244,1
28245,0
28246,0
28247,1
28248,2
28249,2
28250,2
28251,1
28252,2
28253,2
28254,1
28255,1
28256,1
28257,1
28258,2
28259,2
28260,0
28261,1
28262,2
28263,2
28264,2
28265,2
28266,1
28267,1
28268,1
28269,0
28270,0
28271,0
28272,1
28273,1
28274,2
28275,1
28276,2
28277,2
28278,2
28279,2
28280,2
28281,2
28282,2
28283,1
28284,1
28285,2
28286,2
28287,0
28288,2
28289,2
28290,2
28291,2
28292,2
28293,0
28294,2
28295,0
28296,2
28297,2
28298,2
28299,1
28300,2
28301,1
28302,2
28303,0
28304,0
28305,2
28306,2
28307,2
28308,1
28309,2
28310,2
28311,2
28312,1
28313,2
28314,2
28315,2
28316,0
28317,2
28318,2
28319,0
28320,1
28321,2
28322,2
28323,2
28324,0
28325,2
28326,2
28327,1
28328,2
28329,2
28330,1
28331,2
28332,2
28333,2
28334,0
28335,2
28336,0
28337,0
28338,2
28339,1
28340,1
28341,2
28342,2
28343,2
28344,1
28345,2
28346,0
28347,2
28348,2
28349,2
28350,2
28351,2
28352,0
28353,2
28354,0
28355,2
28356,1
28357,1
28358,0
28359,2
28360,2
28361,1
28362,2
28363,2
28364,1
28365,2
28366,2
28367,1
28368,1
28369,1
28370,2
28371,2
28372,2
28373,2
28374,2
28375,2
28376,2
28377,0
28378,1
28379,2
28380,2
28381,2
28382,1
28383,0
28384,2
28385,1
28386,2
28387,1
28388,2
28389,1
28390,2
28391,2
28392,0
28393,2
28394,1
28395,2
28396,2
28397,2
28398,2
28399,1
28400,2
28401,1
28402,0
28403,0
28404,2
28405,2
28406,1
28407,2
28408,2
28409,2
28410,2
28411,2
28412,2
28413,2
28414,1
28415,2
28416,2
28417,2
28418,2
28419,0
28420,2
28421,2
28422,2
28423,1
28424,2
28425,2
28426,2
28427,0
28428,2
28429,0
28430,1
28431,2
28432,0
28433,1
28434,2
28435,2
28436,2
28437,0
28438,2
28439,2
28440,2
28441,2
28442,2
28443,2
28444,2
28445,2
28446,2
28447,1
28448,0
28449,1
28450,2
28451,2
28452,2
28453,2
28454,2
28455,1
28456,2
28457,2
28458,1
28459,2
28460,2
28461,2
28462,0
28463,1
28464,1
28465,2
28466,1
28467,2
28468,2
28469,1
28470,0
28471,2
28472,2
28473,1
28474,2
28475,2
28476,1
28477,2
28478,2
28479,2
28480,2
28481,2
28482,0
28483,1
28484,2
28485,2
28486,2
28487,2
28488,2
28489,1
28490,2
28491,1
28492,2
28493,2
28494,2
28495,2
28496,2
28497,0
28498,0
28499,2
28500,2
28501,2
28502,1
28503,0
28504,1
28505,2
28506,2
28507,1
28508,2
28509,0
28510,0
28511,2
28512,2
28513,2
28514,2
28515,2
28516,2
28517,2
28518,2
28519,2
28520,1
28521,1
28522,0
28523,1
28524,1
28525,1
28526,2
28527,2
28528,2
28529,2
28530,0
28531,2
28532,1
28533,0
28534,2
28535,2
28536,2
28537,0
28538,1
28539,1
28540,1
28541,1
28542,0
28543,2
28544,2
28545,2
28546,1
28547,2
28548,0
28549,2
28550,2
28551,2
28552,2
28553,1
28554,2
28555,2
28556,2
28557,2
28558,2
28559,2
28560,2
28561,0
28562,2
28563,2
28564,2
28565,2
28566,2
28567,2
28568,2
28569,2
28570,0
28571,2
28572,1
28573,2
28574,2
28575,0
28576,0
28577,1
28578,1
28579,0
28580,2
28581,2
28582,2
28583,0
28584,0
28585,1
28586,2
28587,1
28588,1
28589,0
28590,0
28591,1
28592,2
28593,2
28594,2
28595,2
28596,0
28597,2
28598,2
28599,1
28600,2
28601,2
28602,2
28603,1
28604,1
28605,1
28606,1
28607,1
28608,1
28609,1
28610,1
28611,1
28612,2
28613,1
28614,2
28615,2
28616,2
28617,2
28618,0
28619,1
28620,2
28621,1
28622,2
28623,1
28624,2
28625,1
28626,1
28627,2
28628,1
28629,0
28630,2
28631,1
28632,0
28633,2
28634,2
28635,2
28636,2
28637,2
28638,1
28639,1
28640,1
28641,2
28642,2
28643,2
28644,2
28645,1
28646,2
28647,0
28648,2
28649,2
28650,0
28651,0
28652,0
28653,2
28654,2
28655,2
28656,1
28657,2
28658,1
28659,2
28660,2
28661,2
28662,0
28663,2
28664,2
28665,0
28666,2
28667,2
28668,2
28669,1
28670,2
28671,2
28672,1
28673,2
28674,2
28675,1
28676,1
28677,2
28678,2
28679,2
28680,1
28681,1
28682,2
28683,2
28684,2
28685,2
28686,2
28687,2
28688,0
28689,1
28690,2
28691,1
28692,1
28693,2
28694,1
28695,1
28696,2
28697,2
28698,2
28699,0
28700,1
28701,2
28702,2
28703,0
28704,2
28705,1
28706,2
28707,2
28708,0
28709,2
28710,0
28711,1
28712,1
28713,1
28714,1
28715,0
28716,2
28717,2
28718,0
28719,2
28720,2
28721,2
28722,2
28723,2
28724,2
28725,2
28726,2
28727,2
28728,1
28729,1
28730,0
28731,1
28732,1
28733,2
28734,2
28735,2
28736,2
28737,2
28738,2
28739,1
28740,1
28741,1
28742,2
28743,2
28744,1
28745,1
28746,2
28747,2
28748,2
28749,0
28750,1
28751,2
28752,2
28753,2
28754,0
28755,2
28756,0
28757,1
28758,0
28759,2
28760,2
28761,2
28762,1
28763,0
28764,0
28765,2
28766,2
28767,2
28768,0
28769,2
28770,2
28771,1
28772,1
28773,2
28774,2
28775,1
28776,2
28777,2
28778,2
28779,2
28780,1
28781,1
28782,2
28783,0
28784,0
28785,2
28786,2
28787,2
28788,1
28789,2
28790,1
28791,1
28792,1
28793,2
28794,0
28795,1
28796,2
28797,1
28798,1
28799,2
28800,1
28801,2
28802,2
28803,0
28804,2
28805,2
28806,1
28807,1
28808,1
28809,1
28810,2
28811,2
28812,1
28813,2
28814,1
28815,1
28816,1
28817,2
28818,0
28819,0
28820,2
28821,0
28822,2
28823,2
28824,2
28825,0
28826,1
28827,2
28828,1
28829,0
28830,2
28831,0
28832,2
28833,2
28834,1
28835,2
28836,2
28837,2
28838,1
28839,1
28840,2
28841,2
28842,2
28843,1
28844,2
28845,2
28846,1
28847,2
28848,2
28849,0
28850,2
28851,2
28852,2
28853,1
28854,1
28855,2
28856,2
28857,2
28858,2
28859,1
28860,1
28861,1
28862,2
28863,0
28864,2
28865,2
28866,1
28867,0
28868,2
28869,1
28870,2
28871,1
28872,1
28873,2
28874,2
28875,1
28876,2
28877,1
28878,2
28879,0
28880,0
28881,2
28882,1
28883,1
28884,1
28885,2
28886,0
28887,2
28888,1
28889,1
28890,2
28891,0
28892,2
28893,2
28894,2
28895,2
28896,2
28897,2
28898,1
28899,2
28900,2
28901,2
28902,2
28903,1
28904,0
28905,1
28906,2
28907,1
28908,1
28909,0
28910,1
28911,2
28912,1
28913,2
28914,2
28915,2
28916,2
28917,0
28918,0
28919,2
28920,2
28921,1
28922,2
28923,2
28924,2
28925,1
28926,2
28927,2
28928,1
28929,1
28930,2
28931,2
28932,2
28933,0
28934,1
28935,1
28936,1
28937,2
28938,1
28939,2
28940,2
28941,1
28942,1
28943,2
28944,2
28945,2
28946,2
28947,2
28948,2
28949,1
28950,2
28951,2
28952,1
28953,0
28954,0
28955,2
28956,2
28957,1
28958,0
28959,2
28960,2
28961,1
28962,2
28963,0
28964,2
28965,2
28966,2
28967,1
28968,2
28969,1
28970,2
28971,2
28972,0
28973,1
28974,1
28975,0
28976,2
28977,2
28978,0
28979,1
28980,0
28981,1
28982,1
28983,2
28984,2
28985,2
28986,2
28987,1
28988,2
28989,0
28990,2
28991,2
28992,2
28993,2
28994,0
28995,1
28996,1
28997,1
28998,1
28999,2
29000,2
29001,2
29002,2
29003,2
29004,1
29005,2
29006,2
29007,1
29008,1
29009,1
29010,1
29011,2
29012,0
29013,1
29014,2
29015,0
29016,2
29017,2
29018,1
29019,2
29020,2
29021,0
29022,2
29023,2
29024,2
29025,2
29026,1
29027,2
29028,2
29029,2
29030,2
29031,2
29032,2
29033,2
29034,2
29035,2
29036,2
29037,2
29038,1
29039,2
29040,2
29041,2
29042,1
29043,0
29044,0
29045,2
29046,0
29047,0
29048,2
29049,2
29050,1
29051,1
29052,2
29053,2
29054,2
29055,1
29056,2
29057,2
29058,0
29059,1
29060,0
29061,2
29062,0
29063,2
29064,2
29065,0
29066,2
29067,2
29068,2
29069,2
29070,1
29071,2
29072,2
29073,2
29074,1
29075,1
29076,2
29077,1
29078,2
29079,2
29080,0
29081,1
29082,2
29083,2
29084,1
29085,2
29086,2
29087,2
29088,1
29089,1
29090,0
29091,2
29092,2
29093,2
29094,2
29095,2
29096,1
29097,1
29098,0
29099,1
29100,1
29101,2
29102,2
29103,1
29104,1
29105,2
29106,0
29107,0
29108,0
29109,2
29110,2
29111,1
29112,0
29113,0
29114,2
29115,2
29116,1
29117,0
29118,1
29119,0
29120,1
29121,1
29122,2
29123,1
29124,0
29125,2
29126,2
29127,2
29128,2
29129,2
29130,0
29131,2
29132,0
29133,2
29134,2
29135,2
29136,0
29137,1
29138,1
29139,1
29140,2
29141,2
29142,2
29143,2
29144,1
29145,2
29146,2
29147,2
29148,2
29149,2
29150,1
29151,1
29152,1
29153,1
29154,2
29155,1
29156,2
29157,2
29158,2
29159,1
29160,1
29161,1
29162,1
29163,1
29164,1
29165,2
29166,0
29167,0
29168,2
29169,2
29170,1
29171,2
29172,0
29173,2
29174,1
29175,2
29176,1
29177,0
29178,2
29179,2
29180,2
29181,2
29182,1
29183,1
29184,1
29185,2
29186,0
29187,2
29188,2
29189,0
29190,0
29191,0
29192,2
29193,1
29194,2
29195,1
29196,0
29197,1
29198,2
29199,0
29200,1
29201,0
29202,2
29203,0
29204,2
29205,2
29206,2
29207,2
29208,0
29209,1
29210,0
29211,2
29212,2
29213,2
29214,2
29215,2
29216,1
29217,1
29218,2
29219,2
29220,2
29221,2
29222,1
29223,2
29224,1
29225,0
29226,0
29227,2
29228,2
29229,2
29230,1
29231,0
29232,2
29233,1
29234,1
29235,1
29236,2
29237,2
29238,1
29239,0
29240,0
29241,2
29242,2
29243,2
29244,2
29245,2
29246,2
29247,2
29248,2
29249,0
29250,2
29251,1
29252,2
29253,2
29254,2
29255,1
29256,0
29257,1
29258,2
29259,1
29260,2
29261,2
29262,1
29263,0
29264,2
29265,2
29266,1
29267,1
29268,2
29269,2
29270,2
29271,2
29272,1
29273,2
29274,2
29275,2
29276,2
29277,2
29278,0
29279,1
29280,1
29281,1
29282,2
29283,2
29284,2
29285,0
29286,0
29287,2
29288,1
29289,2
29290,2
29291,0
29292,0
29293,2
29294,1
29295,2
29296,1
29297,2
29298,1
29299,1
29300,1
29301,0
29302,0
29303,0
29304,1
29305,2
29306,0
29307,2
29308,2
29309,2
29310,2
29311,1
29312,1
29313,2
29314,2
29315,2
29316,1
29317,2
29318,2
29319,2
29320,2
29321,1
29322,2
29323,0
29324,2
29325,1
29326,0
29327,0
29328,2
29329,2
29330,1
29331,0
29332,0
29333,1
29334,2
29335,1
29336,2
29337,1
29338,2
29339,2
29340,2
29341,2
29342,2
29343,2
29344,1
29345,0
29346,1
29347,2
29348,1
29349,2
29350,2
29351,1
29352,2
29353,2
29354,2
29355,2
29356,2
29357,2
29358,2
29359,1
29360,2
29361,1
29362,2
29363,2
29364,1
29365,2
29366,2
29367,2
29368,1
29369,2
29370,2
29371,0
29372,2
29373,2
29374,2
29375,2
29376,1
29377,1
29378,2
29379,2
29380,2
29381,1
29382,0
29383,1
29384,2
29385,2
29386,1
29387,2
29388,1
29389,1
29390,0
29391,1
29392,2
29393,2
29394,2
29395,2
29396,0
29397,1
29398,1
29399,2
29400,2
29401,0
29402,1
29403,0
29404,2
29405,2
29406,2
29407,2
29408,2
29409,0
29410,2
29411,0
29412,2
29413,2
29414,2
29415,2
29416,1
29417,2
29418,1
29419,2
29420,1
29421,2
29422,2
29423,1
29424,2
29425,2
29426,2
29427,2
29428,1
29429,1
29430,2
29431,0
29432,2
29433,0
29434,1
29435,2
29436,2
29437,1
29438,0
29439,2
29440,0
29441,2
29442,2
29443,2
29444,2
29445,1
29446,2
29447,1
29448,2
29449,2
29450,1
29451,2
29452,1
29453,0
29454,0
29455,2
29456,2
29457,2
29458,2
29459,1
29460,2
29461,1
29462,2
29463,2
29464,2
29465,0
29466,2
29467,1
29468,2
29469,2
29470,2
29471,2
29472,2
29473,1
29474,1
29475,1
29476,2
29477,2
29478,2
29479,2
29480,2
29481,2
29482,2
29483,0
29484,2
29485,1
29486,2
29487,2
29488,2
29489,1
29490,2
29491,2
29492,2
29493,2
29494,2
29495,0
29496,2
29497,0
29498,2
29499,0
29500,1
29501,2
29502,2
29503,2
29504,2
29505,1
29506,0
29507,2
29508,2
29509,0
29510,2
29511,0
29512,2
29513,2
29514,0
29515,2
29516,2
29517,0
29518,2
29519,1
29520,0
29521,1
29522,2
29523,2
29524,1
29525,1
29526,2
29527,0
29528,2
29529,2
29530,2
29531,2
29532,0
29533,2
29534,2
29535,2
29536,2
29537,2
29538,1
29539,2
29540,1
29541,2
29542,2
29543,1
29544,2
29545,2
29546,1
29547,1
29548,0
29549,1
29550,1
29551,0
29552,2
29553,1
29554,1
29555,2
29556,2
29557,2
29558,2
29559,1
29560,2
29561,2
29562,2
29563,2
29564,1
29565,2
29566,0
29567,1
29568,1
29569,2
29570,2
29571,0
29572,2
29573,1
29574,2
29575,2
29576,2
29577,2
29578,2
29579,0
29580,2
29581,2
29582,1
29583,1
29584,2
29585,2
29586,2
29587,2
29588,2
29589,1
29590,2
29591,2
29592,0
29593,2
29594,2
29595,2
29596,1
29597,1
29598,2
29599,0
29600,2
29601,2
29602,1
29603,1
29604,2
29605,1
29606,2
29607,2
29608,0
29609,1
29610,2
29611,2
29612,2
29613,2
29614,1
29615,0
29616,2
29617,0
29618,1
29619,2
29620,0
29621,0
29622,2
29623,0
29624,2
29625,2
29626,2
29627,2
29628,1
29629,2
29630,2
29631,2
29632,1
29633,1
29634,1
29635,0
29636,2
29637,2
29638,2
29639,1
29640,2
29641,2
29642,2
29643,2
29644,2
29645,2
29646,2
29647,1
29648,2
29649,0
29650,2
29651,2
29652,1
29653,1
29654,2
29655,2
29656,2
29657,2
29658,1
29659,0
29660,2
29661,2
29662,2
29663,0
29664,2
29665,2
29666,2
29667,1
29668,2
29669,2
29670,0
29671,2
29672,1
29673,2
29674,2
29675,1
29676,2
29677,2
29678,2
29679,2
29680,1
29681,2
29682,1
29683,2
29684,2
29685,1
29686,2
29687,2
29688,1
29689,0
29690,0
29691,1
29692,1
29693,1
29694,2
29695,1
29696,2
29697,2
29698,0
29699,1
29700,2
29701,1
29702,2
29703,1
29704,2
29705,1
29706,2
29707,0
29708,2
29709,1
29710,2
29711,0
29712,2
29713,2
29714,2
29715,2
29716,1
29717,1
29718,2
29719,2
29720,1
29721,2
29722,0
29723,1
29724,2
29725,0
29726,2
29727,2
29728,2
29729,2
29730,2
29731,2
29732,2
29733,1
29734,0
29735,1
29736,0
29737,2
29738,2
29739,2
29740,2
29741,2
29742,0
29743,1
29744,2
29745,2
29746,2
29747,1
29748,1
29749,1
29750,2
29751,2
29752,1
29753,0
29754,0
29755,2
29756,0
29757,2
29758,2
29759,1
29760,0
29761,2
29762,1
29763,2
29764,2
29765,1
29766,2
29767,2
29768,1
29769,1
29770,0
29771,1
29772,1
29773,2
29774,0
29775,2
29776,2
29777,0
29778,1
29779,0
29780,2
29781,2
29782,0
29783,1
29784,2
29785,2
29786,2
29787,1
29788,2
29789,2
29790,1
29791,1
29792,1
29793,2
29794,1
29795,2
29796,2
29797,2
29798,2
29799,0
29800,2
29801,2
29802,2
29803,2
29804,2
29805,2
29806,2
29807,0
29808,2
29809,2
29810,1
29811,0
29812,2
29813,1
29814,0
29815,2
29816,1
29817,0
29818,1
29819,2
29820,1
29821,2
29822,2
29823,0
29824,2
29825,1
29826,2
29827,1
29828,1
29829,2
29830,2
29831,0
29832,0
29833,2
29834,1
29835,1
29836,2
29837,2
29838,1
29839,2
29840,2
29841,1
29842,2
29843,2
29844,2
29845,0
29846,1
29847,2
29848,2
29849,2
29850,2
29851,2
29852,1
29853,0
29854,1
29855,1
29856,2
29857,0
29858,0
29859,2
29860,2
29861,2
29862,1
29863,1
29864,0
29865,0
29866,1
29867,2
29868,2
29869,2
29870,2
29871,2
29872,1
29873,0
29874,2
29875,2
29876,0
29877,1
29878,0
29879,1
29880,2
29881,2
29882,2
29883,2
29884,2
29885,0
29886,1
29887,0
29888,2
29889,2
29890,2
29891,1
29892,2
29893,2
29894,2
29895,2
29896,2
29897,2
29898,1
29899,0
29900,2
29901,2
29902,2
29903,0
29904,2
29905,2
29906,1
29907,1
29908,2
29909,2
29910,2
29911,2
29912,1
29913,0
29914,2
29915,2
29916,0
29917,2
29918,0
29919,2
29920,2
29921,0
29922,2
29923,1
29924,0
29925,1
29926,2
29927,2
29928,1
29929,1
29930,1
29931,1
29932,2
29933,2
29934,2
29935,2
29936,0
29937,2
29938,1
29939,2
29940,2
29941,2
29942,2
29943,1
29944,2
29945,2
29946,2
29947,2
29948,2
29949,1
29950,1
29951,2
29952,2
29953,1
29954,2
29955,0
29956,2
29957,0
29958,2
29959,0
29960,2
29961,1
29962,2
29963,2
29964,1
29965,1
29966,2
29967,2
29968,2
29969,2
29970,2
29971,2
29972,2
29973,2
29974,2
29975,1
29976,2
29977,2
29978,1
29979,2
29980,1
29981,1
29982,1
29983,1
29984,1
29985,1
29986,2
29987,1
29988,1
29989,0
29990,2
29991,2
29992,2
29993,2
29994,2
29995,2
29996,2
29997,2
29998,2
29999,0
30000,2
30001,2
30002,1
30003,0
30004,1
30005,0
30006,2
30007,2
30008,2
30009,1
30010,2
30011,2
30012,1
30013,0
30014,2
30015,2
30016,1
30017,2
30018,2
30019,1
30020,2
30021,1
30022,0
30023,2
30024,1
30025,2
30026,2
30027,2
30028,2
30029,1
30030,2
30031,2
30032,1
30033,2
30034,0
30035,2
30036,2
30037,2
30038,2
30039,2
30040,1
30041,0
30042,2
30043,2
30044,1
30045,2
30046,1
30047,2
30048,2
30049,0
30050,2
30051,1
30052,1
30053,2
30054,1
30055,0
30056,1
30057,2
30058,1
30059,2
30060,2
30061,2
30062,1
30063,2
30064,2
30065,2
30066,0
30067,2
30068,1
30069,1
30070,1
30071,2
30072,2
30073,2
30074,2
30075,2
30076,2
30077,1
30078,0
30079,2
30080,2
30081,0
30082,2
30083,2
30084,0
30085,1
30086,2
30087,2
30088,2
30089,0
30090,1
30091,2
30092,1
30093,2
30094,1
30095,2
30096,2
30097,2
30098,2
30099,2
30100,2
30101,1
30102,2
30103,0
30104,2
30105,2
30106,2
30107,1
30108,1
30109,1
30110,1
30111,1
30112,1
30113,1
30114,0
30115,2
30116,2
30117,0
30118,2
30119,1
30120,1
30121,2
30122,2
30123,2
30124,2
30125,1
30126,2
30127,2
30128,2
30129,0
30130,2
30131,2
30132,2
30133,2
30134,1
30135,1
30136,1
30137,2
30138,0
30139,1
30140,2
30141,1
30142,2
30143,2
30144,2
30145,1
30146,1
30147,2
30148,2
30149,2
30150,2
30151,2
30152,2
30153,1
30154,1
30155,2
30156,0
30157,2
30158,0
30159,2
30160,2
30161,2
30162,2
30163,2
30164,2
30165,2
30166,1
30167,0
30168,2
30169,2
30170,2
30171,2
30172,2
30173,2
30174,2
30175,2
30176,2
30177,2
30178,1
30179,1
30180,2
30181,2
30182,2
30183,2
30184,2
30185,2
30186,2
30187,2
30188,2
30189,2
30190,2
30191,2
30192,1
30193,2
30194,2
30195,0
30196,1
30197,2
30198,2
30199,2
30200,2
30201,1
30202,2
30203,2
30204,2
30205,2
30206,2
30207,1
30208,2
30209,2
30210,2
30211,2
30212,2
30213,0
30214,0
30215,2
30216,2
30217,1
30218,1
30219,0
30220,2
30221,1
30222,2
30223,1
30224,2
30225,1
30226,0
30227,1
30228,2
30229,2
30230,2
30231,0
30232,2
30233,2
30234,1
30235,0
30236,1
30237,1
30238,0
30239,1
30240,1
30241,1
30242,1
30243,2
30244,2
30245,2
30246,2
30247,2
30248,2
30249,1
30250,2
30251,2
30252,2
30253,2
30254,1
30255,2
30256,1
30257,2
30258,2
30259,2
30260,1
30261,2
30262,2
30263,2
30264,2
30265,2
30266,1
30267,1
30268,2
30269,1
30270,1
30271,1
30272,1
30273,1
30274,2
30275,2
30276,1
30277,1
30278,2
30279,2
30280,2
30281,2
30282,2
30283,0
30284,2
30285,0
30286,1
30287,2
30288,1
30289,2
30290,1
30291,1
30292,0
30293,2
30294,2
30295,2
30296,1
30297,2
30298,2
30299,2
30300,2
30301,2
30302,2
30303,0
30304,2
30305,2
30306,2
30307,2
30308,1
30309,2
30310,1
30311,1
30312,1
30313,2
30314,2
30315,2
30316,2
30317,1
30318,2
30319,2
30320,1
30321,1
30322,2
30323,0
30324,2
30325,2
30326,2
30327,2
30328,2
30329,2
30330,0
30331,1
30332,1
30333,1
30334,1
30335,2
30336,2
30337,2
30338,1
30339,1
30340,0
30341,2
30342,2
30343,1
30344,2
30345,2
30346,1
30347,2
30348,1
30349,2
30350,1
30351,2
30352,2
30353,2
30354,2
30355,2
30356,1
30357,2
30358,2
30359,0
30360,1
30361,2
30362,0
30363,2
30364,2
30365,2
30366,1
30367,1
30368,2
30369,0
30370,2
30371,0
30372,2
30373,2
30374,1
30375,1
30376,1
30377,2
30378,2
30379,2
30380,2
30381,2
30382,0
30383,1
30384,2
30385,1
30386,2
30387,1
30388,0
30389,2
30390,1
30391,2
30392,1
30393,1
30394,2
30395,1
30396,2
30397,2
30398,2
30399,2
30400,0
30401,1
30402,2
30403,2
30404,1
30405,1
30406,2
30407,0
30408,2
30409,1
30410,2
30411,2
30412,2
30413,2
30414,2
30415,1
30416,1
30417,2
30418,1
30419,1
30420,2
30421,2
30422,2
30423,0
30424,2
30425,2
30426,0
30427,1
30428,0
30429,2
30430,0
30431,2
30432,0
30433,1
30434,0
30435,2
30436,2
30437,1
30438,2
30439,1
30440,1
30441,2
30442,0
30443,1
30444,2
30445,2
30446,1
30447,2
30448,1
30449,1
30450,2
30451,2
30452,1
30453,2
30454,2
30455,2
30456,0
30457,0
30458,2
30459,2
30460,0
30461,2
30462,1
30463,2
30464,2
30465,0
30466,2
30467,2
30468,2
30469,0
30470,0
30471,2
30472,1
30473,2
30474,2
30475,2
30476,2
30477,0
30478,2
30479,2
30480,0
30481,2
30482,2
30483,2
30484,2
30485,2
30486,2
30487,2
30488,2
30489,2
30490,1
30491,2
30492,2
30493,2
30494,1
30495,2
30496,2
30497,1
30498,2
30499,2
30500,2
30501,0
30502,1
30503,2
30504,1
30505,2
30506,2
30507,2
30508,2
30509,2
30510,1
30511,2
30512,1
30513,2
30514,2
30515,0
30516,2
30517,2
30518,0
30519,2
30520,0
30521,0
30522,2
30523,2
30524,2
30525,1
30526,1
30527,2
30528,2
30529,1
30530,2
30531,1
30532,2
30533,2
30534,1
30535,2
30536,0
30537,2
30538,2
30539,2
30540,1
30541,1
30542,0
30543,0
30544,0
30545,2
30546,2
30547,2
30548,2
30549,2
30550,2
30551,2
30552,0
30553,0
30554,0
30555,2
30556,1
30557,2
30558,1
30559,2
30560,2
30561,2
30562,2
30563,1
30564,2
30565,2
30566,0
30567,1
30568,2
30569,2
30570,2
30571,0
30572,2
30573,2
30574,0
30575,0
30576,2
30577,2
30578,1
30579,2
30580,2
30581,1
30582,2
30583,1
30584,2
30585,1
30586,2
30587,2
30588,2
30589,2
30590,2
30591,1
30592,2
30593,2
30594,1
30595,2
30596,2
30597,2
30598,2
30599,0
30600,2
30601,2
30602,2
30603,2
30604,2
30605,1
30606,0
30607,2
30608,1
30609,2
30610,1
30611,2
30612,2
30613,2
30614,0
30615,2
30616,2
30617,2
30618,2
30619,2
30620,1
30621,2
30622,2
30623,2
30624,0
30625,2
30626,1
30627,2
30628,2
30629,2
30630,1
30631,1
30632,2
30633,2
30634,1
30635,2
30636,0
30637,1
30638,2
30639,0
30640,2
30641,1
30642,1
30643,2
30644,0
30645,1
30646,1
30647,0
30648,2
30649,2
30650,1
30651,2
30652,2
30653,2
30654,1
30655,2
30656,2
30657,2
30658,2
30659,1
30660,0
30661,2
30662,2
30663,2
30664,2
30665,2
30666,2
30667,1
30668,0
30669,2
30670,2
30671,2
30672,2
30673,2
30674,2
30675,2
30676,2
30677,2
30678,2
30679,2
30680,2
30681,0
30682,1
30683,1
30684,1
30685,2
30686,2
30687,2
30688,2
30689,2
30690,1
30691,2
30692,2
30693,1
30694,2
30695,2
30696,2
30697,2
30698,1
30699,1
30700,0
30701,2
30702,2
30703,2
30704,2
30705,2
30706,2
30707,0
30708,0
30709,2
30710,1
30711,0
30712,2
30713,0
30714,2
30715,0
30716,1
30717,1
30718,2
30719,1
30720,2
30721,0
30722,1
30723,2
30724,1
30725,2
30726,1
30727,2
30728,2
30729,2
30730,0
30731,2
30732,2
30733,2
30734,2
30735,2
30736,2
30737,1
30738,2
30739,0
30740,2
30741,2
30742,2
30743,0
30744,1
30745,2
30746,1
30747,0
30748,2
30749,2
30750,2
30751,2
30752,0
30753,2
30754,1
30755,2
30756,2
30757,2
30758,2
30759,2
30760,2
30761,2
30762,2
30763,1
30764,2
30765,2
30766,1
30767,2
30768,2
30769,0
30770,2
30771,2
30772,2
30773,2
30774,2
30775,1
30776,1
30777,2
30778,1
30779,1
30780,2
30781,1
30782,2
30783,2
30784,2
30785,2
30786,2
30787,2
30788,0
30789,1
30790,2
30791,2
30792,2
30793,1
30794,2
30795,2
30796,1
30797,1
30798,2
30799,1
30800,1
30801,2
30802,2
30803,0
30804,1
30805,2
30806,1
30807,2
30808,2
30809,2
30810,2
30811,0
30812,0
30813,0
30814,0
30815,2
30816,0
30817,2
30818,1
30819,2
30820,2
30821,2
30822,1
30823,2
30824,2
30825,2
30826,2
30827,1
30828,2
30829,0
30830,2
30831,1
30832,2
30833,1
30834,1
30835,0
30836,0
30837,2
30838,0
30839,0
30840,2
30841,2
30842,1
30843,2
30844,2
30845,1
30846,2
30847,0
30848,0
30849,2
30850,2
30851,1
30852,2
30853,2
30854,2
30855,1
30856,2
30857,2
30858,2
30859,1
30860,1
30861,0
30862,2
30863,2
30864,2
30865,2
30866,2
30867,0
30868,2
30869,2
30870,2
30871,0
30872,2
30873,1
30874,2
30875,2
30876,1
30877,2
30878,2
30879,1
30880,0
30881,2
30882,0
30883,2
30884,1
30885,2
30886,2
30887,1
30888,1
30889,2
30890,0
30891,1
30892,2
30893,2
30894,2
30895,2
30896,2
30897,2
30898,0
30899,2
30900,1
30901,2
30902,1
30903,2
30904,0
30905,2
30906,2
30907,2
30908,1
30909,2
30910,1
30911,2
30912,2
30913,2
30914,2
30915,2
30916,1
30917,2
30918,2
30919,2
30920,1
30921,2
30922,0
30923,1
30924,0
30925,0
30926,0
30927,0
30928,2
30929,1
30930,2
30931,1
30932,1
30933,1
30934,2
30935,1
30936,1
30937,2
30938,1
30939,0
30940,2
30941,2
30942,2
30943,1
30944,2
30945,1
30946,2
30947,1
30948,2
30949,2
30950,2
30951,2
30952,1
30953,2
30954,0
30955,2
30956,1
30957,2
30958,1
30959,2
30960,2
30961,2
30962,2
30963,2
30964,0
30965,1
30966,2
30967,1
30968,2
30969,2
30970,2
30971,1
30972,1
30973,2
30974,2
30975,2
30976,0
30977,2
30978,1
30979,2
30980,2
30981,2
30982,0
30983,2
30984,1
30985,1
30986,2
30987,1
30988,0
30989,2
30990,0
30991,1
30992,2
30993,2
30994,2
30995,2
30996,1
30997,1
30998,1
30999,2
31000,1
31001,2
31002,2
31003,1
31004,2
31005,2
31006,2
31007,2
31008,2
31009,2
31010,2
31011,1
31012,0
31013,1
31014,0
31015,1
31016,1
31017,0
31018,0
31019,1
31020,0
31021,0
31022,2
31023,2
31024,1
31025,0
31026,2
31027,2
31028,1
31029,1
31030,2
31031,2
31032,2
31033,2
31034,2
31035,0
31036,0
31037,2
31038,2
31039,2
31040,2
31041,1
31042,0
31043,2
31044,1
31045,2
31046,1
31047,0
31048,0
31049,2
31050,2
31051,2
31052,1
31053,1
31054,1
31055,2
31056,0
31057,0
31058,2
31059,2
31060,2
31061,2
31062,1
31063,1
31064,1
31065,1
31066,2
31067,1
31068,1
31069,2
31070,1
31071,0
31072,2
31073,0
31074,1
31075,2
31076,2
31077,2
31078,1
31079,2
31080,1
31081,0
31082,2
31083,1
31084,2
31085,2
31086,2
31087,2
31088,2
31089,2
31090,2
31091,1
31092,2
31093,2
31094,2
31095,2
31096,2
31097,2
31098,1
31099,2
31100,2
31101,2
31102,2
31103,0
31104,1
31105,2
31106,2
31107,2
31108,2
31109,1
31110,0
31111,1
31112,2
31113,2
31114,1
31115,1
31116,1
31117,1
31118,1
31119,0
31120,1
31121,2
31122,2
31123,1
31124,2
31125,1
31126,2
31127,1
31128,2
31129,2
31130,2
31131,2
31132,1
31133,2
31134,1
31135,2
31136,0
31137,2
31138,2
31139,2
31140,2
31141,2
31142,2
31143,2
31144,2
31145,2
31146,1
31147,2
31148,2
31149,2
31150,0
31151,1
31152,2
31153,0
31154,2
31155,2
31156,1
31157,0
31158,0
31159,1
31160,2
31161,2
31162,1
31163,0
31164,2
31165,2
31166,1
31167,2
31168,2
31169,2
31170,2
31171,1
31172,2
31173,2
31174,2
31175,2
31176,1
31177,1
31178,2
31179,2
31180,1
31181,2
31182,1
31183,2
31184,1
31185,2
31186,2
31187,0
31188,0
31189,2
31190,0
31191,1
31192,2
31193,2
31194,1
31195,2
31196,1
31197,2
31198,0
31199,0
31200,1
31201,2
31202,2
31203,0
31204,1
31205,2
31206,2
31207,2
31208,1
31209,2
31210,0
31211,2
31212,0
31213,1
31214,1
31215,1
31216,1
31217,2
31218,1
31219,1
31220,2
31221,1
31222,2
31223,2
31224,2
31225,2
31226,2
31227,2
31228,2
31229,2
31230,2
31231,2
31232,1
31233,2
31234,2
31235,1
31236,2
31237,1
31238,0
31239,2
31240,1
31241,0
31242,2
31243,2
31244,0
31245,2
31246,2
31247,2
31248,1
31249,2
31250,1
31251,2
31252,2
31253,1
31254,1
31255,2
31256,1
31257,1
31258,2
31259,0
31260,0
31261,0
31262,0
31263,2
31264,0
31265,2
31266,2
31267,1
31268,2
31269,2
31270,1
31271,2
31272,2
31273,2
31274,0
31275,2
31276,2
31277,1
31278,2
31279,2
31280,2
31281,2
31282,2
31283,2
31284,2
31285,2
31286,0
31287,1
31288,1
31289,1
31290,0
31291,2
31292,2
31293,2
31294,2
31295,2
31296,1
31297,1
31298,1
31299,1
31300,2
31301,2
31302,0
31303,0
31304,1
31305,1
31306,2
31307,0
31308,1
31309,1
31310,1
31311,0
31312,1
31313,1
31314,2
31315,2
31316,2
31317,2
31318,2
31319,1
31320,1
31321,2
31322,1
31323,1
31324,2
31325,2
31326,2
31327,2
31328,2
31329,1
31330,2
31331,2
31332,1
31333,2
31334,0
31335,2
31336,2
31337,1
31338,2
31339,2
31340,1
31341,1
31342,2
31343,2
31344,2
31345,2
31346,1
31347,1
31348,2
31349,0
31350,0
31351,2
31352,1
31353,2
31354,1
31355,2
31356,1
31357,2
31358,0
31359,2
31360,0
31361,2
31362,1
31363,2
31364,0
31365,2
31366,2
31367,1
31368,0
31369,1
31370,2
31371,2
31372,2
31373,1
31374,0
31375,2
31376,0
31377,1
31378,2
31379,2
31380,1
31381,0
31382,2
31383,2
31384,0
31385,0
31386,2
31387,2
31388,2
31389,2
31390,2
31391,1
31392,2
31393,2
31394,1
31395,1
31396,0
31397,2
31398,1
31399,2
31400,2
31401,2
31402,0
31403,1
31404,2
31405,2
31406,2
31407,2
31408,0
31409,0
31410,2
31411,2
31412,0
31413,2
31414,0
31415,2
31416,2
31417,2
31418,2
31419,1
31420,2
31421,2
31422,2
31423,1
31424,0
31425,1
31426,2
31427,2
31428,2
31429,1
31430,1
31431,2
31432,2
31433,2
31434,2
31435,1
31436,0
31437,2
31438,0
31439,1
31440,2
31441,2
31442,0
31443,2
31444,2
31445,1
31446,1
31447,0
31448,1
31449,1
31450,1
31451,2
31452,0
31453,1
31454,2
31455,0
31456,1
31457,1
31458,1
31459,2
31460,2
31461,1
31462,2
31463,2
31464,1
31465,0
31466,2
31467,2
31468,0
31469,1
31470,2
31471,0
31472,1
31473,0
31474,1
31475,1
31476,1
31477,2
31478,2
31479,1
31480,2
31481,2
31482,2
31483,2
31484,1
31485,2
31486,1
31487,0
31488,2
31489,1
31490,2
31491,2
31492,2
31493,2
31494,0
31495,2
31496,0
31497,2
31498,0
31499,0
31500,0
31501,1
31502,1
31503,2
31504,2
31505,1
31506,2
31507,2
31508,0
31509,1
31510,2
31511,2
31512,2
31513,1
31514,0
31515,1
31516,2
31517,2
31518,1
31519,2
31520,1
31521,2
31522,2
31523,2
31524,2
31525,0
31526,2
31527,2
31528,1
31529,2
31530,2
31531,2
31532,2
31533,2
31534,2
31535,2
31536,0
31537,1
31538,2
31539,2
31540,1
31541,1
31542,2
31543,1
31544,0
31545,2
31546,0
31547,2
31548,2
31549,2
31550,2
31551,2
31552,2
31553,0
31554,2
31555,0
31556,2
31557,2
31558,1
31559,2
31560,2
31561,1
31562,2
31563,0
31564,1
31565,2
31566,2
31567,1
31568,2
31569,0
31570,1
31571,2
31572,0
31573,1
31574,1
31575,2
31576,0
31577,2
31578,2
31579,1
31580,0
31581,0
31582,1
31583,1
31584,1
31585,2
31586,1
31587,2
31588,2
31589,1
31590,1
31591,2
31592,1
31593,2
31594,2
31595,0
31596,2
31597,1
31598,0
31599,2
31600,2
31601,0
31602,2
31603,2
31604,1
31605,2
31606,2
31607,2
31608,1
31609,2
31610,2
31611,2
31612,1
31613,2
31614,1
31615,2
31616,0
31617,2
31618,2
31619,2
31620,2
31621,1
31622,2
31623,2
31624,2
31625,1
31626,2
31627,2
31628,2
31629,2
31630,1
31631,2
31632,2
31633,2
31634,0
31635,1
31636,1
31637,2
31638,1
31639,1
31640,1
31641,2
31642,1
31643,2
31644,2
31645,2
31646,1
31647,0
31648,2
31649,2
31650,2
31651,0
31652,2
31653,1
31654,2
31655,1
31656,2
31657,0
31658,2
31659,1
31660,1
31661,1
31662,2
31663,2
31664,0
31665,2
31666,1
31667,2
31668,2
31669,1
31670,2
31671,2
31672,0
31673,2
31674,1
31675,2
31676,2
31677,2
31678,1
31679,1
31680,2
31681,2
31682,2
31683,2
31684,0
31685,0
31686,1
31687,2
31688,2
31689,2
31690,0
31691,2
31692,2
31693,2
31694,2
31695,2
31696,2
31697,0
31698,2
31699,1
31700,2
31701,1
31702,0
31703,0
31704,2
31705,2
31706,2
31707,2
31708,1
31709,1
31710,0
31711,2
31712,1
31713,1
31714,2
31715,2
31716,2
31717,0
31718,2
31719,0
31720,1
31721,0
31722,2
31723,2
31724,2
31725,2
31726,0
31727,2
31728,2
31729,1
31730,2
31731,1
31732,1
31733,1
31734,2
31735,2
31736,2
31737,1
31738,1
31739,1
31740,2
31741,2
31742,1
31743,2
31744,2
31745,1
31746,2
31747,1
31748,0
31749,2
31750,2
31751,2
31752,2
31753,1
31754,1
31755,2
31756,2
31757,1
31758,2
31759,2
31760,1
31761,2
31762,2
31763,1
31764,1
31765,2
31766,2
31767,1
31768,2
31769,1
31770,2
31771,2
31772,2
31773,0
31774,1
31775,2
31776,0
31777,2
31778,1
31779,2
31780,2
31781,1
31782,2
31783,2
31784,2
31785,2
31786,2
31787,2
31788,2
31789,2
31790,2
31791,2
31792,1
31793,2
31794,2
31795,1
31796,1
31797,1
31798,0
31799,1
31800,2
31801,0
31802,1
31803,0
31804,0
31805,2
31806,1
31807,2
31808,1
31809,2
31810,2
31811,1
31812,2
31813,1
31814,1
31815,2
31816,0
31817,2
31818,1
31819,2
31820,0
31821,1
31822,1
31823,2
31824,1
31825,0
31826,2
31827,2
31828,2
31829,2
31830,1
31831,2
31832,1
31833,2
31834,2
31835,2
31836,1
31837,2
31838,2
31839,1
31840,0
31841,1
31842,2
31843,2
31844,1
31845,1
31846,2
31847,2
31848,2
31849,2
31850,2
31851,2
31852,2
31853,2
31854,1
31855,2
31856,1
31857,2
31858,0
31859,0
31860,2
31861,1
31862,2
31863,1
31864,2
31865,1
31866,1
31867,2
31868,2
31869,0
31870,2
31871,2
31872,1
31873,2
31874,2
31875,2
31876,1
31877,1
31878,1
31879,0
31880,2
31881,1
31882,2
31883,2
31884,2
31885,2
31886,2
31887,2
31888,2
31889,2
31890,2
31891,1
31892,2
31893,1
31894,2
31895,2
31896,2
31897,1
31898,1
31899,2
31900,1
31901,1
31902,2
31903,0
31904,1
31905,0
31906,2
31907,2
31908,2
31909,0
31910,2
31911,2
31912,0
31913,1
31914,1
31915,0
31916,0
31917,2
31918,2
31919,0
31920,0
31921,2
31922,1
31923,2
31924,1
31925,0
31926,1
31927,0
31928,2
31929,1
31930,1
31931,1
31932,2
31933,2
31934,2
31935,2
31936,2
31937,2
31938,2
31939,2
31940,2
31941,2
31942,1
31943,0
31944,2
31945,2
31946,1
31947,2
31948,2
31949,0
31950,0
31951,2
31952,2
31953,2
31954,2
31955,2
31956,2
31957,0
31958,2
31959,2
31960,2
31961,0
31962,2
31963,2
31964,2
31965,2
31966,2
31967,2
31968,0
31969,1
31970,2
31971,1
31972,1
31973,1
31974,2
31975,1
31976,1
31977,2
31978,0
31979,0
31980,1
31981,0
31982,1
31983,2
31984,1
31985,2
31986,1
31987,2
31988,2
31989,2
31990,2
31991,1
31992,1
31993,2
31994,2
31995,2
31996,2
31997,2
31998,0
31999,2
32000,2
32001,2
32002,2
32003,0
32004,2
32005,1
32006,2
32007,0
32008,1
32009,0
32010,2
32011,2
32012,2
32013,2
32014,0
32015,2
32016,2
32017,2
32018,2
32019,1
32020,1
32021,2
32022,2
32023,2
32024,2
32025,2
32026,2
32027,2
32028,1
32029,1
32030,0
32031,1
32032,1
32033,0
32034,2
32035,0
32036,2
32037,0
32038,2
32039,2
32040,1
32041,2
32042,1
32043,2
32044,2
32045,1
32046,1
32047,0
32048,2
32049,2
32050,2
32051,1
32052,0
32053,1
32054,2
32055,0
32056,2
32057,2
32058,0
32059,2
32060,2
32061,1
32062,2
32063,2
32064,2
32065,2
32066,2
32067,0
32068,2
32069,2
32070,2
32071,2
32072,1
32073,1
32074,2
32075,1
32076,2
32077,0
32078,2
32079,2
32080,2
32081,2
32082,2
32083,2
32084,2
32085,2
32086,1
32087,1
32088,2
32089,2
32090,1
32091,2
32092,1
32093,2
32094,2
32095,1
32096,2
32097,2
32098,0
32099,0
32100,0
32101,2
32102,2
32103,2
32104,0
32105,2
32106,1
32107,2
32108,2
32109,2
32110,0
32111,1
32112,2
32113,2
32114,1
32115,2
32116,2
32117,0
32118,2
32119,1
32120,2
32121,2
32122,2
32123,2
32124,2
32125,2
32126,0
32127,1
32128,2
32129,0
32130,2
32131,2
32132,2
32133,2
32134,2
32135,2
32136,2
32137,2
32138,1
32139,2
32140,0
32141,2
32142,2
32143,2
32144,0
32145,1
32146,1
32147,2
32148,0
32149,1
32150,2
32151,0
32152,0
32153,2
32154,2
32155,1
32156,2
32157,2
32158,2
32159,2
32160,2
32161,1
32162,2
32163,1
32164,2
32165,2
32166,1
32167,2
32168,1
32169,1
32170,2
32171,2
32172,1
32173,2
32174,1
32175,2
32176,1
32177,1
32178,2
32179,2
32180,2
32181,2
32182,2
32183,2
32184,2
32185,2
32186,1
32187,2
32188,2
32189,2
32190,2
32191,2
32192,2
32193,1
32194,1
32195,2
32196,0
32197,2
32198,2
32199,1
32200,2
32201,0
32202,1
32203,0
32204,2
32205,1
32206,0
32207,1
32208,2
32209,1
32210,2
32211,2
32212,0
32213,1
32214,1
32215,0
32216,1
32217,1
32218,2
32219,0
32220,0
32221,2
32222,1
32223,1
32224,1
32225,0
32226,2
32227,2
32228,2
32229,2
32230,2
32231,2
32232,2
32233,1
32234,2
32235,2
32236,1
32237,2
32238,2
32239,2
32240,2
32241,1
32242,1
32243,0
32244,2
32245,2
32246,0
32247,2
32248,1
32249,2
32250,0
32251,2
32252,2
32253,1
32254,0
32255,2
32256,0
32257,1
32258,2
32259,0
32260,1
32261,0
32262,2
32263,1
32264,0
32265,2
32266,2
32267,0
32268,0
32269,2
32270,0
32271,0
32272,2
32273,1
32274,1
32275,2
32276,1
32277,2
32278,2
32279,2
32280,2
32281,0
32282,2
32283,2
32284,0
32285,2
32286,2
32287,2
32288,2
32289,2
32290,0
32291,0
32292,0
32293,1
32294,1
32295,2
32296,2
32297,0
32298,0
32299,0
32300,2
32301,2
32302,2
32303,0
32304,2
32305,2
32306,2
32307,1
32308,2
32309,2
32310,2
32311,1
32312,0
32313,1
32314,1
32315,2
32316,1
32317,0
32318,2
32319,1
32320,2
32321,1
32322,2
32323,1
32324,2
32325,1
32326,1
32327,1
32328,2
32329,2
32330,1
32331,2
32332,1
32333,2
32334,2
32335,2
32336,1
32337,2
32338,1
32339,0
32340,1
32341,2
32342,2
32343,2
32344,2
32345,1
32346,2
32347,2
32348,1
32349,2
32350,1
32351,2
32352,2
32353,2
32354,1
32355,2
32356,0
32357,2
32358,1
32359,2
32360,2
32361,1
32362,2
32363,1
32364,2
32365,0
32366,2
32367,2
32368,2
32369,1
32370,0
32371,2
32372,1
32373,2
32374,2
32375,2
32376,2
32377,1
32378,2
32379,1
32380,2
32381,2
32382,0
32383,2
32384,2
32385,1
32386,1
32387,2
32388,2
32389,0
32390,1
32391,2
32392,2
32393,2
32394,2
32395,0
32396,2
32397,2
32398,1
32399,0
32400,2
32401,2
32402,2
32403,2
32404,2
32405,2
32406,2
32407,2
32408,2
32409,2
32410,2
32411,2
32412,2
32413,1
32414,1
32415,2
32416,2
32417,1
32418,1
32419,0
32420,2
32421,2
32422,1
32423,1
32424,0
32425,0
32426,0
32427,1
32428,2
32429,1
32430,1
32431,2
32432,1
32433,2
32434,2
32435,1
32436,1
32437,2
32438,0
32439,0
32440,2
32441,1
32442,0
32443,2
32444,1
32445,2
32446,2
32447,1
32448,1
32449,2
32450,1
32451,2
32452,2
32453,2
32454,1
32455,2
32456,2
32457,1
32458,2
32459,2
32460,1
32461,1
32462,2
32463,2
32464,1
32465,2
32466,1
32467,2
32468,0
32469,2
32470,0
32471,1
32472,2
32473,1
32474,1
32475,2
32476,1
32477,1
32478,2
32479,0
32480,2
32481,2
32482,1
32483,1
32484,2
32485,1
32486,2
32487,0
32488,2
32489,2
32490,2
32491,2
32492,2
32493,1
32494,1
32495,2
32496,2
32497,2
32498,2
32499,1
32500,2
32501,1
32502,2
32503,1
32504,2
32505,1
32506,2
32507,1
32508,0
32509,2
32510,1
32511,2
32512,0
32513,2
32514,1
32515,2
32516,2
32517,2
32518,2
32519,1
32520,2
32521,2
32522,2
32523,1
32524,2
32525,2
32526,0
32527,0
32528,2
32529,2
32530,1
32531,1
32532,2
32533,2
32534,1
32535,2
32536,0
32537,0
32538,0
32539,2
32540,0
32541,2
32542,1
32543,1
32544,0
32545,2
32546,2
32547,2
32548,1
32549,2
32550,1
32551,1
32552,2
32553,0
32554,2
32555,1
32556,1
32557,1
32558,2
32559,2
32560,2
32561,2
32562,2
32563,1
32564,1
32565,2
32566,1
32567,2
32568,1
32569,2
32570,1
32571,2
32572,2
32573,1
32574,2
32575,2
32576,2
32577,2
32578,0
32579,2
32580,2
32581,2
32582,2
32583,2
32584,2
32585,2
32586,2
32587,2
32588,2
32589,1
32590,2
32591,2
32592,2
32593,2
32594,2
32595,2
32596,2
32597,1
32598,2
32599,2
32600,2
32601,1
32602,1
32603,0
32604,0
32605,2
32606,0
32607,2
32608,2
32609,2
32610,1
32611,1
32612,2
32613,0
32614,0
32615,0
32616,2
32617,1
32618,0
32619,1
32620,1
32621,2
32622,2
32623,2
32624,0
32625,2
32626,1
32627,2
32628,1
32629,2
32630,2
32631,2
32632,2
32633,2
32634,2
32635,2
32636,2
32637,2
32638,2
32639,2
32640,2
32641,2
32642,1
32643,2
32644,1
32645,2
32646,2
32647,0
32648,0
32649,2
32650,2
32651,1
32652,1
32653,1
32654,2
32655,2
32656,2
32657,1
32658,2
32659,1
32660,2
32661,1
32662,2
32663,2
32664,2
32665,1
32666,1
32667,2
32668,1
32669,0
32670,1
32671,2
32672,2
32673,2
32674,0
32675,1
32676,0
32677,1
32678,1
32679,0
32680,2
32681,1
32682,1
32683,0
32684,2
32685,1
32686,2
32687,1
32688,1
32689,1
32690,0
32691,2
32692,1
32693,1
32694,2
32695,1
32696,0
32697,0
32698,1
32699,0
32700,2
32701,2
32702,2
32703,1
32704,2
32705,0
32706,1
32707,2
32708,1
32709,2
32710,1
32711,2
32712,2
32713,0
32714,0
32715,2
32716,2
32717,1
32718,1
32719,2
32720,2
32721,1
32722,2
32723,2
32724,2
32725,2
32726,1
32727,2
32728,2
32729,2
32730,2
32731,2
32732,1
32733,2
32734,1
32735,2
32736,2
32737,2
32738,2
32739,2
32740,2
32741,2
32742,2
32743,2
32744,2
32745,2
32746,1
32747,0
32748,2
32749,1
32750,0
32751,1
32752,2
32753,2
32754,2
32755,2
32756,2
32757,1
32758,2
32759,1
32760,2
32761,1
32762,2
32763,1
32764,1
32765,1
32766,1
32767,0
32768,2
32769,2
32770,2
32771,2
32772,2
32773,2
32774,2
32775,2
32776,0
32777,1
32778,2
32779,2
32780,1
32781,2
32782,1
32783,1
32784,2
32785,1
32786,1
32787,2
32788,0
32789,2
32790,2
32791,2
32792,2
32793,2
32794,1
32795,2
32796,2
32797,2
32798,2
32799,2
32800,2
32801,1
32802,1
32803,2
32804,2
32805,0
32806,1
32807,2
32808,1
32809,1
32810,0
32811,1
32812,1
32813,0
32814,1
32815,1
32816,2
32817,0
32818,1
32819,2
32820,2
32821,2
32822,2
32823,0
32824,2
32825,2
32826,2
32827,2
32828,2
32829,2
32830,2
32831,2
32832,2
32833,1
32834,2
32835,2
32836,2
32837,2
32838,2
32839,1
32840,2
32841,0
32842,1
32843,2
32844,1
32845,0
32846,0
32847,0
32848,0
32849,2
32850,1
32851,1
32852,0
32853,1
32854,1
32855,2
32856,1
32857,2
32858,2
32859,2
32860,2
32861,1
32862,2
32863,2
32864,1
32865,2
32866,2
32867,2
32868,1
32869,1
32870,2
32871,2
32872,1
32873,1
32874,2
32875,2
32876,0
32877,2
32878,2
32879,1
32880,1
32881,2
32882,2
32883,2
32884,2
32885,2
32886,1
32887,1
32888,2
32889,1
32890,2
32891,2
32892,1
32893,2
32894,2
32895,2
32896,1
32897,2
32898,1
32899,2
32900,0
32901,2
32902,1
32903,2
32904,0
32905,2
32906,2
32907,1
32908,2
32909,0
32910,2
32911,2
32912,2
32913,0
32914,2
32915,2
32916,1
32917,1
32918,2
32919,2
32920,1
32921,2
32922,2
32923,0
32924,2
32925,1
32926,2
32927,2
32928,2
32929,2
32930,2
32931,0
32932,2
32933,1
32934,2
32935,2
32936,1
32937,1
32938,1
32939,1
32940,1
32941,2
32942,1
32943,2
32944,1
32945,1
32946,0
32947,1
32948,2
32949,2
32950,2
32951,2
32952,1
32953,0
32954,2
32955,1
32956,1
32957,0
32958,2
32959,2
32960,2
32961,2
32962,2
32963,1
32964,0
32965,1
32966,2
32967,1
32968,1
32969,2
32970,2
32971,2
32972,2
32973,2
32974,0
32975,2
32976,2
32977,1
32978,2
32979,0
32980,1
32981,1
32982,2
32983,1
32984,1
32985,2
32986,2
32987,2
32988,1
32989,1
32990,2
32991,2
32992,2
32993,1
32994,1
32995,2
32996,2
32997,2
32998,2
32999,2
33000,2
33001,1
33002,2
33003,2
33004,2
33005,2
33006,0
33007,2
33008,0
33009,2
33010,2
33011,1
33012,0
33013,0
33014,2
33015,0
33016,2
33017,1
33018,2
33019,2
33020,1
33021,0
33022,2
33023,2
33024,2
33025,0
33026,1
33027,0
33028,2
33029,2
33030,2
33031,2
33032,1
33033,2
33034,1
33035,1
33036,2
33037,2
33038,1
33039,2
33040,2
33041,1
33042,1
33043,2
33044,2
33045,2
33046,2
33047,1
33048,2
33049,2
33050,1
33051,2
33052,2
33053,0
33054,1
33055,1
33056,2
33057,2
33058,1
33059,2
33060,1
33061,2
33062,1
33063,2
33064,2
33065,1
33066,1
33067,2
33068,2
33069,2
33070,1
33071,2
33072,1
33073,1
33074,2
33075,2
33076,1
33077,1
33078,2
33079,2
33080,2
33081,2
33082,2
33083,1
33084,2
33085,1
33086,0
33087,1
33088,1
33089,2
33090,2
33091,1
33092,2
33093,1
33094,1
33095,1
33096,1
33097,2
33098,0
33099,2
33100,2
33101,2
33102,2
33103,2
33104,1
33105,2
33106,2
33107,2
33108,1
33109,1
33110,2
33111,2
33112,2
33113,1
33114,2
33115,1
33116,2
33117,2
33118,0
33119,2
33120,0
33121,2
33122,2
33123,0
33124,1
33125,1
33126,2
33127,0
33128,1
33129,2
33130,0
33131,2
33132,0
33133,2
33134,2
33135,2
33136,2
33137,0
33138,1
33139,1
33140,2
33141,0
33142,1
33143,2
33144,1
33145,2
33146,2
33147,2
33148,2
33149,2
33150,2
33151,2
33152,2
33153,2
33154,2
33155,1
33156,1
33157,2
33158,2
33159,1
33160,1
33161,0
33162,1
33163,0
33164,1
33165,0
33166,1
33167,1
33168,1
33169,0
33170,2
33171,2
33172,1
33173,1
33174,2
33175,1
33176,2
33177,2
33178,2
33179,2
33180,1
33181,2
33182,1
33183,0
33184,0
33185,0
33186,1
33187,1
33188,2
33189,2
33190,2
33191,1
33192,2
33193,1
33194,2
33195,2
33196,1
33197,0
33198,1
33199,0
33200,0
33201,2
33202,2
33203,2
33204,1
33205,2
33206,0
33207,2
33208,2
33209,1
33210,1
33211,2
33212,1
33213,2
33214,2
33215,2
33216,2
33217,2
33218,2
33219,1
33220,1
33221,1
33222,1
33223,1
33224,0
33225,2
33226,2
33227,2
33228,2
33229,2
33230,2
33231,0
33232,2
33233,2
33234,1
33235,2
33236,0
33237,0
33238,1
33239,2
33240,2
33241,1
33242,1
33243,2
33244,1
33245,1
33246,2
33247,2
33248,0
33249,0
33250,2
33251,2
33252,2
33253,2
33254,2
33255,0
33256,2
33257,2
33258,2
33259,1
33260,2
33261,2
33262,1
33263,2
33264,2
33265,2
33266,0
33267,0
33268,2
33269,2
33270,2
33271,2
33272,0
33273,2
33274,1
33275,0
33276,0
33277,1
33278,2
33279,1
33280,1
33281,0
33282,1
33283,2
33284,2
33285,1
33286,2
33287,2
33288,2
33289,2
33290,1
33291,1
33292,2
33293,2
33294,2
33295,2
33296,2
33297,1
33298,2
33299,0
33300,2
33301,1
33302,2
33303,2
33304,0
33305,2
33306,2
33307,1
33308,2
33309,2
33310,2
33311,0
33312,2
33313,1
33314,1
33315,2
33316,2
33317,1
33318,2
33319,1
33320,0
33321,2
33322,1
33323,2
33324,2
33325,2
33326,2
33327,0
33328,2
33329,2
33330,2
33331,2
33332,0
33333,2
33334,1
33335,2
33336,2
33337,2
33338,2
33339,2
33340,2
33341,2
33342,2
33343,2
33344,2
33345,2
33346,0
33347,2
33348,0
33349,2
33350,2
33351,1
33352,1
33353,0
33354,2
33355,2
33356,2
33357,2
33358,0
33359,2
33360,0
33361,2
33362,2
33363,1
33364,1
33365,0
33366,0
33367,2
33368,2
33369,2
33370,2
33371,2
33372,2
33373,2
33374,1
33375,1
33376,1
33377,2
33378,2
33379,2
33380,1
33381,2
33382,2
33383,2
33384,0
33385,1
33386,2
33387,2
33388,1
33389,2
33390,2
33391,2
33392,2
33393,1
33394,2
33395,2
33396,2
33397,0
33398,2
33399,2
33400,0
33401,1
33402,2
33403,2
33404,2
33405,2
33406,2
33407,2
33408,2
33409,1
33410,2
33411,2
33412,2
33413,0
33414,0
33415,1
33416,1
33417,2
33418,0
33419,0
33420,2
33421,1
33422,1
33423,2
33424,1
33425,0
33426,1
33427,1
33428,1
33429,0
33430,2
33431,2
33432,1
33433,0
33434,1
33435,2
33436,1
33437,2
33438,2
33439,1
33440,2
33441,2
33442,2
33443,0
33444,2
33445,2
33446,1
33447,2
33448,1
33449,2
33450,2
33451,0
33452,0
33453,2
33454,0
33455,2
33456,2
33457,1
33458,2
33459,1
33460,2
33461,2
33462,0
33463,2
33464,2
33465,2
33466,2
33467,2
33468,2
33469,2
33470,2
33471,2
33472,2
33473,1
33474,2
33475,2
33476,1
33477,2
33478,2
33479,2
33480,0
33481,2
33482,0
33483,1
33484,2
33485,2
33486,2
33487,1
33488,0
33489,1
33490,2
33491,2
33492,2
33493,2
33494,1
33495,0
33496,0
33497,2
33498,1
33499,2
33500,1
33501,2
33502,2
33503,1
33504,2
33505,2
33506,1
33507,2
33508,2
33509,2
33510,2
33511,0
33512,1
33513,2
33514,2
33515,2
33516,2
33517,0
33518,1
33519,2
33520,1
33521,2
33522,0
33523,2
33524,2
33525,2
33526,1
33527,1
33528,2
33529,2
33530,1
33531,1
33532,1
33533,2
33534,0
33535,1
33536,2
33537,2
33538,2
33539,2
33540,2
33541,2
33542,0
33543,0
33544,2
33545,2
33546,1
33547,2
33548,0
33549,2
33550,0
33551,1
33552,2
33553,2
33554,0
33555,2
33556,2
33557,2
33558,2
33559,2
33560,2
33561,2
33562,2
33563,1
33564,1
33565,1
33566,2
33567,1
33568,2
33569,1
33570,1
33571,2
33572,2
33573,2
33574,0
33575,1
33576,2
33577,2
33578,2
33579,2
33580,1
33581,2
33582,2
33583,1
33584,2
33585,2
33586,2
33587,2
33588,2
33589,1
33590,2
33591,2
33592,1
33593,2
33594,0
33595,2
33596,1
33597,1
33598,2
33599,1
33600,2
33601,2
33602,1
33603,2
33604,1
33605,2
33606,2
33607,2
33608,2
33609,1
33610,0
33611,1
33612,2
33613,2
33614,2
33615,2
33616,0
33617,1
33618,1
33619,0
33620,2
33621,2
33622,2
33623,1
33624,2
33625,1
33626,2
33627,1
33628,2
33629,0
33630,2
33631,2
33632,2
33633,2
33634,2
33635,2
33636,0
33637,1
33638,2
33639,0
33640,2
33641,2
33642,0
33643,1
33644,2
33645,2
33646,1
33647,2
33648,2
33649,2
33650,1
33651,2
33652,2
33653,2
33654,2
33655,2
33656,1
33657,0
33658,1
33659,2
33660,1
33661,1
33662,2
33663,2
33664,0
33665,2
33666,1
33667,1
33668,2
33669,1
33670,1
33671,1
33672,1
33673,2
33674,0
33675,2
33676,1
33677,1
33678,0
33679,2
33680,1
33681,2
33682,2
33683,2
33684,2
33685,2
33686,0
33687,0
33688,1
33689,2
33690,0
33691,0
33692,1
33693,1
33694,0
33695,1
33696,2
33697,2
33698,2
33699,0
33700,1
33701,1
33702,2
33703,2
33704,2
33705,2
33706,2
33707,0
33708,2
33709,2
33710,1
33711,2
33712,1
33713,1
33714,1
33715,2
33716,2
33717,1
33718,1
33719,1
33720,2
33721,0
33722,2
33723,0
33724,0
33725,1
33726,2
33727,1
33728,2
33729,2
33730,0
33731,2
33732,2
33733,2
33734,2
33735,2
33736,2
33737,2
33738,1
33739,0
33740,2
33741,1
33742,2
33743,2
33744,2
33745,1
33746,1
33747,2
33748,2
33749,2
33750,0
33751,2
33752,0
33753,1
33754,2
33755,2
33756,1
33757,2
33758,1
33759,1
33760,2
33761,2
33762,0
33763,2
33764,2
33765,1
33766,2
33767,2
33768,0
33769,2
33770,0
33771,2
33772,2
33773,2
33774,2
33775,2
33776,0
33777,2
33778,2
33779,2
33780,2
33781,0
33782,0
33783,2
33784,2
33785,1
33786,1
33787,0
33788,2
33789,2
33790,1
33791,1
33792,2
33793,2
33794,2
33795,2
33796,2
33797,1
33798,1
33799,1
33800,2
33801,2
33802,2
33803,0
33804,0
33805,2
33806,2
33807,2
33808,0
33809,1
33810,1
33811,2
33812,1
33813,1
33814,2
33815,2
33816,1
33817,2
33818,1
33819,0
33820,0
33821,2
33822,0
33823,0
33824,2
33825,2
33826,0
33827,2
33828,1
33829,0
33830,2
33831,2
33832,2
33833,2
33834,2
33835,2
33836,2
33837,2
33838,1
33839,2
33840,1
33841,2
33842,2
33843,1
33844,2
33845,2
33846,2
33847,1
33848,2
33849,1
33850,2
33851,2
33852,0
33853,0
33854,0
33855,2
33856,2
33857,2
33858,2
33859,1
33860,2
33861,1
33862,1
33863,0
33864,0
33865,2
33866,2
33867,2
33868,0
33869,0
33870,1
33871,2
33872,2
33873,2
33874,2
33875,0
33876,1
33877,2
33878,2
33879,2
33880,1
33881,2
33882,2
33883,2
33884,2
33885,2
33886,2
33887,1
33888,2
33889,1
33890,2
33891,0
33892,2
33893,2
33894,2
33895,1
33896,2
33897,2
33898,2
33899,0
33900,2
33901,2
33902,2
33903,0
33904,2
33905,1
33906,1
33907,2
33908,2
33909,2
33910,2
33911,2
33912,2
33913,2
33914,2
33915,2
33916,1
33917,2
33918,2
33919,2
33920,1
33921,1
33922,1
33923,2
33924,2
33925,2
33926,2
33927,1
33928,1
33929,2
33930,0
33931,0
33932,1
33933,1
33934,1
33935,2
33936,2
33937,2
33938,1
33939,2
33940,1
33941,1
33942,2
33943,0
33944,1
33945,0
33946,2
33947,0
33948,1
33949,1
33950,1
33951,2
33952,0
33953,2
33954,2
33955,2
33956,2
33957,2
33958,1
33959,2
33960,2
33961,2
33962,1
33963,2
33964,2
33965,2
33966,2
33967,1
33968,2
33969,2
33970,2
33971,1
33972,0
33973,2
33974,1
33975,2
33976,2
33977,0
33978,1
33979,2
33980,0
33981,0
33982,2
33983,2
33984,2
33985,2
33986,2
33987,2
33988,1
33989,2
33990,2
33991,2
33992,2
33993,1
33994,2
33995,2
33996,1
33997,1
33998,2
33999,2
34000,2
34001,1
34002,0
34003,2
34004,2
34005,0
34006,0
34007,0
34008,2
34009,0
34010,2
34011,1
34012,2
34013,2
34014,2
34015,2
34016,1
34017,2
34018,1
34019,2
34020,0
34021,0
34022,2
34023,1
34024,2
34025,1
34026,0
34027,1
34028,2
34029,2
34030,2
34031,2
34032,2
34033,2
34034,1
34035,1
34036,2
34037,2
34038,1
34039,0
34040,2
34041,1
34042,2
34043,2
34044,2
34045,2
34046,1
34047,1
34048,2
34049,2
34050,1
34051,2
34052,1
34053,2
34054,2
34055,0
34056,0
34057,2
34058,2
34059,2
34060,2
34061,1
34062,2
34063,2
34064,2
34065,2
34066,0
34067,2
34068,0
34069,1
34070,2
34071,1
34072,2
34073,2
34074,2
34075,1
34076,1
34077,2
34078,2
34079,2
34080,0
34081,2
34082,1
34083,2
34084,2
34085,1
34086,2
34087,1
34088,0
34089,1
34090,2
34091,0
34092,2
34093,2
34094,2
34095,2
34096,1
34097,0
34098,2
34099,1
34100,1
34101,1
34102,1
34103,0
34104,1
34105,2
34106,2
34107,2
34108,2
34109,1
34110,1
34111,2
34112,0
34113,0
34114,1
34115,2
34116,0
34117,2
34118,2
34119,1
34120,0
34121,0
34122,2
34123,2
34124,1
34125,2
34126,2
34127,2
34128,2
34129,2
34130,2
34131,2
34132,2
34133,2
34134,2
34135,1
34136,2
34137,2
34138,2
34139,2
34140,2
34141,1
34142,2
34143,0
34144,2
34145,0
34146,2
34147,2
34148,2
34149,2
34150,2
34151,2
34152,1
34153,0
34154,2
34155,2
34156,2
34157,2
34158,1
34159,0
34160,2
34161,2
34162,0
34163,2
34164,2
34165,0
34166,0
34167,1
34168,0
34169,2
34170,2
34171,0
34172,1
34173,0
34174,2
34175,2
34176,2
34177,2
34178,2
34179,1
34180,2
34181,2
34182,0
34183,1
34184,2
34185,2
34186,1
34187,2
34188,2
34189,2
34190,2
34191,2
34192,0
34193,2
34194,2
34195,2
34196,2
34197,2
34198,1
34199,1
34200,0
34201,2
34202,0
34203,1
34204,1
34205,2
34206,2
34207,2
34208,2
34209,2
34210,2
34211,2
34212,2
34213,2
34214,2
34215,0
34216,2
34217,2
34218,1
34219,2
34220,2
34221,2
34222,2
34223,2
34224,1
34225,2
34226,0
34227,2
34228,2
34229,1
34230,1
34231,2
34232,2
34233,0
34234,2
34235,2
34236,2
34237,1
34238,2
34239,0
34240,2
34241,0
34242,2
34243,2
34244,2
34245,0
34246,2
34247,2
34248,2
34249,2
34250,2
34251,2
34252,1
34253,2
34254,2
34255,2
34256,2
34257,2
34258,1
34259,2
34260,2
34261,1
34262,1
34263,2
34264,2
34265,2
34266,1
34267,2
34268,1
34269,2
34270,0
34271,1
34272,2
34273,2
34274,2
34275,1
34276,1
34277,2
34278,1
34279,2
34280,1
34281,1
34282,2
34283,0
34284,2
34285,2
34286,0
34287,2
34288,2
34289,2
34290,2
34291,2
34292,2
34293,0
34294,2
34295,2
34296,1
34297,2
34298,2
34299,2
34300,1
34301,1
34302,1
34303,1
34304,1
34305,2
34306,0
34307,0
34308,1
34309,2
34310,2
34311,2
34312,2
34313,1
34314,1
34315,2
34316,1
34317,1
34318,2
34319,1
34320,0
34321,2
34322,0
34323,2
34324,2
34325,1
34326,0
34327,2
34328,2
34329,1
34330,1
34331,2
34332,2
34333,2
34334,2
34335,1
34336,2
34337,1
34338,1
34339,2
34340,0
34341,2
34342,1
34343,1
34344,1
34345,0
34346,1
34347,2
34348,2
34349,0
34350,1
34351,0
34352,0
34353,2
34354,2
34355,2
34356,2
34357,2
34358,2
34359,2
34360,2
34361,1
34362,2
34363,1
34364,2
34365,2
34366,1
34367,2
34368,2
34369,2
34370,2
34371,2
34372,2
34373,0
34374,2
34375,2
34376,2
34377,2
34378,0
34379,0
34380,2
34381,2
34382,2
34383,1
34384,2
34385,1
34386,1
34387,0
34388,1
34389,2
34390,0
34391,1
34392,1
34393,2
34394,1
34395,1
34396,2
34397,0
34398,1
34399,2
34400,2
34401,2
34402,2
34403,0
34404,0
34405,2
34406,2
34407,1
34408,2
34409,1
34410,2
34411,0
34412,2
34413,2
34414,1
34415,2
34416,2
34417,2
34418,2
34419,2
34420,1
34421,0
34422,1
34423,0
34424,2
34425,2
34426,0
34427,2
34428,2
34429,2
34430,2
34431,0
34432,1
34433,1
34434,2
34435,2
34436,0
34437,2
34438,1
34439,2
34440,1
34441,2
34442,2
34443,2
34444,2
34445,2
34446,1
34447,1
34448,0
34449,1
34450,2
34451,1
34452,2
34453,2
34454,2
34455,2
34456,2
34457,2
34458,1
34459,0
34460,1
34461,1
34462,2
34463,2
34464,2
34465,2
34466,2
34467,2
34468,2
34469,0
34470,2
34471,2
34472,2
34473,2
34474,1
34475,2
34476,2
34477,1
34478,0
34479,2
34480,0
34481,1
34482,2
34483,2
34484,2
34485,2
34486,0
34487,2
34488,2
34489,2
34490,1
34491,2
34492,2
34493,0
34494,2
34495,2
34496,2
34497,2
34498,1
34499,1
34500,1
34501,0
34502,2
34503,1
34504,1
34505,1
34506,1
34507,0
34508,2
34509,0
34510,2
34511,0
34512,2
34513,0
34514,1
34515,1
34516,2
34517,2
34518,0
34519,2
34520,2
34521,1
34522,2
34523,2
34524,2
34525,2
34526,0
34527,0
34528,2
34529,0
34530,2
34531,2
34532,1
34533,1
34534,1
34535,1
34536,2
34537,0
34538,2
34539,2
34540,1
34541,2
34542,2
34543,1
34544,0
34545,2
34546,2
34547,2
34548,2
34549,0
34550,1
34551,2
34552,2
34553,2
34554,1
34555,2
34556,2
34557,2
34558,2
34559,0
34560,1
34561,2
34562,1
34563,1
34564,0
34565,2
34566,2
34567,2
34568,2
34569,1
34570,2
34571,2
34572,2
34573,2
34574,2
34575,2
34576,2
34577,0
34578,1
34579,2
34580,2
34581,2
34582,1
34583,2
34584,2
34585,2
34586,2
34587,0
34588,0
34589,0
34590,0
34591,1
34592,2
34593,2
34594,1
34595,2
34596,0
34597,2
34598,2
34599,2
34600,0
34601,2
34602,1
34603,2
34604,1
34605,0
34606,1
34607,2
34608,1
34609,2
34610,0
34611,1
34612,2
34613,2
34614,2
34615,2
34616,2
34617,2
34618,2
34619,1
34620,1
34621,2
34622,1
34623,2
34624,1
34625,1
34626,2
34627,2
34628,0
34629,2
34630,2
34631,1
34632,2
34633,2
34634,0
34635,2
34636,2
34637,1
34638,2
34639,2
34640,1
34641,1
34642,1
34643,2
34644,1
34645,0
34646,1
34647,2
34648,0
34649,2
34650,2
34651,1
34652,2
34653,2
34654,0
34655,1
34656,1
34657,2
34658,2
34659,1
34660,2
34661,2
34662,2
34663,2
34664,2
34665,2
34666,0
34667,1
34668,0
34669,1
34670,1
34671,2
34672,1
34673,1
34674,1
34675,2
34676,2
34677,1
34678,0
34679,2
34680,1
34681,1
34682,2
34683,2
34684,2
34685,2
34686,2
34687,0
34688,2
34689,1
34690,2
34691,1
34692,2
34693,2
34694,2
34695,2
34696,0
34697,2
34698,1
34699,1
34700,2
34701,0
34702,2
34703,1
34704,2
34705,1
34706,1
34707,2
34708,1
34709,1
34710,1
34711,1
34712,2
34713,1
34714,1
34715,2
34716,2
34717,1
34718,0
34719,0
34720,2
34721,0
34722,2
34723,2
34724,2
34725,2
34726,0
34727,2
34728,1
34729,2
34730,2
34731,2
34732,2
34733,2
34734,2
34735,2
34736,2
34737,0
34738,0
34739,2
34740,1
34741,1
34742,2
34743,1
34744,2
34745,0
34746,0
34747,2
34748,2
34749,0
34750,2
34751,2
34752,2
34753,2
34754,1
34755,2
34756,2
34757,2
34758,2
34759,1
34760,1
34761,1
34762,1
34763,2
34764,0
34765,1
34766,0
34767,2
34768,1
34769,2
34770,2
34771,2
34772,2
34773,1
34774,1
34775,2
34776,2
34777,0
34778,0
34779,2
34780,2
34781,0
34782,2
34783,1
34784,2
34785,2
34786,2
34787,2
34788,1
34789,1
34790,2
34791,0
34792,1
34793,1
34794,2
34795,2
34796,2
34797,0
34798,2
34799,2
34800,1
34801,2
34802,1
34803,1
34804,1
34805,1
34806,2
34807,0
34808,1
34809,0
34810,2
34811,2
34812,2
34813,2
34814,2
34815,2
34816,2
34817,1
34818,1
34819,2
34820,1
34821,0
34822,2
34823,1
34824,1
34825,2
34826,2
34827,1
34828,0
34829,2
34830,0
34831,1
34832,0
34833,0
34834,1
34835,1
34836,2
34837,2
34838,2
34839,1
34840,2
34841,1
34842,2
34843,0
34844,0
34845,2
34846,2
34847,1
34848,0
34849,1
34850,2
34851,2
34852,2
34853,2
34854,2
34855,1
34856,1
34857,2
34858,2
34859,2
34860,1
34861,2
34862,2
34863,0
34864,2
34865,1
34866,1
34867,2
34868,2
34869,1
34870,0
34871,2
34872,2
34873,2
34874,2
34875,1
34876,2
34877,2
34878,0
34879,2
34880,2
34881,1
34882,2
34883,2
34884,2
34885,2
34886,2
34887,2
34888,2
34889,2
34890,2
34891,2
34892,0
34893,2
34894,2
34895,1
34896,2
34897,1
34898,2
34899,2
34900,2
34901,2
34902,2
34903,2
34904,2
34905,1
34906,2
34907,2
34908,1
34909,1
34910,1
34911,0
34912,2
34913,2
34914,2
34915,2
34916,2
34917,2
34918,1
34919,0
34920,0
34921,0
34922,1
34923,1
34924,1
34925,1
34926,2
34927,1
34928,1
34929,2
34930,1
34931,1
34932,2
34933,2
34934,1
34935,1
34936,2
34937,2
34938,1
34939,1
34940,0
34941,2
34942,2
34943,0
34944,1
34945,2
34946,2
34947,1
34948,2
34949,2
34950,1
34951,1
34952,2
34953,2
34954,2
34955,1
34956,1
34957,1
34958,2
34959,1
34960,1
34961,0
34962,1
34963,1
34964,1
34965,1
34966,2
34967,1
34968,2
34969,1
34970,2
34971,0
34972,2
34973,1
34974,2
34975,1
34976,2
34977,1
34978,2
34979,2
34980,2
34981,1
34982,2
34983,2
34984,1
34985,2
34986,2
34987,2
34988,2
34989,2
34990,2
34991,1
34992,2
34993,2
34994,1
34995,2
34996,2
34997,1
34998,2
34999,2
35000,2
35001,2
35002,2
35003,2
35004,2
35005,2
35006,1
35007,0
35008,2
35009,2
35010,0
35011,0
35012,2
35013,2
35014,1
35015,1
35016,2
35017,2
35018,1
35019,2
35020,2
35021,2
35022,2
35023,2
35024,1
35025,1
35026,0
35027,2
35028,1
35029,2
35030,0
35031,2
35032,2
35033,0
35034,2
35035,0
35036,1
35037,0
35038,1
35039,2
35040,1
35041,2
35042,2
35043,1
35044,2
35045,2
35046,2
35047,2
35048,1
35049,2
35050,2
35051,0
35052,1
35053,2
35054,2
35055,2
35056,2
35057,2
35058,2
35059,1
35060,1
35061,0
35062,1
35063,2
35064,2
35065,0
35066,0
35067,2
35068,0
35069,2
35070,0
35071,2
35072,1
35073,2
35074,2
35075,1
35076,1
35077,1
35078,2
35079,2
35080,1
35081,2
35082,2
35083,2
35084,1
35085,1
35086,2
35087,2
35088,0
35089,0
35090,2
35091,2
35092,2
35093,1
35094,2
35095,2
35096,1
35097,2
35098,0
35099,1
35100,2
35101,0
35102,1
35103,2
35104,1
35105,0
35106,2
35107,2
35108,0
35109,2
35110,2
35111,2
35112,2
35113,0
35114,2
35115,1
35116,2
35117,1
35118,0
35119,1
35120,0
35121,2
35122,1
35123,2
35124,2
35125,2
35126,1
35127,2
35128,2
35129,2
35130,1
35131,0
35132,2
35133,1
35134,1
35135,2
35136,2
35137,2
35138,1
35139,2
35140,0
35141,2
35142,2
35143,1
35144,0
35145,2
35146,2
35147,2
35148,2
35149,2
35150,1
35151,1
35152,1
35153,1
35154,2
35155,1
35156,0
35157,2
35158,0
35159,1
35160,2
35161,2
35162,1
35163,2
35164,2
35165,1
35166,1
35167,0
35168,2
35169,0
35170,1
35171,2
35172,2
35173,2
35174,0
35175,2
35176,2
35177,1
35178,2
35179,1
35180,2
35181,0
35182,2
35183,0
35184,2
35185,2
35186,0
35187,1
35188,1
35189,1
35190,2
35191,2
35192,2
35193,2
35194,2
35195,2
35196,1
35197,2
35198,1
35199,1
35200,2
35201,0
35202,2
35203,1
35204,2
35205,1
35206,0
35207,0
35208,2
35209,1
35210,2
35211,2
35212,1
35213,2
35214,1
35215,0
35216,2
35217,2
35218,2
35219,2
35220,1
35221,0
35222,1
35223,1
35224,1
35225,1
35226,2
35227,1
35228,1
35229,2
35230,2
35231,2
35232,1
35233,0
35234,2
35235,1
35236,2
35237,1
35238,2
35239,2
35240,1
35241,2
35242,2
35243,1
35244,0
35245,1
35246,1
35247,2
35248,2
35249,2
35250,2
35251,2
35252,1
35253,0
35254,1
35255,2
35256,1
35257,1
35258,0
35259,2
35260,1
35261,2
35262,2
35263,2
35264,0
35265,1
35266,2
35267,2
35268,1
35269,2
35270,2
35271,2
35272,2
35273,1
35274,2
35275,2
35276,1
35277,2
35278,0
35279,2
35280,0
35281,2
35282,2
35283,0
35284,1
35285,2
35286,2
35287,2
35288,1
35289,0
35290,2
35291,0
35292,2
35293,0
35294,2
35295,2
35296,0
35297,2
35298,1
35299,2
35300,0
35301,2
35302,1
35303,2
35304,2
35305,1
35306,2
35307,2
35308,2
35309,0
35310,0
35311,0
35312,1
35313,2
35314,1
35315,2
35316,0
35317,2
35318,2
35319,0
35320,0
35321,2
35322,1
35323,2
35324,2
35325,1
35326,0
35327,2
35328,2
35329,2
35330,1
35331,1
35332,2
35333,2
35334,2
35335,2
35336,2
35337,0
35338,1
35339,1
35340,1
35341,1
35342,2
35343,1
35344,2
35345,2
35346,1
35347,2
35348,1
35349,2
35350,0
35351,2
35352,2
35353,2
35354,2
35355,2
35356,1
35357,1
35358,0
35359,2
35360,1
35361,2
35362,1
35363,0
35364,2
35365,2
35366,2
35367,1
35368,2
35369,2
35370,2
35371,2
35372,0
35373,2
35374,2
35375,2
35376,2
35377,0
35378,0
35379,2
35380,0
35381,0
35382,2
35383,1
35384,2
35385,2
35386,0
35387,0
35388,2
35389,2
35390,0
35391,2
35392,0
35393,1
35394,0
35395,2
35396,1
35397,1
35398,0
35399,1
35400,2
35401,1
35402,2
35403,2
35404,2
35405,1
35406,2
35407,1
35408,2
35409,2
35410,1
35411,1
35412,2
35413,2
35414,0
35415,0
35416,2
35417,2
35418,1
35419,2
35420,1
35421,0
35422,2
35423,2
35424,0
35425,1
35426,1
35427,2
35428,1
35429,2
35430,1
35431,1
35432,2
35433,1
35434,2
35435,2
35436,2
35437,2
35438,0
35439,1
35440,1
35441,2
35442,1
35443,2
35444,2
35445,1
35446,1
35447,0
35448,1
35449,1
35450,0
35451,0
35452,2
35453,0
35454,2
35455,0
35456,1
35457,2
35458,1
35459,2
35460,0
35461,2
35462,2
35463,1
35464,1
35465,2
35466,1
35467,1
35468,1
35469,2
35470,1
35471,0
35472,2
35473,2
35474,2
35475,1
35476,2
35477,2
35478,1
35479,1
35480,1
35481,2
35482,2
35483,2
35484,2
35485,1
35486,2
35487,1
35488,2
35489,1
35490,2
35491,1
35492,2
35493,2
35494,2
35495,2
35496,2
35497,0
35498,1
35499,0
35500,0
35501,0
35502,0
35503,0
35504,0
35505,2
35506,2
35507,0
35508,2
35509,2
35510,2
35511,2
35512,2
35513,0
35514,2
35515,2
35516,2
35517,0
35518,1
35519,1
35520,2
35521,2
35522,1
35523,2
35524,2
35525,1
35526,0
35527,1
35528,1
35529,1
35530,0
35531,2
35532,1
35533,2
35534,1
35535,2
35536,2
35537,2
35538,2
35539,0
35540,0
35541,2
35542,2
35543,2
35544,1
35545,0
35546,1
35547,1
35548,0
35549,1
35550,2
35551,2
35552,0
35553,1
35554,2
35555,1
35556,2
35557,2
35558,2
35559,0
35560,1
35561,2
35562,2
35563,2
35564,2
35565,2
35566,1
35567,2
35568,1
35569,2
35570,2
35571,2
35572,1
35573,1
35574,2
35575,0
35576,0
35577,2
35578,2
35579,2
35580,0
35581,2
35582,2
35583,2
35584,0
35585,2
35586,1
35587,2
35588,2
35589,2
35590,0
35591,2
35592,2
35593,2
35594,1
35595,2
35596,2
35597,0
35598,2
35599,2
35600,2
35601,0
35602,1
35603,2
35604,2
35605,2
35606,2
35607,2
35608,2
35609,0
35610,2
35611,1
35612,0
35613,1
35614,1
35615,1
35616,1
35617,0
35618,2
35619,2
35620,1
35621,1
35622,2
35623,0
35624,2
35625,2
35626,2
35627,2
35628,1
35629,2
35630,2
35631,2
35632,2
35633,1
35634,2
35635,2
35636,2
35637,1
35638,2
35639,0
35640,1
35641,1
35642,1
35643,2
35644,2
35645,2
35646,0
35647,2
35648,1
35649,2
35650,2
35651,2
35652,0
35653,0
35654,2
35655,2
35656,1
35657,2
35658,1
35659,2
35660,0
35661,0
35662,2
35663,1
35664,2
35665,1
35666,1
35667,2
35668,0
35669,2
35670,2
35671,2
35672,2
35673,0
35674,1
35675,1
35676,1
35677,2
35678,2
35679,2
35680,0
35681,2
35682,1
35683,2
35684,2
35685,1
35686,0
35687,2
35688,2
35689,2
35690,1
35691,1
35692,2
35693,2
35694,0
35695,2
35696,1
35697,1
35698,2
35699,0
35700,2
35701,2
35702,2
35703,1
35704,2
35705,2
35706,0
35707,1
35708,1
35709,1
35710,1
35711,1
35712,1
35713,2
35714,1
35715,0
35716,2
35717,2
35718,1
35719,2
35720,2
35721,1
35722,2
35723,2
35724,1
35725,2
35726,2
35727,2
35728,2
35729,1
35730,2
35731,0
35732,2
35733,1
35734,2
35735,2
35736,0
35737,2
35738,2
35739,1
35740,2
35741,1
35742,2
35743,1
35744,0
35745,2
35746,2
35747,1
35748,0
35749,2
35750,2
35751,2
35752,2
35753,2
35754,2
35755,0
35756,1
35757,2
35758,2
35759,2
35760,0
35761,2
35762,2
35763,0
35764,0
35765,2
35766,1
35767,1
35768,1
35769,2
35770,2
35771,2
35772,2
35773,1
35774,1
35775,2
35776,2
35777,2
35778,1
35779,1
35780,0
35781,2
35782,1
35783,0
35784,2
35785,1
35786,2
35787,2
35788,0
35789,2
35790,1
35791,1
35792,2
35793,2
35794,2
35795,2
35796,2
35797,2
35798,2
35799,2
35800,1
35801,2
35802,2
35803,0
35804,0
35805,1
35806,1
35807,2
35808,1
35809,2
35810,0
35811,1
35812,0
35813,1
35814,2
35815,2
35816,2
35817,0
35818,1
35819,2
35820,2
35821,2
35822,2
35823,0
35824,1
35825,0
35826,1
35827,1
35828,0
35829,2
35830,2
35831,1
35832,1
35833,1
35834,1
35835,0
35836,2
35837,2
35838,2
35839,0
35840,2
35841,2
35842,1
35843,2
35844,1
35845,1
35846,1
35847,1
35848,2
35849,1
35850,1
35851,1
35852,2
35853,1
35854,2
35855,1
35856,1
35857,2
35858,2
35859,2
35860,2
35861,2
35862,2
35863,2
35864,2
35865,1
35866,0
35867,2
35868,2
35869,1
35870,1
35871,2
35872,2
35873,2
35874,2
35875,1
35876,0
35877,2
35878,0
35879,2
35880,1
35881,1
35882,2
35883,1
35884,0
35885,1
35886,1
35887,2
35888,1
35889,2
35890,2
35891,2
35892,2
35893,0
35894,2
35895,2
35896,1
35897,2
35898,2
35899,1
35900,2
35901,2
35902,0
35903,2
35904,0
35905,1
35906,1
35907,1
35908,2
35909,1
35910,0
35911,1
35912,1
35913,1
35914,1
35915,1
35916,1
35917,0
35918,2
35919,0
35920,1
35921,1
35922,2
35923,1
35924,2
35925,2
35926,2
35927,0
35928,2
35929,2
35930,1
35931,1
35932,1
35933,2
35934,2
35935,2
35936,0
35937,1
35938,2
35939,0
35940,2
35941,2
35942,1
35943,2
35944,1
35945,2
35946,2
35947,2
35948,2
35949,1
35950,1
35951,0
35952,0
35953,2
35954,1
35955,2
35956,2
35957,1
35958,2
35959,2
35960,2
35961,2
35962,2
35963,0
35964,1
35965,2
35966,1
35967,2
35968,2
35969,2
35970,2
35971,1
35972,2
35973,2
35974,2
35975,1
35976,2
35977,2
35978,1
35979,2
35980,1
35981,2
35982,0
35983,2
35984,2
35985,2
35986,2
35987,2
35988,1
35989,2
35990,1
35991,1
35992,1
35993,2
35994,0
35995,2
35996,2
35997,2
35998,2
35999,2
36000,0
36001,1
36002,1
36003,2
36004,2
36005,2
36006,2
36007,0
36008,2
36009,2
36010,0
36011,2
36012,2
36013,2
36014,1
36015,0
36016,0
36017,1
36018,2
36019,0
36020,2
36021,0
36022,2
36023,2
36024,2
36025,1
36026,2
36027,2
36028,2
36029,2
36030,1
36031,1
36032,2
36033,2
36034,2
36035,2
36036,2
36037,0
36038,0
36039,1
36040,2
36041,2
36042,1
36043,2
36044,2
36045,2
36046,2
36047,1
36048,1
36049,2
36050,1
36051,2
36052,2
36053,1
36054,1
36055,2
36056,2
36057,2
36058,0
36059,2
36060,2
36061,2
36062,2
36063,2
36064,2
36065,1
36066,2
36067,1
36068,0
36069,2
36070,0
36071,2
36072,2
36073,2
36074,2
36075,2
36076,1
36077,2
36078,1
36079,1
36080,2
36081,2
36082,1
36083,1
36084,2
36085,2
36086,1
36087,2
36088,1
36089,1
36090,1
36091,2
36092,0
36093,2
36094,2
36095,0
36096,1
36097,2
36098,2
36099,2
36100,2
36101,2
36102,2
36103,2
36104,2
36105,1
36106,1
36107,2
36108,1
36109,2
36110,2
36111,2
36112,1
36113,2
36114,2
36115,2
36116,0
36117,2
36118,2
36119,2
36120,0
36121,2
36122,2
36123,2
36124,0
36125,1
36126,1
36127,2
36128,0
36129,2
36130,2
36131,2
36132,2
36133,2
36134,1
36135,1
36136,2
36137,1
36138,2
36139,2
36140,2
36141,2
36142,0
36143,1
36144,1
36145,2
36146,2
36147,2
36148,2
36149,1
36150,2
36151,1
36152,2
36153,2
36154,1
36155,0
36156,2
36157,1
36158,1
36159,0
36160,1
36161,2
36162,2
36163,1
36164,1
36165,2
36166,2
36167,2
36168,1
36169,1
36170,2
36171,1
36172,1
36173,2
36174,1
36175,0
36176,1
36177,0
36178,1
36179,2
36180,1
36181,1
36182,2
36183,2
36184,2
36185,1
36186,2
36187,1
36188,2
36189,0
36190,2
36191,1
36192,2
36193,2
36194,2
36195,0
36196,2
36197,1
36198,2
36199,2
36200,2
36201,1
36202,2
36203,2
36204,0
36205,1
36206,2
36207,2
36208,1
36209,1
36210,1
36211,1
36212,2
36213,1
36214,1
36215,2
36216,0
36217,1
36218,2
36219,2
36220,1
36221,2
36222,2
36223,2
36224,2
36225,1
36226,1
36227,2
36228,2
36229,2
36230,1
36231,2
36232,0
36233,2
36234,2
36235,1
36236,2
36237,2
36238,2
36239,2
36240,0
36241,2
36242,0
36243,2
36244,2
36245,0
36246,2
36247,1
36248,2
36249,2
36250,1
36251,2
36252,0
36253,1
36254,2
36255,2
36256,2
36257,1
36258,1
36259,2
36260,1
36261,0
36262,2
36263,2
36264,2
36265,2
36266,1
36267,1
36268,2
36269,1
36270,2
36271,2
36272,2
36273,1
36274,2
36275,1
36276,2
36277,2
36278,2
36279,1
36280,1
36281,2
36282,2
36283,2
36284,2
36285,1
36286,2
36287,2
36288,2
36289,2
36290,2
36291,1
36292,2
36293,0
36294,0
36295,2
36296,2
36297,2
36298,2
36299,1
36300,2
36301,2
36302,2
36303,2
36304,2
36305,2
36306,2
36307,2
36308,2
36309,2
36310,2
36311,2
36312,2
36313,2
36314,1
36315,2
36316,1
36317,2
36318,2
36319,0
36320,2
36321,0
36322,2
36323,1
36324,2
36325,2
36326,2
36327,1
36328,2
36329,2
36330,2
36331,2
36332,2
36333,1
36334,2
36335,1
36336,2
36337,1
36338,1
36339,2
36340,1
36341,1
36342,1
36343,1
36344,1
36345,2
36346,1
36347,1
36348,2
36349,2
36350,2
36351,0
36352,2
36353,1
36354,0
36355,2
36356,2
36357,2
36358,2
36359,1
36360,2
36361,0
36362,2
36363,2
36364,1
36365,2
36366,0
36367,1
36368,0
36369,2
36370,2
36371,1
36372,1
36373,1
36374,1
36375,2
36376,2
36377,1
36378,1
36379,2
36380,1
36381,2
36382,2
36383,2
36384,2
36385,2
36386,1
36387,1
36388,1
36389,1
36390,1
36391,1
36392,2
36393,2
36394,2
36395,2
36396,2
36397,2
36398,2
36399,2
36400,2
36401,2
36402,2
36403,0
36404,1
36405,2
36406,0
36407,2
36408,2
36409,2
36410,1
36411,2
36412,2
36413,0
36414,0
36415,2
36416,2
36417,2
36418,2
36419,2
36420,2
36421,0
36422,1
36423,2
36424,2
36425,2
36426,1
36427,2
36428,2
36429,2
36430,1
36431,1
36432,2
36433,2
36434,1
36435,2
36436,2
36437,1
36438,1
36439,2
36440,2
36441,2
36442,2
36443,2
36444,2
36445,2
36446,0
36447,1
36448,0
36449,2
36450,2
36451,0
36452,1
36453,1
36454,2
36455,1
36456,1
36457,1
36458,1
36459,0
36460,1
36461,2
36462,2
36463,2
36464,2
36465,1
36466,2
36467,2
36468,2
36469,2
36470,2
36471,1
36472,2
36473,1
36474,2
36475,2
36476,2
36477,0
36478,2
36479,2
36480,0
36481,2
36482,2
36483,1
36484,2
36485,2
36486,1
36487,2
36488,1
36489,2
36490,0
36491,0
36492,2
36493,0
36494,1
36495,2
36496,2
36497,2
36498,1
36499,2
36500,2
36501,2
36502,2
36503,2
36504,0
36505,1
36506,2
36507,2
36508,1
36509,2
36510,1
36511,2
36512,2
36513,1
36514,1
36515,1
36516,2
36517,2
36518,2
36519,1
36520,2
36521,1
36522,0
36523,2
36524,2
36525,2
36526,2
36527,0
36528,2
36529,2
36530,2
36531,2
36532,2
36533,2
36534,2
36535,2
36536,1
36537,1
36538,2
36539,2
36540,2
36541,2
36542,2
36543,2
36544,2
36545,1
36546,2
36547,1
36548,0
36549,0
36550,2
36551,2
36552,2
36553,1
36554,1
36555,2
36556,2
36557,1
36558,1
36559,2
36560,2
36561,1
36562,2
36563,0
36564,2
36565,2
36566,2
36567,1
36568,0
36569,2
36570,2
36571,2
36572,1
36573,1
36574,1
36575,2
36576,2
36577,2
36578,2
36579,2
36580,2
36581,1
36582,2
36583,1
36584,1
36585,1
36586,2
36587,2
36588,2
36589,2
36590,0
36591,1
36592,2
36593,1
36594,1
36595,2
36596,0
36597,2
36598,2
36599,2
36600,1
36601,2
36602,2
36603,1
36604,2
36605,1
36606,2
36607,2
36608,1
36609,2
36610,2
36611,2
36612,0
36613,2
36614,2
36615,1
36616,1
36617,1
36618,0
36619,1
36620,2
36621,2
36622,1
36623,2
36624,1
36625,2
36626,2
36627,2
36628,2
36629,2
36630,0
36631,2
36632,2
36633,2
36634,2
36635,1
36636,1
36637,2
36638,1
36639,2
36640,1
36641,2
36642,2
36643,2
36644,2
36645,1
36646,1
36647,2
36648,1
36649,2
36650,1
36651,1
36652,2
36653,2
36654,2
36655,2
36656,2
36657,2
36658,1
36659,0
36660,1
36661,2
36662,2
36663,2
36664,1
36665,2
36666,0
36667,0
36668,2
36669,2
36670,1
36671,2
36672,1
36673,2
36674,2
36675,2
36676,1
36677,1
36678,2
36679,1
36680,0
36681,1
36682,1
36683,2
36684,2
36685,2
36686,1
36687,2
36688,2
36689,1
36690,2
36691,0
36692,1
36693,1
36694,0
36695,1
36696,2
36697,0
36698,0
36699,2
36700,1
36701,2
36702,2
36703,1
36704,2
36705,2
36706,2
36707,2
36708,0
36709,2
36710,2
36711,0
36712,1
36713,2
36714,2
36715,2
36716,0
36717,2
36718,2
36719,2
36720,2
36721,0
36722,2
36723,1
36724,2
36725,1
36726,2
36727,2
36728,1
36729,2
36730,2
36731,1
36732,0
36733,0
36734,2
36735,2
36736,2
36737,1
36738,2
36739,2
36740,2
36741,2
36742,0
36743,1
36744,1
36745,2
36746,2
36747,1
36748,2
36749,1
36750,2
36751,2
36752,0
36753,1
36754,2
36755,0
36756,2
36757,1
36758,2
36759,2
36760,0
36761,2
36762,2
36763,1
36764,0
36765,1
36766,2
36767,2
36768,2
36769,2
36770,2
36771,1
36772,2
36773,1
36774,0
36775,2
36776,2
36777,1
36778,2
36779,0
36780,2
36781,2
36782,2
36783,2
36784,2
36785,0
36786,2
36787,2
36788,1
36789,1
36790,2
36791,2
36792,0
36793,1
36794,1
36795,2
36796,1
36797,2
36798,2
36799,1
36800,1
36801,2
36802,1
36803,1
36804,2
36805,2
36806,2
36807,2
36808,2
36809,1
36810,1
36811,1
36812,1
36813,1
36814,2
36815,2
36816,1
36817,2
36818,1
36819,1
36820,1
36821,0
36822,1
36823,2
36824,1
36825,1
36826,2
36827,2
36828,2
36829,2
36830,2
36831,2
36832,2
36833,1
36834,1
36835,2
36836,2
36837,1
36838,0
36839,1
36840,1
36841,2
36842,1
36843,2
36844,1
36845,2
36846,2
36847,2
36848,2
36849,1
36850,2
36851,2
36852,1
36853,0
36854,1
36855,2
36856,2
36857,1
36858,2
36859,1
36860,2
36861,1
36862,1
36863,2
36864,0
36865,1
36866,1
36867,2
36868,0
36869,0
36870,2
36871,1
36872,1
36873,1
36874,2
36875,2
36876,2
36877,2
36878,1
36879,2
36880,2
36881,1
36882,2
36883,1
36884,1
36885,1
36886,2
36887,2
36888,2
36889,1
36890,2
36891,2
36892,2
36893,2
36894,0
36895,0
36896,1
36897,1
36898,2
36899,2
36900,1
36901,2
36902,0
36903,2
36904,2
36905,1
36906,2
36907,1
36908,1
36909,2
36910,2
36911,2
36912,2
36913,2
36914,2
36915,0
36916,2
36917,2
36918,1
36919,1
36920,2
36921,1
36922,2
36923,0
36924,1
36925,2
36926,1
36927,2
36928,2
36929,1
36930,2
36931,2
36932,2
36933,2
36934,2
36935,1
36936,2
36937,2
36938,2
36939,2
36940,0
36941,0
36942,1
36943,2
36944,1
36945,2
36946,0
36947,1
36948,1
36949,2
36950,2
36951,2
36952,1
36953,0
36954,2
36955,1
36956,2
36957,2
36958,2
36959,1
36960,1
36961,1
36962,2
36963,2
36964,2
36965,1
36966,2
36967,2
36968,2
36969,2
36970,2
36971,2
36972,0
36973,2
36974,0
36975,2
36976,0
36977,2
36978,2
36979,1
36980,1
36981,1
36982,2
36983,1
36984,2
36985,0
36986,0
36987,0
36988,1
36989,2
36990,1
36991,2
36992,2
36993,2
36994,0
36995,2
36996,1
36997,1
36998,0
36999,2
37000,2
37001,0
37002,0
37003,2
37004,2
37005,2
37006,2
37007,2
37008,2
37009,1
37010,1
37011,2
37012,1
37013,1
37014,2
37015,0
37016,2
37017,2
37018,2
37019,2
37020,2
37021,0
37022,2
37023,2
37024,2
37025,1
37026,0
37027,1
37028,2
37029,0
37030,1
37031,2
37032,2
37033,1
37034,1
37035,2
37036,2
37037,2
37038,0
37039,2
37040,1
37041,2
37042,0
37043,2
37044,2
37045,2
37046,2
37047,1
37048,2
37049,1
37050,2
37051,1
37052,1
37053,1
37054,1
37055,2
37056,2
37057,0
37058,2
37059,2
37060,0
37061,2
37062,2
37063,2
37064,0
37065,2
37066,2
37067,2
37068,1
37069,2
37070,0
37071,1
37072,0
37073,2
37074,0
37075,2
37076,0
37077,2
37078,2
37079,2
37080,1
37081,1
37082,2
37083,1
37084,0
37085,1
37086,2
37087,2
37088,2
37089,2
37090,2
37091,2
37092,2
37093,2
37094,0
37095,2
37096,2
37097,0
37098,2
37099,2
37100,2
37101,2
37102,0
37103,0
37104,1
37105,2
37106,0
37107,2
37108,2
37109,1
37110,0
37111,1
37112,1
37113,2
37114,0
37115,1
37116,0
37117,2
37118,2
37119,2
37120,2
37121,0
37122,0
37123,2
37124,0
37125,1
37126,1
37127,2
37128,1
37129,2
37130,2
37131,2
37132,0
37133,2
37134,2
37135,2
37136,0
37137,2
37138,1
37139,2
37140,2
37141,2
37142,2
37143,2
37144,2
37145,2
37146,2
37147,1
37148,2
37149,2
37150,2
37151,0
37152,2
37153,1
37154,2
37155,1
37156,1
37157,2
37158,0
37159,0
37160,2
37161,2
37162,2
37163,1
37164,0
37165,2
37166,1
37167,1
37168,2
37169,0
37170,1
37171,2
37172,1
37173,2
37174,2
37175,2
37176,0
37177,2
37178,2
37179,2
37180,2
37181,1
37182,2
37183,1
37184,0
37185,0
37186,1
37187,0
37188,2
37189,2
37190,0
37191,1
37192,1
37193,2
37194,2
37195,2
37196,1
37197,2
37198,2
37199,2
37200,2
37201,2
37202,2
37203,2
37204,0
37205,1
37206,2
37207,0
37208,2
37209,1
37210,1
37211,2
37212,2
37213,1
37214,2
37215,2
37216,2
37217,2
37218,1
37219,2
37220,1
37221,2
37222,2
37223,1
37224,2
37225,2
37226,0
37227,0
37228,1
37229,0
37230,2
37231,1
37232,2
37233,1
37234,2
37235,2
37236,2
37237,1
37238,2
37239,0
37240,2
37241,1
37242,2
37243,1
37244,1
37245,2
37246,2
37247,2
37248,2
37249,0
37250,2
37251,1
37252,1
37253,2
37254,2
37255,2
37256,2
37257,1
37258,1
37259,2
37260,0
37261,2
37262,0
37263,2
37264,2
37265,1
37266,2
37267,2
37268,1
37269,2
37270,2
37271,2
37272,2
37273,2
37274,2
37275,2
37276,2
37277,2
37278,0
37279,0
37280,2
37281,1
37282,1
37283,2
37284,1
37285,1
37286,2
37287,0
37288,2
37289,2
37290,2
37291,2
37292,2
37293,0
37294,2
37295,2
37296,2
37297,1
37298,1
37299,2
37300,1
37301,1
37302,2
37303,2
37304,2
37305,1
37306,2
37307,2
37308,2
37309,2
37310,1
37311,0
37312,0
37313,0
37314,1
37315,2
37316,2
37317,2
37318,2
37319,2
37320,1
37321,2
37322,2
37323,2
37324,2
37325,2
37326,2
37327,2
37328,2
37329,2
37330,2
37331,0
37332,2
37333,1
37334,0
37335,1
37336,1
37337,2
37338,2
37339,2
37340,1
37341,2
37342,2
37343,2
37344,2
37345,2
37346,2
37347,2
37348,2
37349,2
37350,0
37351,2
37352,2
37353,2
37354,1
37355,0
37356,2
37357,2
37358,0
37359,2
37360,2
37361,2
37362,1
37363,0
37364,2
37365,0
37366,2
37367,2
37368,1
37369,2
37370,2
37371,0
37372,2
37373,1
37374,1
37375,1
37376,2
37377,2
37378,2
37379,2
37380,1
37381,2
37382,1
37383,2
37384,2
37385,1
37386,1
37387,0
37388,1
37389,1
37390,1
37391,2
37392,2
37393,2
37394,2
37395,0
37396,2
37397,2
37398,1
37399,2
37400,0
37401,2
37402,1
37403,2
37404,0
37405,2
37406,1
37407,2
37408,0
37409,1
37410,2
37411,1
37412,1
37413,0
37414,1
37415,1
37416,2
37417,2
37418,2
37419,1
37420,2
37421,2
37422,2
37423,1
37424,1
37425,2
37426,1
37427,2
37428,2
37429,0
37430,2
37431,2
37432,2
37433,0
37434,1
37435,2
37436,0
37437,2
37438,1
37439,2
37440,2
37441,0
37442,2
37443,1
37444,0
37445,2
37446,1
37447,1
37448,2
37449,0
37450,0
37451,2
37452,1
37453,2
37454,1
37455,2
37456,2
37457,1
37458,2
37459,0
37460,2
37461,2
37462,1
37463,0
37464,2
37465,2
37466,1
37467,2
37468,1
37469,2
37470,2
37471,2
37472,0
37473,2
37474,2
37475,1
37476,2
37477,2
37478,2
37479,1
37480,1
37481,2
37482,2
37483,2
37484,2
37485,1
37486,2
37487,2
37488,2
37489,1
37490,0
37491,2
37492,1
37493,2
37494,2
37495,2
37496,2
37497,0
37498,2
37499,2
37500,2
37501,2
37502,2
37503,2
37504,0
37505,0
37506,0
37507,1
37508,2
37509,1
37510,2
37511,1
37512,1
37513,2
37514,2
37515,2
37516,1
37517,2
37518,1
37519,1
37520,2
37521,1
37522,1
37523,1
37524,2
37525,1
37526,0
37527,1
37528,0
37529,0
37530,1
37531,2
37532,2
37533,1
37534,2
37535,2
37536,2
37537,1
37538,2
37539,2
37540,1
37541,2
37542,1
37543,2
37544,2
37545,2
37546,1
37547,2
37548,2
37549,2
37550,1
37551,2
37552,0
37553,2
37554,2
37555,1
37556,1
37557,2
37558,1
37559,2
37560,2
37561,2
37562,2
37563,1
37564,1
37565,2
37566,0
37567,2
37568,2
37569,0
37570,1
37571,1
37572,1
37573,2
37574,2
37575,2
37576,2
37577,1
37578,2
37579,2
37580,2
37581,1
37582,2
37583,2
37584,1
37585,2
37586,2
37587,2
37588,2
37589,1
37590,2
37591,0
37592,2
37593,2
37594,2
37595,1
37596,1
37597,0
37598,1
37599,2
37600,1
37601,2
37602,2
37603,2
37604,0
37605,2
37606,2
37607,0
37608,0
37609,2
37610,1
37611,2
37612,2
37613,1
37614,1
37615,2
37616,2
37617,2
37618,2
37619,1
37620,2
37621,0
37622,1
37623,2
37624,0
37625,2
37626,1
37627,1
37628,2
37629,2
37630,1
37631,2
37632,0
37633,2
37634,2
37635,1
37636,2
37637,0
37638,1
37639,2
37640,2
37641,1
37642,1
37643,2
37644,0
37645,2
37646,2
37647,2
37648,1
37649,2
37650,2
37651,1
37652,1
37653,2
37654,1
37655,0
37656,2
37657,0
37658,1
37659,2
37660,2
37661,0
37662,1
37663,2
37664,2
37665,2
37666,2
37667,0
37668,0
37669,0
37670,1
37671,1
37672,1
37673,2
37674,1
37675,0
37676,0
37677,2
37678,2
37679,0
37680,1
37681,2
37682,2
37683,1
37684,2
37685,1
37686,2
37687,2
37688,2
37689,2
37690,2
37691,1
37692,0
37693,2
37694,2
37695,1
37696,0
37697,2
37698,2
37699,2
37700,1
37701,2
37702,1
37703,2
37704,0
37705,1
37706,2
37707,0
37708,2
37709,1
37710,2
37711,2
37712,2
37713,1
37714,2
37715,1
37716,2
37717,2
37718,2
37719,2
37720,2
37721,2
37722,2
37723,2
37724,2
37725,1
37726,0
37727,2
37728,2
37729,0
37730,2
37731,2
37732,2
37733,0
37734,1
37735,2
37736,2
37737,1
37738,2
37739,1
37740,1
37741,2
37742,2
37743,2
37744,2
37745,2
37746,2
37747,2
37748,1
37749,2
37750,0
37751,2
37752,2
37753,1
37754,0
37755,2
37756,0
37757,1
37758,0
37759,2
37760,1
37761,2
37762,0
37763,2
37764,2
37765,2
37766,1
37767,0
37768,1
37769,0
37770,1
37771,1
37772,1
37773,1
37774,1
37775,2
37776,2
37777,1
37778,2
37779,2
37780,1
37781,1
37782,2
37783,2
37784,0
37785,1
37786,1
37787,1
37788,2
37789,0
37790,2
37791,2
37792,2
37793,2
37794,1
37795,2
37796,1
37797,2
37798,1
37799,2
37800,2
37801,2
37802,1
37803,2
37804,2
37805,0
37806,2
37807,2
37808,2
37809,2
37810,2
37811,2
37812,2
37813,2
37814,2
37815,0
37816,1
37817,0
37818,1
37819,2
37820,2
37821,1
37822,2
37823,2
37824,1
37825,2
37826,1
37827,2
37828,2
37829,2
37830,1
37831,2
37832,2
37833,1
37834,1
37835,2
37836,1
37837,1
37838,1
37839,2
37840,2
37841,0
37842,1
37843,0
37844,2
37845,1
37846,0
37847,2
37848,2
37849,1
37850,2
37851,2
37852,1
37853,2
37854,2
37855,0
37856,1
37857,2
37858,2
37859,2
37860,0
37861,2
37862,1
37863,2
37864,2
37865,0
37866,2
37867,2
37868,1
37869,2
37870,2
37871,0
37872,2
37873,1
37874,1
37875,1
37876,0
37877,2
37878,2
37879,1
37880,1
37881,0
37882,0
37883,2
37884,0
37885,2
37886,0
37887,2
37888,2
37889,1
37890,1
37891,1
37892,1
37893,0
37894,2
37895,1
37896,0
37897,2
37898,1
37899,1
37900,1
37901,0
37902,2
37903,0
37904,1
37905,2
37906,0
37907,2
37908,1
37909,2
37910,2
37911,2
37912,1
37913,0
37914,0
37915,1
37916,1
37917,1
37918,2
37919,2
37920,1
37921,2
37922,2
37923,0
37924,2
37925,0
37926,2
37927,1
37928,2
37929,1
37930,1
37931,2
37932,2
37933,2
37934,0
37935,2
37936,2
37937,0
37938,1
37939,1
37940,2
37941,2
37942,2
37943,0
37944,2
37945,1
37946,0
37947,1
37948,2
37949,1
37950,2
37951,1
37952,1
37953,0
37954,1
37955,1
37956,0
37957,1
37958,2
37959,2
37960,1
37961,1
37962,1
37963,0
37964,1
37965,0
37966,2
37967,2
37968,2
37969,0
37970,2
37971,2
37972,1
37973,2
37974,2
37975,1
37976,2
37977,1
37978,2
37979,2
37980,1
37981,2
37982,2
37983,0
37984,1
37985,2
37986,2
37987,2
37988,1
37989,2
37990,1
37991,2
37992,1
37993,1
37994,2
37995,1
37996,2
37997,2
37998,1
37999,2
38000,2
38001,2
38002,2
38003,2
38004,2
38005,2
38006,2
38007,1
38008,2
38009,1
38010,2
38011,2
38012,2
38013,2
38014,0
38015,2
38016,2
38017,2
38018,2
38019,1
38020,1
38021,2
38022,0
38023,0
38024,1
38025,2
38026,2
38027,1
38028,0
38029,0
38030,2
38031,2
38032,2
38033,1
38034,2
38035,2
38036,2
38037,1
38038,1
38039,2
38040,2
38041,1
38042,0
38043,0
38044,1
38045,1
38046,0
38047,2
38048,2
38049,0
38050,2
38051,2
38052,2
38053,2
38054,1
38055,2
38056,0
38057,2
38058,2
38059,0
38060,1
38061,2
38062,2
38063,0
38064,1
38065,2
38066,2
38067,2
38068,2
38069,1
38070,2
38071,2
38072,1
38073,2
38074,1
38075,2
38076,2
38077,0
38078,2
38079,1
38080,1
38081,2
38082,2
38083,2
38084,2
38085,2
38086,2
38087,0
38088,0
38089,2
38090,1
38091,0
38092,2
38093,2
38094,2
38095,1
38096,0
38097,0
38098,2
38099,2
38100,1
38101,1
38102,2
38103,0
38104,0
38105,2
38106,1
38107,1
38108,2
38109,0
38110,0
38111,2
38112,2
38113,1
38114,2
38115,1
38116,2
38117,1
38118,2
38119,1
38120,2
38121,2
38122,1
38123,0
38124,2
38125,1
38126,2
38127,1
38128,2
38129,2
38130,2
38131,1
38132,2
38133,1
38134,2
38135,2
38136,2
38137,2
38138,0
38139,1
38140,1
38141,2
38142,2
38143,0
38144,2
38145,0
38146,1
38147,1
38148,1
38149,2
38150,1
38151,0
38152,2
38153,2
38154,1
38155,0
38156,1
38157,2
38158,2
38159,1
38160,1
38161,2
38162,1
38163,1
38164,2
38165,2
38166,1
38167,1
38168,2
38169,1
38170,0
38171,0
38172,2
38173,2
38174,2
38175,2
38176,2
38177,2
38178,2
38179,1
38180,2
38181,1
38182,2
38183,1
38184,2
38185,2
38186,1
38187,1
38188,0
38189,2
38190,2
38191,2
38192,0
38193,2
38194,0
38195,2
38196,2
38197,2
38198,2
38199,1
38200,2
38201,2
38202,2
38203,2
38204,2
38205,2
38206,2
38207,2
38208,1
38209,1
38210,2
38211,2
38212,2
38213,1
38214,1
38215,1
38216,1
38217,2
38218,2
38219,2
38220,1
38221,2
38222,2
38223,2
38224,2
38225,1
38226,2
38227,2
38228,0
38229,2
38230,1
38231,1
38232,2
38233,2
38234,1
38235,1
38236,2
38237,2
38238,2
38239,2
38240,2
38241,2
38242,2
38243,2
38244,2
38245,2
38246,2
38247,2
38248,1
38249,0
38250,1
38251,2
38252,2
38253,2
38254,1
38255,2
38256,1
38257,2
38258,2
38259,1
38260,2
38261,2
38262,1
38263,1
38264,1
38265,1
38266,1
38267,0
38268,2
38269,2
38270,2
38271,1
38272,1
38273,2
38274,2
38275,2
38276,2
38277,1
38278,1
38279,2
38280,2
38281,1
38282,0
38283,2
38284,1
38285,2
38286,0
38287,2
38288,0
38289,0
38290,2
38291,2
38292,2
38293,2
38294,2
38295,1
38296,2
38297,2
38298,2
38299,2
38300,0
38301,2
38302,1
38303,1
38304,2
38305,1
38306,2
38307,1
38308,2
38309,2
38310,2
38311,2
38312,1
38313,2
38314,2
38315,2
38316,1
38317,1
38318,2
38319,2
38320,2
38321,2
38322,1
38323,0
38324,2
38325,0
38326,1
38327,1
38328,2
38329,1
38330,2
38331,1
38332,2
38333,1
38334,1
38335,2
38336,1
38337,2
38338,2
38339,2
38340,2
38341,2
38342,0
38343,0
38344,2
38345,0
38346,2
38347,0
38348,1
38349,2
38350,2
38351,0
38352,2
38353,2
38354,2
38355,2
38356,1
38357,2
38358,1
38359,2
38360,2
38361,0
38362,1
38363,2
38364,1
38365,2
38366,2
38367,0
38368,2
38369,2
38370,2
38371,0
38372,1
38373,2
38374,1
38375,1
38376,1
38377,0
38378,2
38379,2
38380,2
38381,1
38382,0
38383,1
38384,1
38385,2
38386,2
38387,2
38388,2
38389,0
38390,1
38391,2
38392,2
38393,2
38394,2
38395,2
38396,2
38397,2
38398,1
38399,1
38400,1
38401,1
38402,2
38403,1
38404,1
38405,2
38406,0
38407,2
38408,2
38409,2
38410,2
38411,1
38412,1
38413,1
38414,0
38415,2
38416,2
38417,2
38418,2
38419,2
38420,0
38421,0
38422,2
38423,0
38424,0
38425,2
38426,1
38427,2
38428,2
38429,2
38430,2
38431,0
38432,2
38433,2
38434,1
38435,1
38436,1
38437,0
38438,2
38439,1
38440,2
38441,2
38442,2
38443,1
38444,2
38445,0
38446,2
38447,1
38448,2
38449,2
38450,1
38451,2
38452,0
38453,2
38454,2
38455,2
38456,2
38457,2
38458,2
38459,1
38460,2
38461,2
38462,2
38463,1
38464,1
38465,2
38466,2
38467,2
38468,2
38469,2
38470,1
38471,1
38472,2
38473,2
38474,2
38475,2
38476,2
38477,2
38478,2
38479,1
38480,2
38481,2
38482,2
38483,1
38484,2
38485,2
38486,1
38487,1
38488,0
38489,0
38490,2
38491,2
38492,2
38493,0
38494,0
38495,2
38496,0
38497,1
38498,2
38499,1
38500,2
38501,2
38502,2
38503,2
38504,1
38505,1
38506,0
38507,1
38508,2
38509,2
38510,1
38511,2
38512,2
38513,1
38514,2
38515,1
38516,2
38517,2
38518,1
38519,1
38520,1
38521,2
38522,0
38523,1
38524,2
38525,2
38526,1
38527,2
38528,2
38529,1
38530,1
38531,2
38532,2
38533,2
38534,2
38535,2
38536,2
38537,2
38538,2
38539,1
38540,2
38541,2
38542,1
38543,2
38544,2
38545,2
38546,2
38547,2
38548,1
38549,1
38550,0
38551,2
38552,0
38553,1
38554,2
38555,2
38556,0
38557,1
38558,2
38559,2
38560,1
38561,1
38562,1
38563,2
38564,2
38565,2
38566,1
38567,2
38568,2
38569,0
38570,2
38571,1
38572,2
38573,2
38574,1
38575,2
38576,2
38577,2
38578,2
38579,0
38580,0
38581,2
38582,0
38583,2
38584,2
38585,2
38586,1
38587,1
38588,1
38589,2
38590,2
38591,2
38592,2
38593,2
38594,1
38595,2
38596,2
38597,2
38598,2
38599,2
38600,0
38601,1
38602,1
38603,2
38604,0
38605,1
38606,2
38607,2
38608,0
38609,2
38610,2
38611,0
38612,2
38613,2
38614,2
38615,0
38616,2
38617,0
38618,0
38619,2
38620,2
38621,1
38622,1
38623,0
38624,1
38625,2
38626,1
38627,2
38628,2
38629,1
38630,2
38631,1
38632,1
38633,2
38634,2
38635,2
38636,2
38637,2
38638,2
38639,2
38640,1
38641,1
38642,2
38643,1
38644,2
38645,2
38646,2
38647,2
38648,1
38649,1
38650,0
38651,2
38652,2
38653,2
38654,2
38655,1
38656,1
38657,2
38658,1
38659,2
38660,2
38661,0
38662,2
38663,0
38664,2
38665,1
38666,0
38667,2
38668,1
38669,2
38670,2
38671,2
38672,2
38673,1
38674,0
38675,2
38676,2
38677,0
38678,0
38679,2
38680,1
38681,1
38682,2
38683,0
38684,2
38685,1
38686,2
38687,2
38688,2
38689,2
38690,2
38691,1
38692,2
38693,2
38694,1
38695,2
38696,2
38697,0
38698,0
38699,2
38700,1
38701,0
38702,2
38703,0
38704,1
38705,1
38706,2
38707,2
38708,1
38709,2
38710,2
38711,2
38712,2
38713,1
38714,1
38715,1
38716,2
38717,2
38718,2
38719,1
38720,2
38721,2
38722,2
38723,1
38724,1
38725,2
38726,1
38727,1
38728,0
38729,2
38730,2
38731,2
38732,2
38733,2
38734,0
38735,1
38736,2
38737,2
38738,2
38739,2
38740,2
38741,0
38742,2
38743,2
38744,2
38745,2
38746,1
38747,2
38748,2
38749,2
38750,2
38751,1
38752,0
38753,0
38754,1
38755,0
38756,2
38757,2
38758,0
38759,2
38760,1
38761,2
38762,2
38763,2
38764,2
38765,2
38766,2
38767,1
38768,2
38769,0
38770,1
38771,1
38772,0
38773,1
38774,0
38775,2
38776,2
38777,2
38778,1
38779,2
38780,2
38781,2
38782,0
38783,2
38784,2
38785,2
38786,2
38787,2
38788,1
38789,2
38790,2
38791,2
38792,1
38793,2
38794,0
38795,2
38796,2
38797,1
38798,0
38799,2
38800,2
38801,1
38802,1
38803,2
38804,1
38805,0
38806,2
38807,2
38808,0
38809,1
38810,2
38811,1
38812,2
38813,2
38814,1
38815,2
38816,2
38817,0
38818,2
38819,2
38820,2
38821,2
38822,2
38823,2
38824,0
38825,1
38826,2
38827,2
38828,0
38829,2
38830,2
38831,1
38832,2
38833,1
38834,1
38835,2
38836,2
38837,1
38838,0
38839,2
38840,1
38841,2
38842,1
38843,2
38844,0
38845,2
38846,2
38847,2
38848,2
38849,2
38850,0
38851,2
38852,0
38853,2
38854,2
38855,0
38856,2
38857,0
38858,2
38859,2
38860,2
38861,2
38862,2
38863,1
38864,2
38865,2
38866,2
38867,2
38868,2
38869,0
38870,0
38871,1
38872,2
38873,2
38874,2
38875,2
38876,0
38877,1
38878,1
38879,2
38880,0
38881,2
38882,2
38883,2
38884,2
38885,1
38886,2
38887,0
38888,1
38889,1
38890,2
38891,2
38892,1
38893,2
38894,2
38895,1
38896,2
38897,1
38898,2
38899,2
38900,2
38901,2
38902,1
38903,2
38904,2
38905,2
38906,2
38907,1
38908,2
38909,1
38910,2
38911,2
38912,2
38913,1
38914,2
38915,2
38916,0
38917,2
38918,2
38919,2
38920,1
38921,0
38922,2
38923,0
38924,1
38925,2
38926,0
38927,2
38928,1
38929,2
38930,1
38931,0
38932,1
38933,1
38934,2
38935,1
38936,2
38937,2
38938,2
38939,2
38940,2
38941,0
38942,2
38943,1
38944,1
38945,2
38946,1
38947,2
38948,1
38949,2
38950,2
38951,0
38952,2
38953,2
38954,1
38955,1
38956,0
38957,2
38958,1
38959,2
38960,2
38961,1
38962,0
38963,1
38964,0
38965,1
38966,2
38967,2
38968,2
38969,0
38970,1
38971,2
38972,1
38973,2
38974,2
38975,2
38976,2
38977,1
38978,1
38979,0
38980,2
38981,1
38982,1
38983,2
38984,0
38985,0
38986,1
38987,2
38988,2
38989,1
38990,2
38991,2
38992,0
38993,1
38994,2
38995,2
38996,0
38997,1
38998,2
38999,2
39000,2
39001,1
39002,2
39003,2
39004,2
39005,2
39006,1
39007,2
39008,2
39009,1
39010,2
39011,2
39012,2
39013,2
39014,1
39015,2
39016,2
39017,1
39018,2
39019,2
39020,1
39021,2
39022,2
39023,2
39024,2
39025,1
39026,2
39027,1
39028,2
39029,2
39030,1
39031,0
39032,2
39033,2
39034,2
39035,2
39036,2
39037,2
39038,2
39039,0
39040,2
39041,2
39042,2
39043,2
39044,2
39045,2
39046,2
39047,2
39048,1
39049,2
39050,0
39051,2
39052,2
39053,1
39054,1
39055,2
39056,2
39057,2
39058,2
39059,2
39060,2
39061,2
39062,2
39063,2
39064,2
39065,2
39066,2
39067,2
39068,1
39069,2
39070,2
39071,2
39072,2
39073,0
39074,1
39075,2
39076,1
39077,2
39078,2
39079,2
39080,2
39081,2
39082,2
39083,1
39084,2
39085,2
39086,2
39087,1
39088,1
39089,1
39090,1
39091,2
39092,1
39093,2
39094,2
39095,2
39096,1
39097,2
39098,2
39099,1
39100,1
39101,2
39102,2
39103,2
39104,2
39105,1
39106,1
39107,2
39108,1
39109,2
39110,0
39111,1
39112,1
39113,2
39114,1
39115,2
39116,2
39117,2
39118,2
39119,1
39120,2
39121,1
39122,2
39123,1
39124,2
39125,1
39126,2
39127,1
39128,1
39129,2
39130,2
39131,2
39132,2
39133,2
39134,1
39135,1
39136,2
39137,2
39138,2
39139,0
39140,2
39141,1
39142,2
39143,2
39144,1
39145,2
39146,1
39147,2
39148,1
39149,2
39150,1
39151,0
39152,0
39153,1
39154,2
39155,2
39156,2
39157,1
39158,2
39159,1
39160,2
39161,1
39162,1
39163,1
39164,1
39165,1
39166,2
39167,2
39168,1
39169,2
39170,2
39171,1
39172,2
39173,1
39174,1
39175,2
39176,2
39177,2
39178,0
39179,1
39180,1
39181,2
39182,0
39183,1
39184,2
39185,2
39186,0
39187,1
39188,2
39189,0
39190,2
39191,2
39192,2
39193,1
39194,2
39195,2
39196,1
39197,2
39198,2
39199,1
39200,2
39201,2
39202,2
39203,1
39204,1
39205,2
39206,0
39207,2
39208,2
39209,2
39210,2
39211,0
39212,1
39213,2
39214,1
39215,2
39216,1
39217,2
39218,0
39219,2
39220,1
39221,2
39222,2
39223,2
39224,2
39225,2
39226,2
39227,1
39228,2
39229,2
39230,1
39231,2
39232,1
39233,2
39234,2
39235,1
39236,1
39237,1
39238,1
39239,2
39240,0
39241,2
39242,1
39243,0
39244,1
39245,2
39246,2
39247,1
39248,0
39249,2
39250,2
39251,2
39252,2
39253,2
39254,2
39255,2
39256,2
39257,1
39258,2
39259,2
39260,2
39261,2
39262,1
39263,1
39264,2
39265,1
39266,1
39267,2
39268,1
39269,2
39270,1
39271,0
39272,2
39273,0
39274,0
39275,2
39276,1
39277,2
39278,1
39279,2
39280,1
39281,2
39282,2
39283,2
39284,2
39285,0
39286,2
39287,1
39288,1
39289,2
39290,0
39291,0
39292,2
39293,2
39294,2
39295,1
39296,2
39297,0
39298,1
39299,1
39300,2
39301,0
39302,1
39303,1
39304,0
39305,0
39306,1
39307,2
39308,2
39309,2
39310,1
39311,2
39312,2
39313,2
39314,1
39315,2
39316,0
39317,1
39318,1
39319,1
39320,1
39321,2
39322,2
39323,1
39324,1
39325,0
39326,1
39327,0
39328,0
39329,1
39330,1
39331,2
39332,1
39333,2
39334,2
39335,2
39336,0
39337,0
39338,1
39339,2
39340,2
39341,2
39342,2
39343,1
39344,1
39345,2
39346,0
39347,2
39348,1
39349,0
39350,1
39351,2
39352,0
39353,1
39354,2
39355,2
39356,2
39357,1
39358,1
39359,2
39360,1
39361,2
39362,2
39363,1
39364,2
39365,2
39366,2
39367,2
39368,0
39369,2
39370,0
39371,2
39372,2
39373,2
39374,2
39375,1
39376,2
39377,2
39378,2
39379,0
39380,0
39381,1
39382,2
39383,2
39384,2
39385,1
39386,2
39387,2
39388,2
39389,2
39390,2
39391,2
39392,2
39393,0
39394,2
39395,1
39396,1
39397,2
39398,2
39399,2
39400,2
39401,2
39402,2
39403,2
39404,2
39405,1
39406,2
39407,2
39408,2
39409,0
39410,2
39411,1
39412,1
39413,2
39414,0
39415,2
39416,0
39417,2
39418,2
39419,2
39420,2
39421,1
39422,2
39423,2
39424,1
39425,1
39426,1
39427,2
39428,1
39429,1
39430,2
39431,2
39432,2
39433,0
39434,2
39435,2
39436,1
39437,2
39438,2
39439,2
39440,2
39441,2
39442,1
39443,1
39444,1
39445,1
39446,2
39447,2
39448,2
39449,1
39450,2
39451,1
39452,2
39453,2
39454,2
39455,2
39456,2
39457,0
39458,2
39459,1
39460,2
39461,2
39462,2
39463,2
39464,2
39465,1
39466,0
39467,2
39468,0
39469,2
39470,2
39471,2
39472,2
39473,2
39474,2
39475,2
39476,2
39477,2
39478,2
39479,2
39480,1
39481,2
39482,1
39483,1
39484,2
39485,1
39486,1
39487,1
39488,2
39489,0
39490,1
39491,1
39492,2
39493,2
39494,2
39495,2
39496,1
39497,2
39498,0
39499,2
39500,0
39501,0
39502,1
39503,0
39504,2
39505,2
39506,0
39507,2
39508,0
39509,2
39510,2
39511,1
39512,2
39513,2
39514,2
39515,2
39516,2
39517,2
39518,2
39519,2
39520,2
39521,2
39522,1
39523,0
39524,1
39525,2
39526,0
39527,2
39528,2
39529,1
39530,2
39531,2
39532,0
39533,1
39534,2
39535,2
39536,1
39537,0
39538,2
39539,1
39540,1
39541,2
39542,2
39543,2
39544,2
39545,1
39546,2
39547,2
39548,2
39549,2
39550,2
39551,2
39552,1
39553,2
39554,0
39555,2
39556,1
39557,2
39558,2
39559,2
39560,1
39561,0
39562,2
39563,2
39564,2
39565,2
39566,1
39567,2
39568,2
39569,0
39570,2
39571,1
39572,2
39573,2
39574,0
39575,2
39576,0
39577,0
39578,1
39579,2
39580,1
39581,0
39582,1
39583,2
39584,1
39585,1
39586,2
39587,2
39588,2
39589,2
39590,1
39591,2
39592,2
39593,1
39594,2
39595,0
39596,1
39597,2
39598,2
39599,1
39600,2
39601,2
39602,2
39603,0
39604,0
39605,2
39606,0
39607,0
39608,2
39609,2
39610,1
39611,2
39612,0
39613,2
39614,2
39615,2
39616,2
39617,2
39618,2
39619,1
39620,2
39621,2
39622,2
39623,2
39624,1
39625,2
39626,2
39627,2
39628,1
39629,1
39630,1
39631,1
39632,0
39633,2
39634,2
39635,2
39636,1
39637,1
39638,2
39639,1
39640,2
39641,1
39642,2
39643,0
39644,2
39645,1
39646,0
39647,2
39648,1
39649,2
39650,2
39651,2
39652,2
39653,2
39654,1
39655,1
39656,2
39657,1
39658,2
39659,2
39660,2
39661,2
39662,1
39663,2
39664,2
39665,2
39666,1
39667,0
39668,1
39669,1
39670,0
39671,2
39672,2
39673,2
39674,2
39675,0
39676,1
39677,0
39678,2
39679,2
39680,0
39681,2
39682,1
39683,2
39684,2
39685,0
39686,2
39687,2
39688,1
39689,2
39690,2
39691,2
39692,2
39693,0
39694,2
39695,1
39696,2
39697,2
39698,0
39699,2
39700,0
39701,1
39702,2
39703,2
39704,2
39705,0
39706,2
39707,1
39708,2
39709,2
39710,0
39711,2
39712,2
39713,2
39714,2
39715,2
39716,2
39717,2
39718,1
39719,2
39720,1
39721,0
39722,2
39723,1
39724,0
39725,0
39726,2
39727,2
39728,2
39729,2
39730,2
39731,0
39732,0
39733,2
39734,2
39735,1
39736,2
39737,2
39738,1
39739,2
39740,1
39741,1
39742,1
39743,2
39744,1
39745,1
39746,0
39747,0
39748,1
39749,2
39750,2
39751,2
39752,2
39753,1
39754,1
39755,2
39756,1
39757,2
39758,2
39759,0
39760,2
39761,1
39762,2
39763,2
39764,2
39765,0
39766,2
39767,2
39768,2
39769,1
39770,2
39771,2
39772,2
39773,2
39774,1
39775,0
39776,1
39777,0
39778,1
39779,1
39780,2
39781,1
39782,1
39783,1
39784,2
39785,1
39786,1
39787,1
39788,2
39789,2
39790,2
39791,2
39792,2
39793,1
39794,2
39795,0
39796,2
39797,2
39798,1
39799,2
39800,1
39801,2
39802,2
39803,0
39804,2
39805,1
39806,1
39807,2
39808,1
39809,0
39810,2
39811,2
39812,1
39813,2
39814,2
39815,2
39816,1
39817,2
39818,2
39819,2
39820,1
39821,2
39822,1
39823,2
39824,2
39825,0
39826,1
39827,1
39828,2
39829,2
39830,0
39831,0
39832,1
39833,1
39834,1
39835,2
39836,2
39837,0
39838,2
39839,1
39840,2
39841,1
39842,2
39843,2
39844,1
39845,2
39846,2
39847,1
39848,2
39849,2
39850,2
39851,2
39852,2
39853,2
39854,2
39855,0
39856,2
39857,1
39858,2
39859,2
39860,2
39861,2
39862,1
39863,2
39864,0
39865,0
39866,2
39867,1
39868,0
39869,2
39870,2
39871,1
39872,0
39873,2
39874,2
39875,2
39876,2
39877,2
39878,1
39879,2
39880,2
39881,2
39882,1
39883,2
39884,2
39885,2
39886,2
39887,1
39888,2
39889,2
39890,1
39891,2
39892,2
39893,2
39894,0
39895,2
39896,1
39897,1
39898,1
39899,2
39900,2
39901,1
39902,0
39903,2
39904,2
39905,1
39906,1
39907,1
39908,1
39909,0
39910,0
39911,2
39912,2
39913,2
39914,2
39915,2
39916,2
39917,2
39918,1
39919,2
39920,2
39921,2
39922,0
39923,0
39924,2
39925,2
39926,2
39927,2
39928,2
39929,2
39930,0
39931,2
39932,2
39933,1
39934,2
39935,2
39936,1
39937,0
39938,2
39939,2
39940,1
39941,2
39942,2
39943,2
39944,2
39945,1
39946,2
39947,2
39948,1
39949,2
39950,0
39951,2
39952,2
39953,0
39954,2
39955,0
39956,2
39957,1
39958,1
39959,1
39960,2
39961,2
39962,1
39963,0
39964,0
39965,1
39966,2
39967,1
39968,2
39969,0
39970,0
39971,1
39972,2
39973,2
39974,1
39975,1
39976,2
39977,1
39978,2
39979,1
39980,2
39981,1
39982,0
39983,2
39984,1
39985,0
39986,2
39987,2
39988,1
39989,1
39990,2
39991,1
39992,2
39993,1
39994,1
39995,1
39996,2
39997,2
39998,1
39999,2
