id,target
0,-34.58396293500751
1,-54.59094865789008
2,63.89851500588812
3,39.22093194245288
4,42.51054006146646
5,-8.787956542361616
6,-70.96787670828726
7,59.525149697758096
8,-31.472462832960343
9,65.54049233345638
10,62.30459052984036
11,33.12050470608676
12,39.25062978190868
13,-8.424560267544424
14,-1.3070216439840516
15,-88.5691191187239
16,-66.38792705238393
17,-84.23537897521877
18,-3.0033697798793773
19,-76.84922899999378
20,5.879534075887852
21,-37.85544291870213
22,-15.547421532276449
23,-57.50469799739816
24,-3.628687667242748
25,-8.424560267544424
26,-34.33196032143465
27,-24.66577359930716
28,-6.328157142325615
29,-8.51272146935187
30,-78.8389208355468
31,-5.563745750645914
32,-22.19314294539455
33,-71.92965085589303
34,-23.028632915731823
35,-28.925889627630927
36,-75.19801564706847
37,-9.446174898909064
38,-73.08466505366341
39,-63.99723589234853
40,-30.97025118284248
41,40.8481426338346
42,-5.868831402732894
43,-80.2126142210683
44,-10.588015954807782
45,61.061828303928046
46,-28.226807465447383
47,65.65970566067348
48,30.85933703344787
49,-62.32510092236162
50,-21.9571533439528
51,-61.81837342190624
52,-31.183620968182336
53,1.082984981896328
54,-31.472462832960343
55,66.43208169818294
56,-19.43588197525392
57,-26.04857155489372
58,-0.4230897892163296
59,67.85214568344942
60,-3.0033697798793773
61,41.06545518547802
62,-9.57289802311239
63,-13.894193510582223
64,-65.68017637811974
65,-76.84922899999378
66,-23.028632915731823
67,-31.33654909056657
68,5.065037596092462
69,-6.821463327669981
70,-60.1031075716845
71,63.23255610100371
72,-68.84168988081615
73,-64.86337690366175
74,-6.353956432353192
75,36.75210593709812
76,-2.1946749970923136
77,-62.33179035725338
78,-65.97984398439321
79,40.03629083202108
80,-2.146249689657215
81,6.065814059700186
82,-74.28943964292692
83,-78.6157324780218
84,57.26150258404469
85,-6.78414212441287
86,-78.98575604357401
87,3.136566811900524
88,-32.79777907001002
89,-6.777220657480628
90,0.2238792762666479
91,-25.449197575701422
92,60.05110052995556
93,67.64030279016055
94,-55.68534999442442
95,62.30459052984036
96,38.107593376052655
97,-70.96787670828726
98,-13.056238596290395
99,-2.448129110200437
100,-60.53871328668964
101,-4.259171410858638
102,-36.38304154256344
103,-74.75224676588087
104,-6.037033809543896
105,-66.57432770495718
106,66.92219354939101
107,35.22374170710126
108,43.06654859124858
109,59.20552230121472
110,-21.39685471389346
111,-60.53871328668964
112,62.97522566422392
113,-9.82436403169296
114,-82.43642538164848
115,64.10994477877871
116,57.26150258404469
117,-73.18525673546834
118,43.80164279778504
119,-13.894193510582223
120,65.91841151345858
121,-6.78414212441287
122,-58.26887200442103
123,-27.225111541873467
124,-22.389558093779147
125,-7.996258307128056
126,-63.33589820678649
127,-37.85544291870213
128,-77.39283426726608
129,35.29693467309988
130,-79.8073484002096
131,-55.08451897930328
132,57.26150258404469
133,-4.660067900200327
134,-8.448755824119962
135,43.80164279778504
136,70.05534506553053
137,42.26277804033706
138,64.18968631597974
139,-30.97025118284248
140,-61.8458577010737
141,38.67855091926577
142,64.73288294800517
143,-28.70845434404363
144,-31.688872198677416
145,-2.947687254311335
146,-54.70714142570569
147,-69.48347599868644
148,-26.81378552491058
149,-11.816954810087983
150,47.07845978986606
151,-9.57289802311239
152,57.26150258404469
153,-9.43542073616478
154,65.89194501494299
155,-21.9571533439528
156,-32.02492112963675
157,-78.3461419123384
158,64.68997142786714
159,-37.85544291870213
160,-85.6018236543355
161,-82.68331954488134
162,-28.089333603131767
163,-70.57816114797077
164,-57.10702565186054
165,-79.17023763372164
166,64.68997142786714
167,-84.90592684643217
168,1.5642595374193062
169,36.91836030066629
170,-57.06288838805077
171,64.73288294800517
172,-31.472462832960343
173,9.477321963870075
174,-19.00041932970741
175,-67.63790655522911
176,-63.19884521063648
177,32.61974401704017
178,-61.83856263482711
179,-23.33663587056637
180,62.97522566422392
181,-59.3053218963768
182,-79.30363986004505
183,41.48283560636301
184,-74.66694705656376
185,-78.6157324780218
186,-79.17023763372164
187,41.81798929308266
188,-55.73547722108883
189,-82.68331954488134
190,-7.168891974643271
191,-78.6157324780218
192,37.5065593407634
193,64.439777701098
194,62.97522566422392
195,69.4233562610367
196,-56.04176712201355
197,-79.60484308703697
198,-10.559615015951504
199,32.61974401704017
200,-62.33179035725338
201,-11.68284339301753
202,-57.06288838805077
203,-72.76342664217916
204,3.610257596124151
205,37.38401299128496
206,62.53328812567257
207,-3.839076780149872
208,-12.512095488158478
209,40.09901036056832
210,-9.43542073616478
211,-4.551503651255351
212,-53.4115676668898
213,-12.422596433139669
214,64.10994477877871
215,-1.4984009208113802
216,66.92219354939101
217,-88.1022281856721
218,40.166835134040255
219,-2.4349332050472
220,-57.39282913921173
221,-70.96787670828726
222,-9.259706184807062
223,67.45329210531557
224,-79.17023763372164
225,-34.4295039950007
226,-5.345047098080061
227,64.68997142786714
228,61.781404780106215
229,-4.419305147595956
230,74.66876357081429
231,-57.10702565186054
232,41.12801500582252
233,27.725256243402114
234,-54.45268689880685
235,-6.353956432353192
236,-4.871198064506958
237,-79.20429282536632
238,-88.1022281856721
239,-58.816816538467165
240,-71.92965085589303
241,-6.822553857135519
242,-59.3053218963768
243,-8.787956542361616
244,39.22093194245288
245,-0.8386436479519626
246,-74.28943964292692
247,-80.2126142210683
248,-7.260684666370214
249,-78.66781837903679
250,-30.47403280143051
251,-2.159166400379233
252,-6.328157142325615
253,-73.71979113496567
254,-6.821463327669981
255,-79.20429282536632
256,-63.49270063460676
257,-6.821463327669981
258,41.50718932693827
259,38.98735864662904
260,36.881501191130106
261,-76.00021043143352
262,41.25964595370272
263,57.4753440452898
264,62.97522566422392
265,-62.07603827302937
266,71.74892712405793
267,-10.588015954807782
268,44.53287667127539
269,-57.05870368749488
270,-76.30743818751914
271,-78.98575604357401
272,74.10695757557372
273,62.97522566422392
274,-5.2477542751281305
275,66.43344449965483
276,-74.50207999451789
277,60.96989539342488
278,-4.412112625520043
279,42.59347159310224
280,-2.55416898282734
281,62.97522566422392
282,-78.04557760160948
283,-27.225111541873467
284,36.91836030066629
285,-61.313162125114175
286,-59.82818987870094
287,0.373924718744351
288,-0.9916315201707722
289,-8.787956542361616
290,2.921980747910558
291,41.48283560636301
292,65.95661642029974
293,-80.02788978616687
294,-21.39685471389346
295,-31.882949862773152
296,60.6328614963152
297,-29.38713242544553
298,60.6328614963152
299,-9.446174898909064
300,-6.78414212441287
301,-31.472462832960343
302,-1.141485864966418
303,66.64470082664012
304,47.07845978986606
305,62.30459052984036
306,-70.96787670828726
307,-76.46161381010397
308,-72.83938895800644
309,0.0692199385330244
310,63.27572157003044
311,42.33406190227743
312,-5.868831402732894
313,64.18968631597974
314,30.31442950745196
315,-2.942078686775321
316,64.68997142786714
317,-0.7670862772961593
318,56.106477665219856
319,57.26150258404469
320,65.95661642029974
321,-25.34656378943053
322,-21.99398064007658
323,-0.0882583073832083
324,-77.39283426726608
325,-13.834196198123893
326,-5.777187165564016
327,-53.179813660014176
328,40.542406463951934
329,68.80260623657502
330,-54.61839661424602
331,-34.4295039950007
332,62.30459052984036
333,30.85933703344787
334,-77.118960436647
335,-81.65777834554609
336,-24.78050155655053
337,2.1631794702494065
338,-1.5834830144792296
339,61.61735902722421
340,-69.08501118684919
341,65.54049233345638
342,-9.259706184807062
343,-82.68331954488134
344,-3.769976393487095
345,-78.6157324780218
346,42.98840285041332
347,35.29693467309988
348,-21.9571533439528
349,-72.83938895800644
350,33.90501683967074
351,-67.68371234172199
352,4.508258906157554
353,-73.59244703606882
354,-70.57816114797077
355,-4.9750717139014
356,-28.174015556333384
357,-54.45268689880685
358,41.88389254132147
359,-60.9233777409744
360,43.06654859124858
361,45.116251630880285
362,66.79968262527662
363,-7.260684666370214
364,46.76718555419177
365,37.78778246731491
366,45.50055370429463
367,43.68823622463907
368,66.48202807248211
369,-4.670118792573335
370,41.32341772043688
371,-60.06535495832642
372,-34.58396293500751
373,62.97522566422392
374,-1.3070216439840516
375,-6.869090248455635
376,-2.2989243306840925
377,-6.288204378668363
378,45.16297911518646
379,60.47093568394402
380,56.106477665219856
381,-54.61839661424602
382,30.31442950745196
383,-4.061455276993922
384,-62.07603827302937
385,-0.7670862772961593
386,-25.33392347157393
387,-24.78050155655053
388,63.23255610100371
389,-68.84168988081615
390,-62.33179035725338
391,-1.1735652596469208
392,-2.8805326585650137
393,-19.47026350746414
394,63.69265454686629
395,-25.449197575701422
396,-59.084422804464246
397,-23.45050271211271
398,-77.81386397950632
399,-23.45050271211271
400,-20.822917765684863
401,-6.821463327669981
402,-82.88395924043748
403,-23.888233178041915
404,-67.63790655522911
405,72.12427473981545
406,-4.192033244516162
407,-78.08293091391822
408,-29.38713242544553
409,41.12801500582252
410,-21.54158050372361
411,-31.882949862773152
412,-62.33179035725338
413,40.25832454514112
414,-36.38304154256344
415,-3.348832856595584
416,-60.75471023313522
417,-50.630719902478965
418,-27.66699330852325
419,42.877370505007725
420,-11.91872630817857
421,-8.787956542361616
422,56.106477665219856
423,-67.81051157433465
424,-10.12552220878307
425,63.88328743709068
426,-13.834196198123893
427,-8.51272146935187
428,-56.56933883352589
429,-10.12552220878307
430,-26.50628021180288
431,-80.02788978616687
432,0.7043630902711171
433,0.9717521588597968
434,44.76357089419436
435,-5.868831402732894
436,-75.62001759239072
437,66.43344449965483
438,-6.328157142325615
439,-6.986331617323308
440,60.05110052995556
441,60.81302970279192
442,-12.010106974994269
443,-66.49700989189834
444,-21.9571533439528
445,32.61974401704017
446,57.35748174480763
447,-18.20337340943144
448,-9.43542073616478
449,-35.3915364288759
450,-33.77605309708774
451,30.85933703344787
452,-80.02788978616687
453,-0.4230897892163296
454,2.300023551625306
455,-84.13658631587471
456,-3.391695461454736
457,63.53359554422046
458,-71.77009039641689
459,-37.85544291870213
460,-3.5963256599614404
461,-5.820661749760947
462,-12.422596433139669
463,-79.76854138956564
464,-8.32155011666214
465,-78.31417920033427
466,-67.67702942178616
467,-57.18841087044866
468,41.23339824352468
469,-22.37565387131361
470,-26.53432119026748
471,-18.927439238420032
472,47.59030889286382
473,39.09348595495943
474,-78.31417920033427
475,38.67855091926577
476,-70.96787670828726
477,-67.63790655522911
478,-8.32155011666214
479,-3.9836392722672382
480,-30.915303637408982
481,68.57740125790409
482,-0.2126632325767605
483,-9.259706184807062
484,-78.93981506555349
485,-62.32510092236162
486,36.13389835442607
487,-77.39283426726608
488,-84.90592684643217
489,41.223108068448205
490,64.73288294800517
491,-0.1146557501894413
492,-74.53311059118988
493,1.5934464618874484
494,-1.731844537208474
495,44.17749709600315
496,-26.722579737347694
497,-3.348832856595584
498,38.70506492945971
499,-8.787956542361616
500,-26.73129198906339
501,62.04621581307392
502,-6.459413368433253
503,-31.882949862773152
504,67.21315069483828
505,-67.88175260757514
506,-66.05922371351937
507,-5.2477542751281305
508,35.28500021402476
509,32.61974401704017
510,39.25062978190868
511,-80.02788978616687
512,-84.90592684643217
513,-5.868831402732894
514,-79.8073484002096
515,-3.1232989348113325
516,-70.96787670828726
517,-6.822553857135519
518,-25.34656378943053
519,-60.9233777409744
520,-27.225111541873467
521,62.97522566422392
522,39.9188039693313
523,-75.94496946888744
524,-25.226407152778947
525,41.48283560636301
526,-78.93981506555349
527,-57.184470830514535
528,-7.818316751662349
529,-61.59369334586161
530,-66.38792705238393
531,63.074781309403015
532,-36.77094419826237
533,-36.38304154256344
534,39.43595469653114
535,-20.91616034164525
536,-9.57289802311239
537,41.12801500582252
538,-63.826838117696845
539,-3.06160281629005
540,60.05110052995556
541,66.92219354939101
542,-25.84178531745209
543,-81.18422941695063
544,65.65970566067348
545,36.91836030066629
546,-4.53185988259218
547,-76.0663259304538
548,-31.183620968182336
549,65.91841151345858
550,36.91836030066629
551,36.41066165533408
552,-0.936935883761385
553,-0.2126632325767605
554,-71.21340088802326
555,-3.086589593779931
556,-23.84654096943808
557,-63.367917345578775
558,72.48167156386464
559,31.562017839111224
560,-81.07954002737208
561,-63.34845381101839
562,-5.401193421068658
563,-8.271999836624452
564,36.41066165533408
565,-5.563745750645914
566,-88.1022281856721
567,-2.246567775139958
568,-0.1239027090924178
569,-10.36880766316073
570,-3.391695461454736
571,-5.2477542751281305
572,0.9717521588597968
573,38.21517011164383
574,-4.670118792573335
575,-66.62397507730702
576,60.32968007724618
577,3.0559151043019144
578,-81.65777834554609
579,-5.212913876887518
580,-4.53185988259218
581,38.35443109498298
582,-74.28943964292692
583,64.18968631597974
584,63.46891874157453
585,-31.882949862773152
586,4.592836951942725
587,-12.010106974994269
588,-58.816816538467165
589,68.30744432107244
590,-27.225111541873467
591,-55.52933824704472
592,60.6328614963152
593,-56.79968967647044
594,-24.6360454508956
595,-0.6766390162227154
596,-6.821463327669981
597,-74.94461263636867
598,-7.268052413316177
599,-27.154784695468784
600,40.44734458566725
601,-26.722579737347694
602,33.793565657984765
603,64.68997142786714
604,39.9188039693313
605,63.23255610100371
606,-11.91872630817857
607,-28.226807465447383
608,74.40618508159918
609,42.59347159310224
610,-76.0663259304538
611,-6.78414212441287
612,-23.147645725953808
613,34.341017178286464
614,-26.40728811860575
615,-51.61294748633382
616,-21.9571533439528
617,-70.13009175090528
618,1.1165612596640098
619,-25.34656378943053
620,-56.04176712201355
621,-88.5691191187239
622,-5.777187165564016
623,-78.08293091391822
624,-60.53871328668964
625,3.5191989479746484
626,-24.97671885090065
627,-10.588015954807782
628,-75.94496946888744
629,-81.55238405969808
630,-15.547421532276449
631,-56.50117344703818
632,-31.507734143873662
633,-77.99838204767251
634,-26.06732097815251
635,-26.73129198906339
636,-27.66699330852325
637,-13.894193510582223
638,-7.268052413316177
639,-21.465385193655663
640,-74.71032690419659
641,-63.98609670806521
642,-2.246567775139958
643,-73.71979113496567
644,40.09901036056832
645,-30.915303637408982
646,41.48283560636301
647,-0.0882583073832083
648,-79.17023763372164
649,-28.925889627630927
650,-65.68017637811974
651,-11.68284339301753
652,-53.86869197495451
653,-70.57816114797077
654,63.27572157003044
655,-14.70868284198718
656,-65.68017637811974
657,5.856093501125532
658,-7.996258307128056
659,64.07900560290598
660,68.30744432107244
661,4.457637709280291
662,45.16297911518646
663,-60.77516901935874
664,-72.83938895800644
665,-28.188051534528
666,-8.299508900518227
667,-5.454731829090844
668,37.38401299128496
669,-80.2126142210683
670,-70.96787670828726
671,-30.915303637408982
672,71.30008424638825
673,60.32968007724618
674,-66.49700989189834
675,0.6170909498858137
676,37.4537442316968
677,52.51251387273398
678,-62.33179035725338
679,-32.79777907001002
680,-7.260684666370214
681,40.166835134040255
682,-20.664444484669417
683,63.27572157003044
684,68.91997645813278
685,-20.19972073817241
686,38.98735864662904
687,-73.45360899471848
688,-0.6197388578535445
689,-8.448755824119962
690,3.159646437536727
691,-7.818316751662349
692,-32.02492112963675
693,34.5999536502147
694,-63.826838117696845
695,-79.60484308703697
696,38.107593376052655
697,64.10994477877871
698,-2.8805326585650137
699,-2.883917373508371
700,-1.4123971741367924
701,-6.488422485697051
702,-8.51272146935187
703,-16.143844542329315
704,-4.192033244516162
705,-76.81521167052547
706,-4.259171410858638
707,-80.8333408785335
708,-37.85544291870213
709,-55.17967966974144
710,-79.8073484002096
711,0.940924636989364
712,-84.90592684643217
713,-5.984616906482943
714,-0.6740576088180186
715,-2.9639974418321646
716,36.75210593709812
717,-29.69405006331531
718,-68.84168988081615
719,-31.472462832960343
720,65.30814690728515
721,0.0692199385330244
722,-72.83938895800644
723,-29.359252697562752
724,-16.143844542329315
725,-30.97025118284248
726,-85.6018236543355
727,-85.57682747282634
728,-73.71979113496567
729,-9.446174898909064
730,-55.08451897930328
731,-76.47542527067
732,-53.30827342651533
733,37.38401299128496
734,70.05534506553053
735,45.56474112324543
736,-57.78950082569512
737,-25.266361280783723
738,-14.041731178072707
739,-6.869090248455635
740,37.38401299128496
741,-79.20429282536632
742,-84.90592684643217
743,-9.148923764200411
744,-80.02788978616687
745,-3.86258073276289
746,-74.28943964292692
747,-28.089333603131767
748,-4.670118792573335
749,-2.304630649549902
750,65.65970566067348
751,-73.70950130527764
752,0.1171343221551688
753,-5.345047098080061
754,64.10994477877871
755,-84.90592684643217
756,42.51054006146646
757,41.32341772043688
758,-29.92074432326928
759,-2.932147029244573
760,-65.97984398439321
761,68.4843750166397
762,0.1162804350867521
763,38.35443109498298
764,-67.68371234172199
765,-77.57254296504871
766,57.4753440452898
767,-26.73129198906339
768,-82.68331954488134
769,-27.66699330852325
770,40.54477271519914
771,-6.593441682185418
772,-56.33662089126587
773,47.93068379075707
774,4.776833307544666
775,-82.68331954488134
776,63.46891874157453
777,-61.17007583324516
778,-33.77605309708774
779,41.60280952682589
780,-14.041731178072707
781,-60.9233777409744
782,64.439777701098
783,66.28155753554445
784,-31.507734143873662
785,30.947646371548284
786,67.64030279016055
787,-34.33196032143465
788,-5.454731829090844
789,57.4753440452898
790,-24.97671885090065
791,-5.563745750645914
792,-75.77040214199556
793,-24.080234557845014
794,-32.74311938560391
795,-74.75224676588087
796,-3.4382709390440054
797,69.37098853557848
798,-62.07603827302937
799,-9.82436403169296
800,-30.915303637408982
801,60.05110052995556
802,-84.90592684643217
803,-32.02492112963675
804,-25.45393892464552
805,-74.87069845699608
806,-13.056238596290395
807,63.074781309403015
808,55.18918980072944
809,-3.839076780149872
810,-25.654280298011475
811,61.781404780106215
812,-71.92965085589303
813,-31.07715116029695
814,67.45329210531557
815,60.05110052995556
816,-6.78414212441287
817,46.21723269803118
818,-78.6157324780218
819,-16.143844542329315
820,-73.41043938811237
821,39.56059847460401
822,33.12050470608676
823,-5.2477542751281305
824,-34.58396293500751
825,33.12050470608676
826,41.25964595370272
827,-7.244321727935268
828,-5.563745750645914
829,-76.28376659027452
830,35.64298691535552
831,-10.12552220878307
832,-78.86271758038261
833,70.93527633580659
834,-34.4295039950007
835,-4.218640061252684
836,-63.979907186302064
837,-9.259706184807062
838,-13.056238596290395
839,-6.354391626806095
840,-24.8652917611737
841,-88.1022281856721
842,-5.345047098080061
843,-76.82510676792876
844,-79.20429282536632
845,-66.57432770495718
846,-13.056238596290395
847,-63.0889577474963
848,-7.536557838665409
849,45.96149656889764
850,-2.8049724768715008
851,-6.917289883782703
852,-63.34845381101839
853,-59.084422804464246
854,-1.3070216439840516
855,-13.894193510582223
856,52.51251387273398
857,37.45845159174267
858,1.5642595374193062
859,40.166835134040255
860,32.61974401704017
861,-76.81521167052547
862,-32.74311938560391
863,-3.1869590150184104
864,-30.277831336535307
865,37.5065593407634
866,-6.822553857135519
867,1.436277462779664
868,61.781404780106215
869,-0.6740576088180186
870,-76.47542527067
871,34.5999536502147
872,-77.57254296504871
873,-6.78414212441287
874,-3.839076780149872
875,-27.677348735839413
876,-77.57254296504871
877,-21.920420923233674
878,-71.29630917470628
879,34.871628058930554
880,-84.13658631587471
881,-12.010106974994269
882,-61.83856263482711
883,-11.816954810087983
884,-77.69482747920948
885,5.856093501125532
886,-76.16629117967157
887,32.61974401704017
888,39.9188039693313
889,35.92851043543686
890,-31.00314142170044
891,-14.70868284198718
892,40.166835134040255
893,-75.77040214199556
894,57.4753440452898
895,-3.5963256599614404
896,-1.3070216439840516
897,45.116251630880285
898,-27.677348735839413
899,-71.06095337844889
900,64.10994477877871
901,35.29693467309988
902,-77.81386397950632
903,62.30459052984036
904,-27.154784695468784
905,-63.076820146696136
906,-10.559615015951504
907,-4.161905800768961
908,-37.85544291870213
909,-82.23283449294266
910,2.447502559025402
911,-75.13723350607022
912,-8.98733145838391
913,47.402433397285584
914,-4.192033244516162
915,-9.446174898909064
916,-70.96787670828726
917,-55.17967966974144
918,-88.5691191187239
919,57.26150258404469
920,-11.816954810087983
921,-79.60484308703697
922,69.75448120607184
923,46.32560705832992
924,2.617575022900017
925,-22.00841268196495
926,65.65970566067348
927,-54.61839661424602
928,-79.20429282536632
929,3.757560565318513
930,-59.71002463586251
931,42.59347159310224
932,-27.89780553292478
933,-67.63790655522911
934,-3.393843412038658
935,-63.98609670806521
936,-31.774401849774108
937,-66.38792705238393
938,-58.26887200442103
939,64.35405500002345
940,60.47093568394402
941,3.42233947002915
942,-2.55416898282734
943,1.9786582310811407
944,44.31234954142831
945,-79.20429282536632
946,41.06545518547802
947,-68.8841119839878
948,-23.45050271211271
949,73.74817236500759
950,70.1090724805045
951,-3.165240738115356
952,-10.559615015951504
953,-67.63790655522911
954,61.061828303928046
955,-56.13970096564943
956,-28.52513852082928
957,-1.4123971741367924
958,-63.34845381101839
959,-66.49700989189834
960,-63.49270063460676
961,-24.470214094744
962,-72.60623765568114
963,-24.832278694444536
964,68.0207481875316
965,0.2730550968528984
966,-5.256535488589082
967,66.76309510862198
968,62.30459052984036
969,42.33406190227743
970,67.45329210531557
971,-4.419305147595956
972,-79.09650072477135
973,-1.2620994593951034
974,69.29938454701004
975,-10.12552220878307
976,37.38401299128496
977,69.85230806116653
978,-1.1735652596469208
979,-31.882949862773152
980,-7.268052413316177
981,-14.459970573273733
982,-3.839076780149872
983,64.16298208948538
984,44.97206645124159
985,63.42353854109431
986,-9.259706184807062
987,-12.512095488158478
988,-6.78414212441287
989,-22.19314294539455
990,42.26277804033706
991,27.725256243402114
992,67.41813650453967
993,-12.82709411251528
994,-55.5203225339805
995,-15.547421532276449
996,-12.010106974994269
997,41.91468082170093
998,-25.57183419116652
999,-3.418489926521194
1000,-60.9233777409744
1001,-10.559615015951504
1002,41.13859849905609
1003,-82.88395924043748
1004,-80.25701390875444
1005,-64.50053331196855
1006,64.46406618790724
1007,-76.68059486909566
1008,-58.34220227858478
1009,-36.38304154256344
1010,-62.33179035725338
1011,-58.66366031078673
1012,41.767351661408526
1013,-3.0033697798793773
1014,63.23255610100371
1015,63.88328743709068
1016,-71.31511025526798
1017,-15.248961517063425
1018,-65.68017637811974
1019,-80.60580174310503
1020,42.877370505007725
1021,-6.328157142325615
1022,-3.442556830092503
1023,69.91607501871803
1024,0.9014384882562004
1025,-84.13658631587471
1026,-20.4453988028262
1027,-13.777752319123746
1028,-81.07954002737208
1029,-72.83938895800644
1030,-53.179813660014176
1031,-73.22012058609086
1032,44.97206645124159
1033,-5.484931645499574
1034,-10.23549965086282
1035,43.06654859124858
1036,-30.915303637408982
1037,-6.78414212441287
1038,-75.19801564706847
1039,-8.927578267452656
1040,-13.894193510582223
1041,-76.68059486909566
1042,-77.118960436647
1043,67.83182957055455
1044,-7.244321727935268
1045,-73.71979113496567
1046,-29.597065211376467
1047,-71.8267811967131
1048,0.2686159669095387
1049,-81.18422941695063
1050,-2.008188488406315
1051,-5.401193421068658
1052,-10.861430501387934
1053,68.8409691027766
1054,66.48202807248211
1055,65.59985280722182
1056,38.107593376052655
1057,-8.833264061944954
1058,-61.17007583324516
1059,-26.81378552491058
1060,-81.02432752157675
1061,-0.6197388578535445
1062,41.12801500582252
1063,-30.97025118284248
1064,-58.758370350363705
1065,0.1162804350867521
1066,-73.45360899471848
1067,-61.59369334586161
1068,-29.9955507449626
1069,-80.02788978616687
1070,-78.04557760160948
1071,-75.19801564706847
1072,-8.299508900518227
1073,65.95661642029974
1074,53.14059726411401
1075,44.31234954142831
1076,-70.57816114797077
1077,65.54049233345638
1078,-63.36907741166236
1079,-33.77605309708774
1080,-74.09666476501336
1081,-74.95351475886338
1082,-14.318356517153711
1083,40.03629083202108
1084,64.10994477877871
1085,-12.49034441616193
1086,-76.83213206640501
1087,-14.70868284198718
1088,-18.399933096322595
1089,-30.97025118284248
1090,-63.98609670806521
1091,30.85933703344787
1092,-7.067988992254481
1093,-8.271999836624452
1094,-27.677348735839413
1095,-63.81145476238801
1096,-2.947687254311335
1097,-66.57432770495718
1098,41.60280952682589
1099,-75.77040214199556
1100,-64.05208121164767
1101,-70.13009175090528
1102,-67.89089097949571
1103,-59.73216293225805
1104,-25.485487041028577
1105,-62.51856543229594
1106,-66.05922371351937
1107,-27.225111541873467
1108,-3.086589593779931
1109,36.75210593709812
1110,-5.322296438639597
1111,-81.81036360955962
1112,-1.4123971741367924
1113,66.48202807248211
1114,-3.9836392722672382
1115,-0.2126632325767605
1116,45.56474112324543
1117,-1.615294803249555
1118,-24.66577359930716
1119,-76.46161381010397
1120,59.53849412644497
1121,-0.2126632325767605
1122,-76.66731827824373
1123,-4.192033244516162
1124,-7.260684666370214
1125,41.23339824352468
1126,68.4843750166397
1127,-3.839076780149872
1128,68.80260623657502
1129,-12.49034441616193
1130,-15.547421532276449
1131,-76.30743818751914
1132,-5.345047098080061
1133,-57.80693206692689
1134,-22.534710557284733
1135,-9.71526324402157
1136,-63.924348722529366
1137,-9.66178438828472
1138,31.24694305581717
1139,4.814671850484748
1140,-79.17023763372164
1141,-64.86337690366175
1142,-31.507734143873662
1143,40.25832454514112
1144,-5.50756128406173
1145,-78.6157324780218
1146,-21.39685471389346
1147,-10.588015954807782
1148,-10.29854181420667
1149,41.06545518547802
1150,64.07925582853697
1151,-82.43642538164848
1152,-10.36880766316073
1153,-36.38304154256344
1154,-76.47784383554189
1155,37.5065593407634
1156,45.56474112324543
1157,-3.1232989348113325
1158,-13.55351981787582
1159,-26.05314141560008
1160,0.2686159669095387
1161,-26.73129198906339
1162,-8.109437864422226
1163,-60.06535495832642
1164,41.60280952682589
1165,-7.260684666370214
1166,60.54658589827826
1167,-15.547421532276449
1168,-70.62634527701063
1169,65.12698452853829
1170,-31.688872198677416
1171,42.33406190227743
1172,34.08160446291013
1173,-72.83938895800644
1174,-9.43542073616478
1175,-80.8333408785335
1176,31.90976978126791
1177,-7.268052413316177
1178,-14.041731178072707
1179,47.0260372673699
1180,44.988069329463045
1181,66.65074808419885
1182,49.887143046103056
1183,-75.94496946888744
1184,-88.5691191187239
1185,-63.979907186302064
1186,64.32859372024646
1187,31.562017839111224
1188,-16.143844542329315
1189,63.41485509881007
1190,59.20552230121472
1191,-64.05208121164767
1192,-16.112306100037046
1193,-1.5534901320887813
1194,-37.85544291870213
1195,-24.400632983626814
1196,55.18918980072944
1197,6.66766382453681
1198,-2.947687254311335
1199,-66.57432770495718
1200,61.061828303928046
1201,57.4753440452898
1202,39.35533050755589
1203,36.75210593709812
1204,0.3227246710437199
1205,-27.73395991356284
1206,-10.861430501387934
1207,39.09348595495943
1208,35.29693467309988
1209,-74.50207999451789
1210,-8.787956542361616
1211,-12.512095488158478
1212,-25.260411278094388
1213,-7.818316751662349
1214,-63.98609670806521
1215,42.94689029424753
1216,-17.091432801473488
1217,-63.076820146696136
1218,37.5065593407634
1219,-76.17774868823257
1220,-26.40728811860575
1221,-76.82510676792876
1222,-13.056238596290395
1223,-62.32510092236162
1224,-79.76854138956564
1225,60.4505607672692
1226,-24.48362928791431
1227,-81.55238405969808
1228,-12.512095488158478
1229,-37.85544291870213
1230,-24.6360454508956
1231,-64.50053331196855
1232,-4.475627160678073
1233,64.98486346592979
1234,-15.547421532276449
1235,-3.086589593779931
1236,61.61735902722421
1237,31.941275262589546
1238,-76.66731827824373
1239,-57.10702565186054
1240,1.2771718199269282
1241,-16.143844542329315
1242,-31.183620968182336
1243,63.41485509881007
1244,-23.957782736924194
1245,35.16759357247908
1246,64.99096962990444
1247,-61.8458577010737
1248,-30.277831336535307
1249,30.947646371548284
1250,-18.399933096322595
1251,-2.883917373508371
1252,-4.533511602036841
1253,43.318154798047615
1254,-3.5963256599614404
1255,57.4753440452898
1256,-61.64048082451588
1257,2.210134035709084
1258,-4.475627160678073
1259,-31.882949862773152
1260,-32.79777907001002
1261,-12.422596433139669
1262,-25.449197575701422
1263,65.59985280722182
1264,42.36304526204042
1265,31.90976978126791
1266,-75.94496946888744
1267,69.40440232668391
1268,-25.34656378943053
1269,65.65970566067348
1270,64.32859372024646
1271,30.85933703344787
1272,-14.318356517153711
1273,46.41334907911919
1274,-26.73129198906339
1275,-24.470214094744
1276,-25.34656378943053
1277,-56.653677164587485
1278,-25.485487041028577
1279,-8.424560267544424
1280,-0.0882583073832083
1281,-79.30363986004505
1282,-73.59244703606882
1283,-24.080234557845014
1284,62.50980673155304
1285,38.67855091926577
1286,-5.563745750645914
1287,-26.05314141560008
1288,-7.168891974643271
1289,-35.3915364288759
1290,60.32968007724618
1291,-88.1022281856721
1292,-6.822553857135519
1293,40.20926821920844
1294,38.86326095523426
1295,-4.259642491043687
1296,41.48283560636301
1297,-11.91872630817857
1298,-82.12985254397174
1299,-78.90297636251181
1300,-59.76504990566751
1301,-0.8012397838138261
1302,-6.065278732351369
1303,-30.640628307174488
1304,-16.143844542329315
1305,-27.677348735839413
1306,-70.62634527701063
1307,-54.53588877366104
1308,77.04698724900626
1309,-67.63790655522911
1310,-69.36479063072214
1311,66.64042993877726
1312,-5.2477542751281305
1313,-2.8805326585650137
1314,-26.06732097815251
1315,-81.23335872237146
1316,64.99096962990444
1317,-77.39283426726608
1318,1.3765049056320322
1319,35.29693467309988
1320,-25.84178531745209
1321,-27.46001009660322
1322,63.30436557061089
1323,35.64298691535552
1324,-2.2160246180585186
1325,55.18918980072944
1326,-28.351639464167544
1327,-5.843038492491642
1328,36.3611728433874
1329,63.27572157003044
1330,-26.06732097815251
1331,-77.68258318604742
1332,-63.81145476238801
1333,69.29938454701004
1334,-73.4363084189003
1335,62.56418952481128
1336,-58.99057172955695
1337,-78.31417920033427
1338,-6.864981378239261
1339,-3.288168891962613
1340,64.16298208948538
1341,65.37597637789924
1342,-58.816816538467165
1343,-6.86657131348526
1344,-84.13658631587471
1345,-3.393843412038658
1346,-79.17023763372164
1347,47.49760690628969
1348,-81.18422941695063
1349,-57.78950082569512
1350,-39.21725375173433
1351,62.30459052984036
1352,-36.38304154256344
1353,-6.78414212441287
1354,77.11238040664333
1355,-78.8389208355468
1356,42.33406190227743
1357,-74.28943964292692
1358,71.43339578402009
1359,-78.67017913413399
1360,-27.011581811952663
1361,39.56059847460401
1362,-27.46001009660322
1363,60.81302970279192
1364,45.16297911518646
1365,-63.49270063460676
1366,-78.93981506555349
1367,-8.51272146935187
1368,-6.86657131348526
1369,-24.6360454508956
1370,-7.244321727935268
1371,69.32351588921496
1372,-74.28943964292692
1373,-16.143844542329315
1374,-28.291299695850952
1375,-11.816954810087983
1376,57.35748174480763
1377,67.18850938356789
1378,-6.986331617323308
1379,-70.96787670828726
1380,-64.86337690366175
1381,-57.12316930220299
1382,34.89430566711079
1383,39.9188039693313
1384,-6.999735162244972
1385,-4.26743908082846
1386,-73.32984331197936
1387,-63.81145476238801
1388,-63.98609670806521
1389,-29.636917415706453
1390,39.09314589862705
1391,69.40440232668391
1392,-5.868831402732894
1393,53.14059726411401
1394,-10.861430501387934
1395,-72.53797859455965
1396,-6.917289883782703
1397,-60.06535495832642
1398,-72.83938895800644
1399,-84.13658631587471
1400,-81.55238405969808
1401,-8.109437864422226
1402,62.56418952481128
1403,-73.20378673794094
1404,39.43595469653114
1405,-5.398475881044701
1406,-39.53642504275329
1407,-54.53588877366104
1408,-24.550013255052413
1409,9.743655682963771
1410,-59.62713703008551
1411,40.9418556695067
1412,46.132015869269296
1413,-8.98733145838391
1414,36.41066165533408
1415,65.22229437196296
1416,-75.31438676974003
1417,-66.62397507730702
1418,-4.670118792573335
1419,-56.33662089126587
1420,64.35405500002345
1421,-11.816954810087983
1422,-61.64048082451588
1423,-81.07954002737208
1424,-85.57682747282634
1425,-73.69365499834015
1426,39.43595469653114
1427,-16.29393052462727
1428,-57.18841087044866
1429,-75.2034998520442
1430,-24.48362928791431
1431,44.34900481536777
1432,-32.02492112963675
1433,30.947646371548284
1434,-85.7565246839089
1435,-78.93981506555349
1436,-6.999735162244972
1437,-31.369478135990253
1438,-10.559615015951504
1439,38.67855091926577
1440,69.29938454701004
1441,-1.7915176655639509
1442,-3.769976393487095
1443,-79.60484308703697
1444,67.01639595063536
1445,-7.260684666370214
1446,-78.67017913413399
1447,-71.53092902592246
1448,-63.34845381101839
1449,-10.23549965086282
1450,-63.98609670806521
1451,66.65074808419885
1452,-22.649557937344703
1453,65.34712590310444
1454,-56.74164245727995
1455,-13.834196198123893
1456,-62.8690887612854
1457,-66.49700989189834
1458,38.107593376052655
1459,60.81302970279192
1460,-7.268052413316177
1461,-6.353956432353192
1462,37.18066940367819
1463,-61.59369334586161
1464,-73.41043938811237
1465,-36.38304154256344
1466,-68.57062436955944
1467,-78.05528879178891
1468,53.43318558997264
1469,-64.69883124794214
1470,36.75210593709812
1471,-19.73210782697793
1472,32.61974401704017
1473,-66.43624627266115
1474,-76.98607593181445
1475,-78.98575604357401
1476,36.41066165533408
1477,-27.011581811952663
1478,-34.58396293500751
1479,53.14059726411401
1480,-8.271999836624452
1481,-73.78241351652429
1482,-6.78414212441287
1483,-63.41010582660175
1484,-64.70590701559345
1485,-61.64048082451588
1486,-78.90297636251181
1487,-75.69135710666697
1488,-6.488422485697051
1489,-2.8805326585650137
1490,-24.97671885090065
1491,-25.36045409693593
1492,-28.226807465447383
1493,42.824822107949984
1494,-60.70196908873518
1495,-27.225111541873467
1496,64.99096962990444
1497,3.8783875362237534
1498,-70.2519612150164
1499,-16.145754171911705
1500,-60.1031075716845
1501,-1.161062845634103
1502,-7.244321727935268
1503,53.43318558997264
1504,-69.94307509617063
1505,-76.71269493279675
1506,-57.12316930220299
1507,-21.54158050372361
1508,-4.348410341602447
1509,-32.02492112963675
1510,35.92851043543686
1511,-24.97671885090065
1512,61.61735902722421
1513,-3.5963256599614404
1514,-15.547421532276449
1515,39.9188039693313
1516,-63.7078549184488
1517,40.9418556695067
1518,-25.464880120273413
1519,-9.66178438828472
1520,-3.165240738115356
1521,-63.99723589234853
1522,-10.559615015951504
1523,41.55237593241427
1524,61.061828303928046
1525,-64.50053331196855
1526,42.33406190227743
1527,-75.77040214199556
1528,-9.66178438828472
1529,-8.00479887355603
1530,6.6439210116299865
1531,-9.190580365847042
1532,37.24038621217103
1533,-14.70868284198718
1534,-79.30363986004505
1535,-76.68059486909566
1536,-7.168891974643271
1537,-58.56159871832425
1538,-77.51854013492982
1539,-70.96787670828726
1540,45.778993980328806
1541,-61.8458577010737
1542,-78.93981506555349
1543,-81.81036360955962
1544,-9.190580365847042
1545,-9.446174898909064
1546,-1.1735652596469208
1547,42.068065582026506
1548,-15.547421532276449
1549,-27.89780553292478
1550,68.06255162822843
1551,41.91468082170093
1552,-12.422596433139669
1553,-30.80514220287544
1554,-88.5691191187239
1555,-6.319247804711807
1556,64.46251567106223
1557,-60.1031075716845
1558,-4.3261769089812425
1559,41.91468082170093
1560,-51.70189977114656
1561,57.26150258404469
1562,-5.212913876887518
1563,-75.29074330506232
1564,40.54477271519914
1565,43.10619369160138
1566,33.793565657984765
1567,-6.821463327669981
1568,-6.78414212441287
1569,37.24038621217103
1570,-5.820661749760947
1571,-7.513832417839211
1572,-3.4382709390440054
1573,36.40777073173824
1574,-9.446174898909064
1575,-3.442556830092503
1576,-63.924348722529366
1577,54.79194344725424
1578,-16.29393052462727
1579,-11.923597088207853
1580,-6.78414212441287
1581,-31.07715116029695
1582,-3.393843412038658
1583,61.27420133580973
1584,35.29693467309988
1585,-6.864981378239261
1586,-81.07954002737208
1587,-8.98733145838391
1588,-3.769976393487095
1589,-62.07603827302937
1590,-85.6018236543355
1591,30.75906199187803
1592,-10.861430501387934
1593,-10.12552220878307
1594,-51.61809045155129
1595,35.16759357247908
1596,-61.8458577010737
1597,-78.90297636251181
1598,49.87444990107385
1599,-12.52362032417267
1600,-66.62397507730702
1601,31.941275262589546
1602,-4.949141972973878
1603,53.14059726411401
1604,-78.8389208355468
1605,-6.488422485697051
1606,-2.448129110200437
1607,61.61735902722421
1608,-35.3915364288759
1609,53.43318558997264
1610,45.06424041466822
1611,-85.7565246839089
1612,-5.212913876887518
1613,66.90336896566654
1614,37.24038621217103
1615,-6.065278732351369
1616,-4.533511602036841
1617,-63.98609670806521
1618,-1.433682357975238
1619,-8.109437864422226
1620,-7.268052413316177
1621,-61.8458577010737
1622,-80.27883518911199
1623,-14.041731178072707
1624,57.4753440452898
1625,42.26277804033706
1626,59.07213468462786
1627,-0.1894039812786427
1628,-4.419305147595956
1629,64.07925582853697
1630,-67.67702942178616
1631,-65.68017637811974
1632,-62.184911729435626
1633,61.61735902722421
1634,-3.0033697798793773
1635,-64.60357040283674
1636,-10.588015954807782
1637,-54.81199130910077
1638,30.85933703344787
1639,57.35748174480763
1640,-3.0033697798793773
1641,72.26162800374102
1642,-62.07603827302937
1643,-30.80514220287544
1644,37.38401299128496
1645,-63.36907741166236
1646,-79.95228804100509
1647,-11.923597088207853
1648,-4.660067900200327
1649,-30.569367176408388
1650,-58.99057172955695
1651,68.30744432107244
1652,-64.50053331196855
1653,-57.01744494819879
1654,-64.69883124794214
1655,65.89937334908089
1656,-6.917289883782703
1657,-78.90297636251181
1658,-8.00479887355603
1659,-25.519605309743348
1660,-78.90297636251181
1661,-22.264397339158577
1662,-31.507734143873662
1663,-10.5886867564464
1664,-66.57432770495718
1665,61.061828303928046
1666,-1.3070216439840516
1667,38.67855091926577
1668,-56.18156265535609
1669,-12.512095488158478
1670,-1.097572865440526
1671,-2.246567775139958
1672,-28.73272434140371
1673,43.10619369160138
1674,-9.190580365847042
1675,64.07900560290598
1676,46.18138499136084
1677,-2.049182780584405
1678,60.96989539342488
1679,-8.71205168346751
1680,37.78778246731491
1681,-79.76854138956564
1682,-81.18422941695063
1683,-73.59244703606882
1684,-4.192033244516162
1685,-76.81521167052547
1686,-64.69883124794214
1687,-70.5395258219831
1688,-0.4245087463132844
1689,31.729921064798653
1690,-57.78950082569512
1691,60.86356381718347
1692,-28.94427979399211
1693,-64.25780322458736
1694,-0.0882583073832083
1695,-13.056238596290395
1696,66.64470082664012
1697,-76.7581523764255
1698,-78.67017913413399
1699,34.341017178286464
1700,-2.8805326585650137
1701,-57.10702565186054
1702,-55.70587898866624
1703,68.71403908362409
1704,-22.67950605389909
1705,-12.422596433139669
1706,-9.82436403169296
1707,-20.561026784104342
1708,-34.15699825293984
1709,-57.42574875805561
1710,5.576009709915011
1711,64.46251567106223
1712,-4.348410341602447
1713,-63.826838117696845
1714,40.20926821920844
1715,-6.065278732351369
1716,-62.33179035725338
1717,32.61974401704017
1718,-32.79777907001002
1719,31.562017839111224
1720,34.5999536502147
1721,-79.76854138956564
1722,-72.29426502323881
1723,68.30744432107244
1724,-73.57883482652693
1725,-1.615294803249555
1726,-0.2779837930978095
1727,46.47779423720476
1728,-49.194224951707525
1729,36.13389835442607
1730,-24.97671885090065
1731,-79.26878155597595
1732,-61.061733269503456
1733,33.793565657984765
1734,-63.98609670806521
1735,-75.36398709635087
1736,62.56418952481128
1737,-82.68331954488134
1738,61.15822807372481
1739,62.05784335239948
1740,-82.56613092437777
1741,67.51363852684484
1742,53.43318558997264
1743,-73.20378673794094
1744,-21.90293476241825
1745,1.9786582310811407
1746,-73.4363084189003
1747,-6.821463327669981
1748,-66.62397507730702
1749,-62.32510092236162
1750,-24.6360454508956
1751,58.51857193315966
1752,31.24694305581717
1753,2.617575022900017
1754,5.856093501125532
1755,-64.05075738114955
1756,-83.48222757931512
1757,60.05110052995556
1758,-35.11039835995178
1759,-79.98825289021978
1760,3.610257596124151
1761,-58.54876623828607
1762,46.064791572137366
1763,67.21315069483828
1764,39.25062978190868
1765,-53.69466818285503
1766,4.293358786323528
1767,46.82186530187613
1768,-58.54876623828607
1769,-56.50290022603097
1770,-78.90297636251181
1771,-4.348410341602447
1772,-30.277831336535307
1773,-33.77605309708774
1774,70.29382947816526
1775,61.42158736727868
1776,-16.145754171911705
1777,-61.36198911634673
1778,35.64298691535552
1779,-14.318356517153711
1780,-1.462142009400814
1781,-78.67017913413399
1782,-81.23335872237146
1783,-57.281716142099214
1784,45.11586117122715
1785,-0.1894039812786427
1786,-22.50110267125122
1787,-8.32155011666214
1788,-63.81145476238801
1789,-69.94307509617063
1790,-9.259706184807062
1791,-72.66638330802772
1792,-67.15974752434197
1793,44.988069329463045
1794,32.224446636642554
1795,-63.81145476238801
1796,-23.077333306733504
1797,-60.82755490019999
1798,-5.984616906482943
1799,-25.266361280783723
1800,-0.7670862772961593
1801,-7.536557838665409
1802,-5.847985085543342
1803,66.43208169818294
1804,-6.917289883782703
1805,55.18918980072944
1806,-22.67950605389909
1807,-8.927578267452656
1808,-2.159166400379233
1809,-76.51420917424129
1810,-27.30407765648298
1811,-24.47332771230517
1812,57.35748174480763
1813,-31.00314142170044
1814,-12.868607775443614
1815,-34.50282551558317
1816,-6.328157142325615
1817,-6.917289883782703
1818,63.41485509881007
1819,-23.33663587056637
1820,-8.448755824119962
1821,64.35405500002345
1822,63.69265454686629
1823,-28.52513852082928
1824,36.881501191130106
1825,-5.984616906482943
1826,-6.822553857135519
1827,-9.148923764200411
1828,-64.69883124794214
1829,-4.960602015990764
1830,-67.63790655522911
1831,-73.59244703606882
1832,66.28155753554445
1833,-66.90008324142386
1834,-71.60419596310645
1835,-79.26878155597595
1836,-59.71002463586251
1837,2.907216811545362
1838,-60.44888139894829
1839,-2.942078686775321
1840,61.61735902722421
1841,47.07845978986606
1842,-76.13533082581142
1843,-55.610673724617705
1844,-0.8734958790500427
1845,55.18918980072944
1846,-3.442556830092503
1847,66.23761312485941
1848,-5.256535488589082
1849,-2.136085754883789
1850,-76.66731827824373
1851,42.36304526204042
1852,-74.36041895226363
1853,40.20926821920844
1854,-58.7995993258379
1855,1.1129846445844958
1856,-75.58492471974806
1857,-66.62397507730702
1858,-76.71269493279675
1859,30.85933703344787
1860,-55.803150256576
1861,-74.28943964292692
1862,-5.345047098080061
1863,-32.74311938560391
1864,-84.13658631587471
1865,-62.80273256144149
1866,-21.13467426464649
1867,-34.4295039950007
1868,-74.28943964292692
1869,-6.454973716278396
1870,21.45376246514456
1871,-82.12985254397174
1872,-4.960602015990764
1873,-30.569367176408388
1874,-59.71002463586251
1875,-4.9750717139014
1876,54.79194344725424
1877,-80.55529962950835
1878,-3.097630453725114
1879,-84.23537897521877
1880,64.99096962990444
1881,-57.29320934240011
1882,-81.18422941695063
1883,-56.48378275633771
1884,-58.758370350363705
1885,-21.90293476241825
1886,-24.57063290284008
1887,-1.9032076019952635
1888,-73.71979113496567
1889,-14.394542978375911
1890,71.43339578402009
1891,-82.56613092437777
1892,60.7122623074242
1893,-63.076820146696136
1894,-2.1946749970923136
1895,-0.2258795159644187
1896,-29.38713242544553
1897,38.67855091926577
1898,-59.13554434273917
1899,-6.488422485697051
1900,-61.313162125114175
1901,-27.62161919844236
1902,-60.82755490019999
1903,-66.62397507730702
1904,-85.57682747282634
1905,-66.49700989189834
1906,38.23438504071611
1907,-64.05075738114955
1908,-4.660067900200327
1909,40.20926821920844
1910,-78.08293091391822
1911,-55.70587898866624
1912,-2.8049724768715008
1913,-63.489702340633656
1914,-3.165240738115356
1915,63.53359554422046
1916,-21.96579230759174
1917,2.5623767432923845
1918,-23.957782736924194
1919,-84.13658631587471
1920,-3.086589593779931
1921,31.90976978126791
1922,37.18066940367819
1923,65.11892714792971
1924,1.9786582310811407
1925,-28.52513852082928
1926,-12.52362032417267
1927,-15.547421532276449
1928,57.35748174480763
1929,-75.2037436359602
1930,-8.98733145838391
1931,-81.9355494744931
1932,-52.55710386435484
1933,-22.069392517656443
1934,61.27420133580973
1935,-83.48222757931512
1936,-61.061733269503456
1937,-57.42574875805561
1938,36.13389835442607
1939,-69.86469959366346
1940,39.25062978190868
1941,-28.82728788863206
1942,2.272548700958249
1943,70.90554656178529
1944,-58.54876623828607
1945,-16.143844542329315
1946,-12.512095488158478
1947,65.46456366725151
1948,-27.66699330852325
1949,57.61797200190318
1950,-7.611025159475304
1951,-28.70845434404363
1952,56.106477665219856
1953,60.4505607672692
1954,-31.00314142170044
1955,-31.00314142170044
1956,-0.2779837930978095
1957,-26.06732097815251
1958,61.061828303928046
1959,-2.216679779578021
1960,58.45407009955258
1961,0.3424851678918972
1962,-0.8012397838138261
1963,70.1090724805045
1964,66.64470082664012
1965,41.06545518547802
1966,-6.917289883782703
1967,62.50980673155304
1968,-63.81145476238801
1969,41.10496153410481
1970,35.92851043543686
1971,-73.22012058609086
1972,31.46488391816738
1973,-5.484931645499574
1974,-25.519605309743348
1975,-80.27883518911199
1976,-57.78950082569512
1977,-80.42045993164896
1978,-80.8333408785335
1979,-81.65777834554609
1980,-27.89780553292478
1981,1.9786582310811407
1982,-27.73395991356284
1983,-60.92629520152959
1984,35.64298691535552
1985,-57.12316930220299
1986,69.08930078687172
1987,-26.53432119026748
1988,-61.99803713756253
1989,-2.17721680122476
1990,-55.30489952717392
1991,-13.55351981787582
1992,37.4537442316968
1993,-74.36041895226363
1994,42.86687818176634
1995,70.90554656178529
1996,60.05110052995556
1997,53.43318558997264
1998,53.14059726411401
1999,-61.82937477423037
2000,-9.190580365847042
2001,-4.126597446930845
2002,-9.190580365847042
2003,62.905642349456144
2004,-30.569367176408388
2005,-72.83938895800644
2006,-57.39282913921173
2007,34.48033523746166
2008,39.09348595495943
2009,-53.50031294478395
2010,57.4753440452898
2011,66.26288607998865
2012,-13.894193510582223
2013,67.18850938356789
2014,-81.07954002737208
2015,-7.260684666370214
2016,-75.86291718652222
2017,-61.17007583324516
2018,-6.999735162244972
2019,-31.239766229270675
2020,61.42158736727868
2021,-6.917289883782703
2022,64.439777701098
2023,-16.143844542329315
2024,62.56418952481128
2025,-28.226807465447383
2026,31.941275262589546
2027,41.32341772043688
2028,-31.07715116029695
2029,36.91836030066629
2030,-80.8333408785335
2031,60.4505607672692
2032,-6.488422485697051
2033,1.9786582310811407
2034,-26.06732097815251
2035,35.64298691535552
2036,-31.07715116029695
2037,-23.559734378397064
2038,-30.400021552493342
2039,37.416397584858906
2040,-58.706169471135965
2041,-59.26250823129102
2042,-6.288204378668363
2043,55.18918980072944
2044,-55.52933824704472
2045,-3.086589593779931
2046,-28.226807465447383
2047,-21.043161267538864
2048,-64.70590701559345
2049,60.96989539342488
2050,-64.60357040283674
2051,-6.459413368433253
2052,-16.29393052462727
2053,-12.512095488158478
2054,30.31442950745196
2055,65.85374539044537
2056,-6.152369516100518
2057,-63.98609670806521
2058,-22.534710557284733
2059,-63.826838117696845
2060,-3.502242878548775
2061,-36.77094419826237
2062,-28.226807465447383
2063,-26.805192069921464
2064,40.166835134040255
2065,56.77811859077623
2066,-16.143844542329315
2067,-62.184911729435626
2068,-75.77040214199556
2069,-62.79690696867977
2070,-80.8333408785335
2071,32.224446636642554
2072,40.54477271519914
2073,-66.90008324142386
2074,30.75906199187803
2075,46.52280814593722
2076,-30.669810777995146
2077,-60.9233777409744
2078,-57.10702565186054
2079,39.69534876157315
2080,-72.6797971256017
2081,30.75906199187803
2082,-63.33589820678649
2083,35.92851043543686
2084,-25.13306752526213
2085,-28.70845434404363
2086,-2.883917373508371
2087,-57.18841087044866
2088,57.61797200190318
2089,39.69534876157315
2090,70.454725382027
2091,-1.4984009208113802
2092,-28.70845434404363
2093,-2.159166400379233
2094,-63.98609670806521
2095,-77.57254296504871
2096,-57.42574875805561
2097,-30.80514220287544
2098,63.30436557061089
2099,39.56059847460401
2100,-71.97059671632147
2101,30.947646371548284
2102,-29.9955507449626
2103,-30.277831336535307
2104,-80.27883518911199
2105,-32.79777907001002
2106,-82.68331954488134
2107,-4.590313276963667
2108,-81.65777834554609
2109,1.898295670660292
2110,-1.05712895147928
2111,-14.041731178072707
2112,43.68428511746163
2113,45.643571156612175
2114,-61.59369334586161
2115,42.5153596362465
2116,61.27420133580973
2117,-65.48576693690033
2118,0.2730550968528984
2119,58.48336135066023
2120,-74.56241160108937
2121,-30.669810777995146
2122,-28.52513852082928
2123,-79.51726917338719
2124,-0.0291778929624419
2125,66.45209878019455
2126,-30.47403280143051
2127,-8.271999836624452
2128,-84.13658631587471
2129,-9.43542073616478
2130,-75.50576283001581
2131,-81.81036360955962
2132,-64.25780322458736
2133,-57.05870368749488
2134,-4.126597446930845
2135,-13.777752319123746
2136,-58.69400939127909
2137,-5.868831402732894
2138,-4.190949852771148
2139,67.65410360784873
2140,-4.960602015990764
2141,-79.76854138956564
2142,-0.1915441286580259
2143,-3.391695461454736
2144,30.947646371548284
2145,67.65410360784873
2146,-75.77040214199556
2147,-88.5691191187239
2148,-16.145754171911705
2149,-4.126597446930845
2150,-76.17774868823257
2151,-30.80514220287544
2152,33.12050470608676
2153,47.28771023862158
2154,-66.43624627266115
2155,-72.46711909871618
2156,-23.680378354551458
2157,-55.80762583051252
2158,67.00580568647605
2159,-21.451979223639643
2160,-28.94427979399211
2161,-54.290035617162665
2162,-74.95351475886338
2163,-60.3272273969871
2164,68.93897187715743
2165,35.29693467309988
2166,-64.25780322458736
2167,-4.259642491043687
2168,-50.95070916534311
2169,-28.94427979399211
2170,-58.531155351915
2171,31.46488391816738
2172,33.12050470608676
2173,60.05110052995556
2174,-7.892534612399643
2175,-70.04645985841589
2176,-5.843856715243101
2177,58.45407009955258
2178,-5.906584107977196
2179,-82.12985254397174
2180,-0.5347241986369848
2181,48.21722621938287
2182,-79.76854138956564
2183,-8.927578267452656
2184,-1.2073482515914158
2185,-62.8690887612854
2186,-22.50110267125122
2187,55.18918980072944
2188,61.42158736727868
2189,-64.69883124794214
2190,62.08778723879593
2191,-81.02432752157675
2192,-2.216679779578021
2193,56.77811859077623
2194,-57.22349145347876
2195,-50.52501653245545
2196,-6.975999177097173
2197,-27.30407765648298
2198,-12.807690919072966
2199,-9.190580365847042
2200,-8.519519046991658
2201,-71.6047861401939
2202,-6.593441682185418
2203,-28.226807465447383
2204,36.40777073173824
2205,62.05784335239948
2206,-30.45403500232857
2207,70.40810218207145
2208,-81.9355494744931
2209,-4.1542104239295625
2210,37.45845159174267
2211,-80.55529962950835
2212,-27.2793922295728
2213,-2.2735560212163994
2214,60.4505607672692
2215,-75.50576283001581
2216,-4.097421537541958
2217,0.3012770747284836
2218,-34.15699825293984
2219,-1.4123971741367924
2220,-12.293391083578909
2221,1.5138046850128442
2222,-1.7190907315982944
2223,-63.34845381101839
2224,-4.475627160678073
2225,68.46466818248196
2226,-37.429697704355455
2227,-63.70239637890697
2228,-5.50756128406173
2229,-3.5012745776014587
2230,66.90336896566654
2231,60.20260594257631
2232,38.23438504071611
2233,21.45376246514456
2234,-33.77605309708774
2235,-29.636917415706453
2236,-31.00314142170044
2237,-5.777187165564016
2238,-59.10731279359408
2239,-60.70196908873518
2240,-62.79690696867977
2241,65.30814690728515
2242,-4.063655244329898
2243,-75.73342042538205
2244,58.45407009955258
2245,60.4505607672692
2246,-69.65470858283771
2247,64.58398952627893
2248,-8.98733145838391
2249,-5.843856715243101
2250,61.61735902722421
2251,-1.5534901320887813
2252,-23.559734378397064
2253,-0.6197388578535445
2254,61.27420133580973
2255,-31.00314142170044
2256,30.85933703344787
2257,-6.78414212441287
2258,65.64076297507685
2259,-34.4295039950007
2260,-7.611025159475304
2261,-0.9344496425475946
2262,-74.18967898298378
2263,-64.60357040283674
2264,57.61797200190318
2265,37.416397584858906
2266,-59.62713703008551
2267,69.42002478061976
2268,-3.442556830092503
2269,-64.05208121164767
2270,63.85452002444215
2271,59.525149697758096
2272,-70.13009175090528
2273,-62.13763278514877
2274,-8.288895076263115
2275,-79.98825289021978
2276,67.07154251359214
2277,-81.81036360955962
2278,40.8481426338346
2279,62.00190065239156
2280,-10.12552220878307
2281,61.061828303928046
2282,-24.080234557845014
2283,-60.70196908873518
2284,-25.586366910211325
2285,-0.9916315201707722
2286,-25.464880120273413
2287,-7.892534612399643
2288,46.03112713244652
2289,63.30436557061089
2290,-73.39957796624645
2291,37.5065593407634
2292,60.96989539342488
2293,-13.777752319123746
2294,1.7936467213909424
2295,68.93897187715743
2296,-63.70239637890697
2297,-8.71205168346751
2298,38.107593376052655
2299,-76.16629117967157
2300,-8.833264061944954
2301,-62.43378111594676
2302,-81.87641651707969
2303,-64.60357040283674
2304,-5.484931645499574
2305,-2.008188488406315
2306,0.7597188959313144
2307,-16.143844542329315
2308,-63.73619495128504
2309,30.947646371548284
2310,34.962578100017126
2311,2.6131557039624926
2312,-27.66699330852325
2313,-5.2477542751281305
2314,42.09987108517201
2315,-26.788645876664383
2316,-65.68017637811974
2317,39.9188039693313
2318,63.30436557061089
2319,-0.4339941435671157
2320,-63.924348722529366
2321,-82.88395924043748
2322,-79.76854138956564
2323,37.416397584858906
2324,-27.46001009660322
2325,-24.550013255052413
2326,68.06255162822843
2327,66.94755508612498
2328,-56.65109182768018
2329,37.45845159174267
2330,-79.98825289021978
2331,-2.1946749970923136
2332,-4.697305584081793
2333,-2.443329539774384
2334,42.5153596362465
2335,-7.628063547753013
2336,41.85050123128204
2337,-2.448129110200437
2338,65.11892714792971
2339,-55.76521422704606
2340,-77.57254296504871
2341,-4.192033244516162
2342,-0.3085309655603359
2343,65.22229437196296
2344,53.14059726411401
2345,-68.84168988081615
2346,3.422156388555524
2347,-8.114117220971943
2348,-5.084111305942077
2349,-6.488422485697051
2350,65.22229437196296
2351,61.061828303928046
2352,61.99304927746512
2353,-5.997925082891175
2354,-64.86337690366175
2355,-7.268052413316177
2356,43.701719689612645
2357,-8.32155011666214
2358,63.06049698751726
2359,-5.843038492491642
2360,-39.53642504275329
2361,-5.578474962365476
2362,-31.507734143873662
2363,-29.597065211376467
2364,59.20552230121472
2365,-2.146322749288027
2366,-20.97897640229627
2367,-66.57432770495718
2368,-76.30743818751914
2369,-8.288895076263115
2370,-5.21642057690652
2371,66.23761312485941
2372,-28.73272434140371
2373,-3.2308161421658426
2374,68.0207481875316
2375,-27.102767834989507
2376,-10.559615015951504
2377,-6.917289883782703
2378,-39.21725375173433
2379,35.570177084748465
2380,-24.78050155655053
2381,-85.8026493467239
2382,-76.5306985046769
2383,-27.46001009660322
2384,4.6630955786870745
2385,-77.57254296504871
2386,35.29693467309988
2387,-16.847151661490514
2388,-25.45393892464552
2389,-81.23335872237146
2390,-80.11468822577356
2391,-60.03866284537917
2392,-27.2793922295728
2393,-5.084111305942077
2394,-6.986331617323308
2395,-11.68284339301753
2396,40.166835134040255
2397,-34.4295039950007
2398,41.335905953326886
2399,-5.345047098080061
2400,-6.319247804711807
2401,-54.86013151144137
2402,-2.384309141015703
2403,-28.351639464167544
2404,-7.046100549277393
2405,-40.16795233983664
2406,41.91468082170093
2407,3.610257596124151
2408,-58.43866894657638
2409,-10.36880766316073
2410,-75.50576283001581
2411,-13.894193510582223
2412,-73.22012058609086
2413,-57.78950082569512
2414,-2.049182780584405
2415,-29.69405006331531
2416,-54.49094616746936
2417,-34.011595541802016
2418,-65.22308604654253
2419,-8.833264061944954
2420,-12.868607775443614
2421,-82.88395924043748
2422,-26.722579737347694
2423,65.11892714792971
2424,-36.77094419826237
2425,-22.25366391933526
2426,65.46456366725151
2427,-66.49700989189834
2428,34.4690045694894
2429,4.776833307544666
2430,30.947646371548284
2431,-26.788645876664383
2432,-67.58218747682238
2433,-81.81036360955962
2434,-80.55529962950835
2435,-62.13763278514877
2436,-3.418489926521194
2437,30.947646371548284
2438,37.3951569730318
2439,57.61797200190318
2440,-24.57063290284008
2441,5.794787172553873
2442,-3.442556830092503
2443,-76.66731827824373
2444,-32.74311938560391
2445,61.42158736727868
2446,-10.914959437419164
2447,-13.55351981787582
2448,35.29693467309988
2449,-62.16237822224464
2450,65.65970566067348
2451,-63.81145476238801
2452,-78.75499038238114
2453,5.794787172553873
2454,-66.98902504055862
2455,-4.697305584081793
2456,-8.448755824119962
2457,-65.82722516146443
2458,37.69350355383372
2459,36.3611728433874
2460,33.90501683967074
2461,-0.8183376097327741
2462,59.28048476707497
2463,-28.670391968659818
2464,-1.8546473860668309
2465,63.30436557061089
2466,-3.1232989348113325
2467,-11.68284339301753
2468,-63.81145476238801
2469,62.905642349456144
2470,-36.12657000914922
2471,-10.126100933753229
2472,-27.102767834989507
2473,-3.442556830092503
2474,64.46251567106223
2475,-82.56613092437777
2476,-58.54876623828607
2477,30.85933703344787
2478,-84.23537897521877
2479,72.4268495257261
2480,-67.67702942178616
2481,56.106477665219856
2482,62.04621581307392
2483,64.83138271314488
2484,64.32859372024646
2485,-6.864981378239261
2486,-1.1436855613189207
2487,62.00190065239156
2488,-39.21725375173433
2489,34.36300653197664
2490,58.11769804278596
2491,38.07050130517589
2492,-75.86291718652222
2493,-12.594411911676149
2494,-10.861430501387934
2495,-11.91872630817857
2496,2.1631794702494065
2497,-25.76374555303739
2498,-74.10855217335757
2499,-70.56807777594565
2500,-8.927578267452656
2501,-16.145754171911705
2502,-4.0889601889913365
2503,-61.313162125114175
2504,-83.47475390660964
2505,-3.442556830092503
2506,66.93372310335546
2507,-23.559734378397064
2508,-57.281716142099214
2509,-24.588600435284963
2510,69.89502254517598
2511,-58.43866894657638
2512,-2.932147029244573
2513,-4.831528261977854
2514,68.71403908362409
2515,58.37936560988653
2516,38.82120500950565
2517,-29.359252697562752
2518,-62.184911729435626
2519,-77.68258318604742
2520,-69.16263783609928
2521,-60.06535495832642
2522,-76.17774868823257
2523,-34.4199803381088
2524,-55.31815779724602
2525,-22.85146873215181
2526,61.781404780106215
2527,21.45376246514456
2528,-69.14081926137231
2529,-24.588600435284963
2530,-81.9355494744931
2531,-13.777752319123746
2532,-59.62713703008551
2533,64.46251567106223
2534,-76.17774868823257
2535,34.962578100017126
2536,-34.4199803381088
2537,-12.512095488158478
2538,-34.33196032143465
2539,-2.824165197778588
2540,-76.88201415838114
2541,35.29693467309988
2542,43.70441681202807
2543,46.568503139051714
2544,41.91468082170093
2545,-86.46687945641392
2546,-71.06095337844889
2547,-28.09420489529932
2548,-6.955369051838711
2549,-65.20211094727803
2550,-78.98575604357401
2551,-64.60357040283674
2552,57.61797200190318
2553,68.18251432652725
2554,1.684573570791723
2555,31.46488391816738
2556,41.335905953326886
2557,-24.20270894794209
2558,-81.07954002737208
2559,-24.52624185345559
2560,-73.57883482652693
2561,-5.2477542751281305
2562,42.35800928845648
2563,-25.654280298011475
2564,-81.23335872237146
2565,-11.68284339301753
2566,35.16759357247908
2567,-66.49700989189834
2568,-63.81172709717542
2569,57.61797200190318
2570,68.43065827860883
2571,-81.89241119023572
2572,1.3194862037501331
2573,-24.467882671723164
2574,60.47093568394402
2575,-22.264397339158577
2576,-1.9032076019952635
2577,45.325746064438704
2578,1.2673293250377964
2579,-66.43624627266115
2580,56.77811859077623
2581,-80.55529962950835
2582,-25.37259934283901
2583,-1.2073482515914158
2584,-57.64723545768358
2585,60.47093568394402
2586,-79.60484308703697
2587,-10.861430501387934
2588,36.40777073173824
2589,-60.51456268361418
2590,-3.129605134334531
2591,-28.73272434140371
2592,-3.086589593779931
2593,-83.19784164926064
2594,60.7122623074242
2595,-7.628063547753013
2596,47.63555502623894
2597,-3.06160281629005
2598,-28.25192248397577
2599,-4.26743908082846
2600,70.68889562010723
2601,67.46533582188526
2602,31.729921064798653
2603,-4.697305584081793
2604,-54.86871709877202
2605,34.48033523746166
2606,-80.27883518911199
2607,-60.017018539944
2608,-13.55351981787582
2609,-11.68284339301753
2610,64.58991016520804
2611,37.45845159174267
2612,58.51857193315966
2613,51.47872124658233
2614,-25.9209255428716
2615,66.48202807248211
2616,-40.16795233983664
2617,37.18066940367819
2618,-15.248961517063425
2619,-2.17721680122476
2620,-7.536557838665409
2621,-56.10334519592704
2622,-0.6061743127619241
2623,66.64470082664012
2624,60.24478758000462
2625,40.82064358969004
2626,41.91468082170093
2627,61.42158736727868
2628,-68.8841119839878
2629,58.11769804278596
2630,-80.8438733228621
2631,38.16319612708517
2632,-58.99057172955695
2633,65.64076297507685
2634,-2.4325092602481933
2635,-8.1123695513403
2636,-32.02492112963675
2637,59.53849412644497
2638,-82.12985254397174
2639,-4.259642491043687
2640,-79.26878155597595
2641,65.64076297507685
2642,-76.71269493279675
2643,37.416397584858906
2644,-27.73395991356284
2645,-67.17072875191808
2646,67.40387356643937
2647,-22.300038750272662
2648,-77.33509845486711
2649,2.861319868064532
2650,-69.86469959366346
2651,47.11790131542133
2652,-18.722933815538138
2653,-58.73694138020228
2654,-78.75499038238114
2655,-70.62634527701063
2656,-79.95228804100509
2657,-11.816954810087983
2658,21.45376246514456
2659,64.47731570100679
2660,-28.33443581270879
2661,-4.960602015990764
2662,-80.8333408785335
2663,-0.4339941435671157
2664,-58.9926383439452
2665,-75.29074330506232
2666,-19.98302532965423
2667,2.300023551625306
2668,41.81798929308266
2669,65.11892714792971
2670,-6.9787246800299565
2671,-56.659087766897855
2672,62.00190065239156
2673,-6.593441682185418
2674,-80.03693734275096
2675,64.46406618790724
2676,0.0604853172226889
2677,-13.777752319123746
2678,-25.485487041028577
2679,-0.1915441286580259
2680,-80.55529962950835
2681,-24.48362928791431
2682,-81.81036360955962
2683,-74.50207999451789
2684,-24.550013255052413
2685,-19.60001353880005
2686,-8.109437864422226
2687,-6.593441682185418
2688,69.08930078687172
2689,58.45407009955258
2690,21.45376246514456
2691,-77.23030910195143
2692,-55.76102585794352
2693,30.00939711521353
2694,-65.66334484692953
2695,-73.22012058609086
2696,40.54477271519914
2697,35.99263013556717
2698,-16.42311932807646
2699,-61.99803713756253
2700,-5.852951040198668
2701,38.67855091926577
2702,65.43514770215648
2703,-2.131820000770465
2704,48.56912042142312
2705,-58.69400939127909
2706,-29.359252697562752
2707,37.3951569730318
2708,-77.97665798409565
2709,-70.09355184457164
2710,39.32673995445733
2711,40.20926821920844
2712,-2.131820000770465
2713,33.12050470608676
2714,-34.011595541802016
2715,-77.97665798409565
2716,37.4537442316968
2717,-34.108037750115265
2718,-27.89966203012536
2719,-76.67241666991234
2720,34.48033523746166
2721,1.208692389393995
2722,37.24038621217103
2723,65.55395749010721
2724,-63.41010582660175
2725,-14.47265409361634
2726,-10.24759496793986
2727,-25.464880120273413
2728,-13.056238596290395
2729,60.20260594257631
2730,65.55395749010721
2731,37.416397584858906
2732,65.19299794393689
2733,-0.9344496425475946
2734,-80.42045993164896
2735,-12.868607775443614
2736,-71.11615724188333
2737,-63.36907741166236
2738,-0.4245087463132844
2739,-5.484931645499574
2740,-2.1946749970923136
2741,36.3611728433874
2742,-33.46394993955349
2743,-2.8805326585650137
2744,-27.62161919844236
2745,-74.3366045504824
2746,61.42158736727868
2747,-78.75499038238114
2748,-2.886273840732354
2749,-27.22704720578103
2750,58.11769804278596
2751,-79.81539931435225
2752,-66.90008324142386
2753,-21.102365518769528
2754,-15.648173338791088
2755,-81.9355494744931
2756,-61.36198911634673
2757,-77.97665798409565
2758,34.36300653197664
2759,-72.73463127063864
2760,-71.55492545397564
2761,30.31442950745196
2762,-12.52362032417267
2763,69.25324198236619
2764,-66.3583277227871
2765,65.34712590310444
2766,46.064791572137366
2767,58.859179867965096
2768,-10.861430501387934
2769,-27.62161919844236
2770,-66.93951628895577
2771,68.71403908362409
2772,-4.348410341602447
2773,-27.2793922295728
2774,3.750398224769437
2775,-33.36162628072842
2776,-80.55529962950835
2777,-25.9209255428716
2778,-53.4900123430238
2779,-4.933330709496467
2780,-60.82755490019999
2781,-10.861430501387934
2782,35.16759357247908
2783,-79.76854138956564
2784,1.3124265297950544
2785,-74.76580057362114
2786,73.40376472697585
2787,36.37760630023255
2788,-31.07715116029695
2789,38.23438504071611
2790,-10.797432402198972
2791,64.98289897267836
2792,-86.46687945641392
2793,-7.466580642466821
2794,66.26288607998865
2795,-29.597065211376467
2796,0.6170909498858137
2797,-51.92687823887061
2798,1.1426349809845409
2799,-73.90715421514737
2800,38.13422758571244
2801,-27.02415287776304
2802,43.60354660946145
2803,-66.98902504055862
2804,-24.20270894794209
2805,47.0260372673699
2806,-5.484931645499574
2807,-21.043161267538864
2808,-77.46586060147413
2809,-12.49034441616193
2810,37.69055401764654
2811,-72.54511122896349
2812,-8.190735556773141
2813,-73.08267936119634
2814,30.49290974541492
2815,-63.36907741166236
2816,-5.906584107977196
2817,-28.73272434140371
2818,-37.19734229366193
2819,30.31442950745196
2820,-36.12657000914922
2821,-25.84178531745209
2822,37.4537442316968
2823,-29.381086062385226
2824,-27.499781766327963
2825,-66.98902504055862
2826,62.56418952481128
2827,-79.92480399106911
2828,-2.9047323148874646
2829,-52.87160638943226
2830,63.096808100486925
2831,37.38401299128496
2832,-77.24257741647526
2833,66.55249192862946
2834,58.11769804278596
2835,63.42353854109431
2836,-7.025774881365413
2837,-76.40291487409924
2838,-4.960602015990764
2839,-2.566015659384598
2840,71.26424878915881
2841,61.99304927746512
2842,35.92851043543686
2843,-65.22308604654253
2844,-77.04954184814203
2845,31.24694305581717
2846,47.23054500286207
2847,2.6131557039624926
2848,-4.670118792573335
2849,-53.55910848895565
2850,-40.16795233983664
2851,41.56481197412969
2852,-8.542440552474396
2853,-81.89241119023572
2854,-5.847985085543342
2855,-75.99121455229381
2856,32.224446636642554
2857,-0.133985935166633
2858,-57.281716142099214
2859,-76.13533082581142
2860,69.62578767059708
2861,-32.545110749593405
2862,30.85933703344787
2863,56.53772029435115
2864,-2.209609656217164
2865,60.4505607672692
2866,-82.56613092437777
2867,-61.36198911634673
2868,-79.98825289021978
2869,-73.08267936119634
2870,37.69350355383372
2871,-73.85006111025726
2872,-15.648173338791088
2873,-52.93100810176835
2874,-5.302031069890801
2875,70.6342789633165
2876,-73.57883482652693
2877,-5.870486303948067
2878,-62.43378111594676
2879,-82.12985254397174
2880,32.224446636642554
2881,58.45407009955258
2882,64.98289897267836
2883,65.64076297507685
2884,-3.1121234315232025
2885,-8.927578267452656
2886,-52.85203484818099
2887,-11.789901745604311
2888,-56.74164245727995
2889,-7.628063547753013
2890,59.79738203930789
2891,-12.594411911676149
2892,-27.62161919844236
2893,-8.927578267452656
2894,-7.641591100445261
2895,-79.94651622585866
2896,-29.359252697562752
2897,-23.84654096943808
2898,59.53849412644497
2899,-76.40291487409924
2900,-75.2037436359602
2901,1.6893920425314648
2902,-77.50863226590897
2903,-73.27430883557611
2904,68.2457343329377
2905,65.15922456773906
2906,-12.52362032417267
2907,0.1711406401020103
2908,33.7393610762814
2909,-40.16795233983664
2910,-62.43378111594676
2911,-10.24759496793986
2912,-14.051424596619547
2913,49.887143046103056
2914,-1.2073482515914158
2915,-63.70239637890697
2916,-59.65330302683903
2917,71.75115378293636
2918,-31.56608099718329
2919,65.99564792987536
2920,-63.33589820678649
2921,-6.986331617323308
2922,-5.843038492491642
2923,-65.61101857287642
2924,-77.68258318604742
2925,-59.542301316446384
2926,-3.8224899971469206
2927,68.8409691027766
2928,-77.68258318604742
2929,-66.98902504055862
2930,43.701719689612645
2931,42.471070363724586
2932,3.703332675505265
2933,-2.131820000770465
2934,-63.49270063460676
2935,-74.71032690419659
2936,-9.514999599422309
2937,-61.21558630364006
2938,-11.741098081767143
2939,-57.5901187924453
2940,-32.048551865787594
2941,-73.67901138829836
2942,-7.803702999426155
2943,-21.93962733456448
2944,-24.467882671723164
2945,-6.055718259598109
2946,60.20260594257631
2947,46.10925479842096
2948,38.59800818068476
2949,-1.731844537208474
2950,-54.86871709877202
2951,-28.73272434140371
2952,64.88537737450743
2953,34.89430566711079
2954,42.068065582026506
2955,41.56481197412969
2956,-0.4230897892163296
2957,-79.8464826964499
2958,-27.14829141465627
2959,3.610257596124151
2960,41.85050123128204
2961,-59.15159492022382
2962,37.18066940367819
2963,70.90554656178529
2964,-25.84178531745209
2965,41.13859849905609
2966,42.40665409892857
2967,75.43057237215305
2968,-16.145754171911705
2969,-2.209609656217164
2970,-86.46687945641392
2971,-14.47265409361634
2972,-6.975999177097173
2973,66.83167150882689
2974,-73.27430883557611
2975,32.224446636642554
2976,46.32910016598401
2977,30.31442950745196
2978,-81.81036360955962
2979,-24.11505248518358
2980,-14.47265409361634
2981,-63.36907741166236
2982,-80.8333408785335
2983,-8.288895076263115
2984,-76.59359179744814
2985,-6.454973716278396
2986,35.29693467309988
2987,-27.011581811952663
2988,-72.13173500024924
2989,-4.259642491043687
2990,-27.292913520039647
2991,60.20260594257631
2992,64.46406618790724
2993,-75.86291718652222
2994,48.33770218206985
2995,-34.011595541802016
2996,33.7393610762814
2997,-59.10731279359408
2998,-8.213120383275209
2999,-28.73272434140371
3000,-2.433525194929408
3001,-65.20211094727803
3002,21.45376246514456
3003,66.93372310335546
3004,-11.136083968296436
3005,-7.7161044348235
3006,60.4505607672692
3007,-73.85006111025726
3008,-26.55581698751332
3009,66.64470082664012
3010,-7.892534612399643
3011,66.23761312485941
3012,-82.56613092437777
3013,-61.21558630364006
3014,39.56059847460401
3015,-29.051262640604588
3016,37.416397584858906
3017,-75.74610925707451
3018,-77.24257741647526
3019,-64.00091715554736
3020,69.62578767059708
3021,64.30988042298449
3022,-60.3272273969871
3023,30.99592750607197
3024,-79.23495668988498
3025,-52.93100810176835
3026,-34.011595541802016
3027,67.01639595063536
3028,31.46488391816738
3029,66.69607430270878
3030,-13.777752319123746
3031,-5.413657180566218
3032,60.24478758000462
3033,39.2137741408194
3034,-5.843856715243101
3035,1.684573570791723
3036,-77.24257741647526
3037,-73.27639846976885
3038,70.6342789633165
3039,-34.50282551558317
3040,-26.788645876664383
3041,-2.384309141015703
3042,-56.2029612054634
3043,-75.78674111309918
3044,63.96549434354404
3045,63.096808100486925
3046,-5.502912374278903
3047,-13.55351981787582
3048,-9.559786150804296
3049,37.88968509088884
3050,-39.53642504275329
3051,-24.588600435284963
3052,-25.76374555303739
3053,-52.828285312384985
3054,-62.8690887612854
3055,-63.33589820678649
3056,-85.57682747282634
3057,58.48336135066023
3058,-2.032007538831264
3059,-78.90297636251181
3060,-14.394542978375911
3061,-3.504577752258786
3062,63.096808100486925
3063,62.78072249099435
3064,34.5999536502147
3065,-57.281716142099214
3066,-39.53642504275329
3067,-65.22308604654253
3068,35.99263013556717
3069,46.03112713244652
3070,-32.800889299289864
3071,40.44734458566725
3072,31.90976978126791
3073,-22.228176694104445
3074,-3.097630453725114
3075,36.40777073173824
3076,-57.22349145347876
3077,-31.07715116029695
3078,-8.599837226539279
3079,-64.86337690366175
3080,-64.25780322458736
3081,-9.514999599422309
3082,-6.152369516100518
3083,-81.5243472298706
3084,-82.12985254397174
3085,-6.288748138851069
3086,-24.588600435284963
3087,-23.84654096943808
3088,-66.8829289574018
3089,70.13683144928149
3090,-78.91603789432844
3091,-2.4860054902618867
3092,-63.34845381101839
3093,-2.4325092602481933
3094,-82.12985254397174
3095,-5.31138210340585
3096,-76.13533082581142
3097,-4.198947071945365
3098,-56.659087766897855
3099,-1.7190907315982944
3100,-63.61343723591238
3101,-5.278579480432934
3102,-34.4199803381088
3103,-75.93047836570257
3104,-71.97059671632147
3105,-63.367917345578775
3106,-60.25548958541298
3107,38.23438504071611
3108,-36.12657000914922
3109,-7.628063547753013
3110,-62.43378111594676
3111,21.45376246514456
3112,-28.39554195595492
3113,36.3611728433874
3114,-12.293391083578909
3115,-2.8855790766029674
3116,-6.488422485697051
3117,-18.47670311992696
3118,61.32663935923741
3119,-8.341884152160203
3120,-8.11791095665524
3121,-71.97059671632147
3122,31.24694305581717
3123,-60.82755490019999
3124,72.70910300800476
3125,-19.520450939453934
3126,-37.429697704355455
3127,-6.955369051838711
3128,-76.66731827824373
3129,-3.264944013981394
3130,66.75921071581473
3131,42.35800928845648
3132,-1.7108048962470406
3133,-14.459970573273733
3134,-0.0818474085838385
3135,58.51857193315966
3136,-10.36880766316073
3137,-71.8975476855978
3138,-66.90008324142386
3139,-10.861430501387934
3140,-3.288168891962613
3141,-5.50756128406173
3142,40.16371067003866
3143,-8.98733145838391
3144,-33.00946443824379
3145,-29.00421854084898
3146,-77.68258318604742
3147,-3.086589593779931
3148,-84.13658631587471
3149,62.905642349456144
3150,-17.436215974380463
3151,38.16319612708517
3152,40.54477271519914
3153,66.23761312485941
3154,-22.00841268196495
3155,-62.13763278514877
3156,69.32351588921496
3157,-7.641591100445261
3158,-78.23639947125571
3159,-32.545110749593405
3160,-74.76580057362114
3161,-73.67901138829836
3162,-67.18876992765615
3163,-8.98733145838391
3164,-63.489702340633656
3165,66.7775810947815
3166,65.22136663587432
3167,63.62990479880175
3168,-25.586366910211325
3169,-0.9916315201707722
3170,-6.802073578803352
3171,-27.499781766327963
3172,-8.599837226539279
3173,-61.82937477423037
3174,21.45376246514456
3175,58.51857193315966
3176,31.46488391816738
3177,-10.459815704071826
3178,-10.861430501387934
3179,-22.19314294539455
3180,-60.69829642682484
3181,-16.145754171911705
3182,41.81798929308266
3183,66.7896669398485
3184,-2.209609656217164
3185,3.0913859355499795
3186,-0.7347449042762344
3187,-80.25701390875444
3188,-71.15934232821868
3189,-22.00841268196495
3190,-52.25207679058056
3191,-14.394542978375911
3192,-78.86271758038261
3193,-2.8049724768715008
3194,38.86326095523426
3195,-34.50282551558317
3196,56.77811859077623
3197,-74.34787402528052
3198,-1.186233851546335
3199,-79.09650072477135
3200,-30.569367176408388
3201,62.87003140712055
3202,66.90336896566654
3203,-64.86337690366175
3204,-77.97665798409565
3205,-79.09650072477135
3206,-28.70845434404363
3207,-3.393843412038658
3208,-7.892534612399643
3209,-28.670391968659818
3210,-79.98825289021978
3211,0.2201754005828887
3212,-68.73235146591651
3213,30.00939711521353
3214,-64.09977108556922
3215,-21.451979223639643
3216,-76.98607593181445
3217,67.01639595063536
3218,-64.50053331196855
3219,-10.24759496793986
3220,66.4054279079668
3221,3.610257596124151
3222,-24.57063290284008
3223,-62.93245141476824
3224,-59.80584730723805
3225,-75.50576283001581
3226,-64.25780322458736
3227,-85.8026493467239
3228,-58.54876623828607
3229,-5.084111305942077
3230,-62.93245141476824
3231,-6.802073578803352
3232,62.87003140712055
3233,-67.18876992765615
3234,-59.62044606622064
3235,-63.7913953232986
3236,-75.91312967730518
3237,-10.459815704071826
3238,68.71403908362409
3239,-64.51681706551493
3240,-7.947262874357667
3241,-60.1031075716845
3242,-62.80273256144149
3243,76.78134403953577
3244,-4.063655244329898
3245,-5.502912374278903
3246,-5.502912374278903
3247,-62.79690696867977
3248,56.53772029435115
3249,-4.960602015990764
3250,57.61797200190318
3251,-8.927578267452656
3252,-78.75499038238114
3253,-66.3583277227871
3254,60.49936498504813
3255,-57.1874244716138
3256,-58.93847908856554
3257,-0.1894039812786427
3258,-7.947262874357667
3259,-60.25548958541298
3260,-6.055718259598109
3261,-81.89241119023572
3262,-32.048551865787594
3263,69.32351588921496
3264,-8.98733145838391
3265,-28.226807465447383
3266,60.20260594257631
3267,-76.51420917424129
3268,-39.53642504275329
3269,-3.442556830092503
3270,-33.36162628072842
3271,-34.011595541802016
3272,-34.15699825293984
3273,30.75906199187803
3274,-7.7161044348235
3275,-75.17606054616301
3276,-60.017018539944
3277,-67.58218747682238
3278,-16.145754171911705
3279,-28.73272434140371
3280,30.99592750607197
3281,60.20260594257631
3282,-4.0201864952932
3283,34.5999536502147
3284,-9.71526324402157
3285,-77.46586060147413
3286,-34.4199803381088
3287,-10.29854181420667
3288,-8.51272146935187
3289,-59.62713703008551
3290,40.20926821920844
3291,-8.213120383275209
3292,-80.42045993164896
3293,-72.0188013030869
3294,-38.42410885497485
3295,-78.75499038238114
3296,-10.36880766316073
3297,-79.3672881925357
3298,-61.13325786798181
3299,-76.72506073726208
3300,-54.24541308075151
3301,61.27420133580973
3302,60.7122623074242
3303,-8.927578267452656
3304,-55.76102585794352
3305,-24.467882671723164
3306,1.4723753931189871
3307,-14.47265409361634
3308,65.43514770215648
3309,-74.33073059205078
3310,-10.126100933753229
3311,-90.72734175128018
3312,-27.499781766327963
3313,61.42158736727868
3314,-73.32375568296283
3315,-0.1294580338849362
3316,-65.22308604654253
3317,-79.43255988866233
3318,36.212524724435525
3319,-4.7392790843927575
3320,-81.9355494744931
3321,58.859179867965096
3322,-0.1915441286580259
3323,45.39381140978636
3324,-22.52744065962958
3325,-73.39957796624645
3326,-79.92480399106911
3327,-30.80514220287544
3328,-3.097630453725114
3329,-72.68993590173311
3330,-79.8464826964499
3331,-76.46161381010397
3332,-77.46586060147413
3333,6.487336368200542
3334,-74.51628176164536
3335,57.61797200190318
3336,-40.16795233983664
3337,-4.697305584081793
3338,-2.948149435908766
3339,-3.129605134334531
3340,-0.1974820658726486
3341,64.32859372024646
3342,-63.73619495128504
3343,2.7693786734730548
3344,-27.101696686241947
3345,-60.90633852709901
3346,-4.126597446930845
3347,-83.19784164926064
3348,63.85452002444215
3349,-60.33498911267615
3350,34.73045409312139
3351,-14.297201392208772
3352,-59.65330302683903
3353,-9.71526324402157
3354,-6.498629965576441
3355,-67.58218747682238
3356,-72.0188013030869
3357,45.11586117122715
3358,-71.16066524775644
3359,32.80137355060964
3360,-74.75224676588087
3361,-13.777752319123746
3362,-36.96824005545605
3363,64.46406618790724
3364,-22.300038750272662
3365,-5.50756128406173
3366,67.84137601070023
3367,-25.464880120273413
3368,-2.626888482546546
3369,-80.83007966273934
3370,-33.36162628072842
3371,37.18066940367819
3372,-72.74179327789916
3373,-11.650206037731571
3374,-36.77094419826237
3375,-5.070325290424319
3376,65.43514770215648
3377,-82.12985254397174
3378,-65.82722516146443
3379,-34.034105877315326
3380,32.80137355060964
3381,-79.81539931435225
3382,-36.12657000914922
3383,-16.145754171911705
3384,-6.517427140796392
3385,64.98289897267836
3386,-67.96215977794527
3387,66.0920921786742
3388,47.19111266533399
3389,-80.83007966273934
3390,67.46533582188526
3391,58.48336135066023
3392,-3.750474655971259
3393,-66.90008324142386
3394,62.905642349456144
3395,-64.25780322458736
3396,-77.46586060147413
3397,-5.084111305942077
3398,64.58398952627893
3399,55.18918980072944
3400,-58.706169471135965
3401,34.962578100017126
3402,-79.98825289021978
3403,-23.625326926441183
3404,-70.12241458845001
3405,-27.677348735839413
3406,-80.83007966273934
3407,-79.8464826964499
3408,-6.093315064661576
3409,31.729921064798653
3410,-59.62044606622064
3411,-75.58492471974806
3412,43.413064953570206
3413,-5.062417993096867
3414,39.2137741408194
3415,-18.138060598202014
3416,46.40440425925344
3417,-5.084111305942077
3418,-7.641591100445261
3419,-1.7190907315982944
3420,-75.73342042538205
3421,-63.778671463824885
3422,42.824822107949984
3423,31.24694305581717
3424,-6.055718259598109
3425,-82.56613092437777
3426,-8.341884152160203
3427,-63.73619495128504
3428,-77.97665798409565
3429,59.53849412644497
3430,62.769416961940784
3431,-53.2011404629882
3432,-10.29854181420667
3433,-8.448755824119962
3434,-13.777752319123746
3435,59.28048476707497
3436,-63.59656743850656
3437,-24.47332771230517
3438,37.24038621217103
3439,35.189156159070805
3440,-3.129605134334531
3441,-83.19784164926064
3442,48.71675551506077
3443,44.991331845322975
3444,-65.11321349828253
3445,66.76543750924091
3446,66.55819758303974
3447,-60.81743979590353
3448,-58.43866894657638
3449,-80.8333408785335
3450,-14.051424596619547
3451,-85.8026493467239
3452,-79.8464826964499
3453,-34.108037750115265
3454,-80.83007966273934
3455,-62.43378111594676
3456,-34.4199803381088
3457,-12.293391083578909
3458,32.224446636642554
3459,-76.59359179744814
3460,43.4912357218112
3461,-3.86258073276289
3462,-32.545110749593405
3463,-28.73272434140371
3464,-10.04256784275915
3465,-79.8464826964499
3466,-77.33509845486711
3467,35.16759357247908
3468,68.2457343329377
3469,-59.3053218963768
3470,-51.91190783617598
3471,-36.77094419826237
3472,-24.84246457414829
3473,62.00190065239156
3474,-8.288895076263115
3475,60.20260594257631
3476,-28.670391968659818
3477,34.73045409312139
3478,-12.594411911676149
3479,-62.80273256144149
3480,-4.0201864952932
3481,-11.923597088207853
3482,45.288170624067504
3483,-81.9355494744931
3484,66.90529976153624
3485,61.99304927746512
3486,-67.58218747682238
3487,-30.9482304549166
3488,1.996991831017408
3489,-3.189267489078034
3490,43.29320669618474
3491,-15.066494736630943
3492,-61.061733269503456
3493,-64.25780322458736
3494,-34.034105877315326
3495,-30.45403500232857
3496,-14.28093211120588
3497,-66.90008324142386
3498,-55.31815779724602
3499,59.48433466014458
3500,39.2137741408194
3501,-8.519519046991658
3502,45.14241308056427
3503,-65.66334484692953
3504,-5.124512053384539
3505,-71.76508956102056
3506,69.65078204894448
3507,-6.397233432996801
3508,-55.73155286001289
3509,-1.9032076019952635
3510,0.0287878804557379
3511,-73.27639846976885
3512,64.88537737450743
3513,38.23438504071611
3514,64.83138271314488
3515,-73.57883482652693
3516,-8.190735556773141
3517,33.40324819588004
3518,-14.28093211120588
3519,72.92538255643261
3520,-74.76580057362114
3521,58.11769804278596
3522,-13.88036674653454
3523,-61.85325056259275
3524,-4.995106181460914
3525,-7.051097794552415
3526,-75.74610925707451
3527,-18.138060598202014
3528,-26.50969029268936
3529,-60.84933851108988
3530,-34.011595541802016
3531,-29.00421854084898
3532,-24.467882671723164
3533,-60.585239732641774
3534,-5.413657180566218
3535,62.47912729179751
3536,-1.538031592258021
3537,5.162876241890167
3538,-59.10731279359408
3539,62.769416961940784
3540,49.16950788267545
3541,-86.46687945641392
3542,-34.961825523906924
3543,-28.351639464167544
3544,66.55819758303974
3545,-9.514999599422309
3546,-22.3175290787337
3547,-21.30328110830221
3548,30.00939711521353
3549,3.8783875362237534
3550,-62.13763278514877
3551,-65.82722516146443
3552,45.11586117122715
3553,-59.542301316446384
3554,64.34794714330006
3555,-8.288895076263115
3556,-30.569367176408388
3557,-80.55529962950835
3558,61.99304927746512
3559,62.56418952481128
3560,-8.98733145838391
3561,-26.805192069921464
3562,-63.73619495128504
3563,-3.8224899971469206
3564,-4.995106181460914
3565,-76.71269493279675
3566,-10.126100933753229
3567,-63.73619495128504
3568,-27.101696686241947
3569,-10.399148227631718
3570,-78.36269631056861
3571,-75.88661830971004
3572,38.23438504071611
3573,66.76543750924091
3574,-56.6935613983046
3575,-72.68993590173311
3576,71.08813894437665
3577,35.99263013556717
3578,-74.3366045504824
3579,57.50887592910954
3580,-5.182817095597496
3581,-10.36880766316073
3582,-75.69135710666697
3583,-74.76580057362114
3584,35.189156159070805
3585,-8.213120383275209
3586,-73.67901138829836
3587,-55.76102585794352
3588,-74.0176463109414
3589,-33.00946443824379
3590,-66.61539951559632
3591,-56.90620984332024
3592,-60.8930629155062
3593,-75.2037436359602
3594,66.26569058595095
3595,-3.9415952962773098
3596,-75.69135710666697
3597,-31.239766229270675
3598,61.42158736727868
3599,44.12783917691328
3600,-7.411646018422732
3601,-76.92345475217228
3602,42.55716598884106
3603,-65.22308604654253
3604,60.24478758000462
3605,-6.722958960350702
3606,63.68830122977185
3607,-64.09977108556922
3608,-27.156941571764165
3609,-5.852951040198668
3610,67.63663768818742
3611,71.28444412341787
3612,63.62990479880175
3613,-60.8930629155062
3614,-5.843856715243101
3615,-63.7078549184488
3616,-16.145754171911705
3617,-6.517427140796392
3618,-57.64723545768358
3619,-60.017018539944
3620,-10.29854181420667
3621,-2.2455814473636786
3622,53.06483698105899
3623,38.93814000350265
3624,-76.72506073726208
3625,-8.542440552474396
3626,42.6078234203484
3627,58.45407009955258
3628,-29.381086062385226
3629,-27.292913520039647
3630,38.16319612708517
3631,-60.60640916721927
3632,-33.36162628072842
3633,-66.43624627266115
3634,-3.504577752258786
3635,-8.599837226539279
3636,-12.340242166072857
3637,-60.82755490019999
3638,-7.628063547753013
3639,-58.93303249149708
3640,-62.8690887612854
3641,-4.831528261977854
3642,-60.69829642682484
3643,-73.18766327035081
3644,-74.10943440590636
3645,-5.345047098080061
3646,-13.620315506216672
3647,0.3012770747284836
3648,-35.56650248832243
3649,-58.37257548732562
3650,60.7122623074242
3651,41.60295258592093
3652,-2.209609656217164
3653,-82.56613092437777
3654,-7.142970059432155
3655,62.769416961940784
3656,-5.852544515268377
3657,38.85588685279427
3658,-3.129605134334531
3659,-9.984333173073406
3660,-4.010209426253867
3661,-25.485487041028577
3662,-27.499781766327963
3663,-27.14829141465627
3664,-0.9753276584797708
3665,-75.78674111309918
3666,-13.777752319123746
3667,-3.442556830092503
3668,-25.708069910499063
3669,-79.94651622585866
3670,-9.559786150804296
3671,-5.484931645499574
3672,-9.559786150804296
3673,-70.12241458845001
3674,37.454203363993656
3675,-62.13763278514877
3676,61.10271822883762
3677,-3.526103595247734
3678,-5.997925082891175
3679,34.36300653197664
3680,-39.0336247653422
3681,-25.708069910499063
3682,45.288170624067504
3683,30.2923043359762
3684,-6.354391626806095
3685,-76.6571051443836
3686,-59.65330302683903
3687,36.3611728433874
3688,37.45845159174267
3689,44.82185190038047
3690,64.30988042298449
3691,-3.264944013981394
3692,-26.50969029268936
3693,-58.70707905484534
3694,46.93198106222368
3695,-8.190735556773141
3696,63.96549434354404
3697,45.11586117122715
3698,-71.34772203053198
3699,-83.45019946757382
3700,-79.3672881925357
3701,-79.43255988866233
3702,-7.641591100445261
3703,-34.15699825293984
3704,43.49949822740554
3705,63.96549434354404
3706,-36.2758081283595
3707,-68.35767207470295
3708,-36.77094419826237
3709,58.11769804278596
3710,2.7693786734730548
3711,-21.38424392468283
3712,-11.741098081767143
3713,-5.491274062675046
3714,-72.59584414130984
3715,-39.53642504275329
3716,36.20749493975741
3717,-71.39615865928734
3718,-2.4860054902618867
3719,-82.56613092437777
3720,-64.47496080892128
3721,65.22136663587432
3722,62.769416961940784
3723,62.460663120075886
3724,-27.677348735839413
3725,-84.85398645386611
3726,-52.67483573074156
3727,-82.29181039351076
3728,40.934675003660665
3729,-73.59244703606882
3730,4.538063939600135
3731,-27.89966203012536
3732,65.91894970468546
3733,42.40665409892857
3734,-73.32375568296283
3735,-1.6452773355054342
3736,-79.89815472766894
3737,-7.436117279454471
3738,38.85230832761208
3739,-63.778671463824885
3740,38.86326095523426
3741,-64.70590701559345
3742,-83.73732396075408
3743,57.50887592910954
3744,-69.86469959366346
3745,-30.01907889184461
3746,-3.66364697249501
3747,-62.201520427155856
3748,34.48033523746166
3749,-54.31699889396055
3750,63.42353854109431
3751,37.69350355383372
3752,-66.61539951559632
3753,-20.37416043221047
3754,-61.9338826353747
3755,70.1090724805045
3756,65.19299794393689
3757,-78.1841296905076
3758,-22.069392517656443
3759,-79.98825289021978
3760,-2.198358733067095
3761,-77.7541148605768
3762,-10.126100933753229
3763,-64.51681706551493
3764,-4.697305584081793
3765,-77.46586060147413
3766,-1.6250500415380351
3767,2.861319868064532
3768,-16.145754171911705
3769,30.00939711521353
3770,0.359295525811302
3771,-66.3583277227871
3772,41.38819019484795
3773,44.54056663444553
3774,-16.29393052462727
3775,-34.4199803381088
3776,62.08778723879593
3777,-72.59670387177013
3778,57.61797200190318
3779,-80.83007966273934
3780,-0.5161154663726625
3781,-78.91603789432844
3782,-75.23316654097447
3783,-6.454973716278396
3784,-23.625326926441183
3785,-64.60357040283674
3786,-24.97920135807292
3787,73.40376472697585
3788,27.958872994271264
3789,43.743447283397394
3790,38.86326095523426
3791,-12.868607775443614
3792,-36.96824005545605
3793,-76.6571051443836
3794,-56.65109182768018
3795,-7.180092237569268
3796,39.39891851617509
3797,-33.46394993955349
3798,-32.07612514483522
3799,57.61797200190318
3800,-8.288895076263115
3801,71.26424878915881
3802,70.6342789633165
3803,-7.892534612399643
3804,-9.984333173073406
3805,-12.868607775443614
3806,27.958872994271264
3807,-63.81172709717542
3808,33.7393610762814
3809,-59.62044606622064
3810,-58.54775858488907
3811,-36.2758081283595
3812,42.824822107949984
3813,-67.18876992765615
3814,-6.955369051838711
3815,-28.351639464167544
3816,-27.599417670912025
3817,45.55581721133761
3818,40.9418556695067
3819,39.933253475596416
3820,-8.109437864422226
3821,-3.502242878548775
3822,-4.259642491043687
3823,0.028536837240244
3824,-29.00421854084898
3825,-82.29181039351076
3826,-6.319247804711807
3827,-3.10538190885
3828,42.51220879066448
3829,59.16886003056626
3830,71.28444412341787
3831,-21.504819439122205
3832,-22.220252237268
3833,66.49043270551272
3834,67.6445847380114
3835,-63.73619495128504
3836,-4.697305584081793
3837,-71.34772203053198
3838,-70.62484608413543
3839,35.99263013556717
3840,-18.47670311992696
3841,64.46410299211166
3842,60.20260594257631
3843,-3.504577752258786
3844,-22.069392517656443
3845,-6.999543016538896
3846,-73.46751975739427
3847,-23.625326926441183
3848,-10.499692526977205
3849,-6.955369051838711
3850,43.19281402397368
3851,-22.50878832128548
3852,-63.36907741166236
3853,-60.017018539944
3854,59.16886003056626
3855,70.13683144928149
3856,37.20307785503421
3857,54.1348973837963
3858,-60.3272273969871
3859,59.48433466014458
3860,62.04621581307392
3861,-25.464880120273413
3862,-26.863861932651
3863,-33.524187114233655
3864,64.16298208948538
3865,68.19458719648264
3866,-61.9338826353747
3867,-66.3583277227871
3868,-82.12985254397174
3869,49.16950788267545
3870,-27.011581811952663
3871,-4.198947071945365
3872,-64.93981175300867
3873,66.93372310335546
3874,-33.524187114233655
3875,64.39649555638935
3876,-29.051262640604588
3877,-7.892534612399643
3878,-77.41580516258739
3879,-4.697305584081793
3880,-60.60640916721927
3881,-15.248961517063425
3882,-2.992166820598652
3883,-65.61101857287642
3884,-9.514999599422309
3885,-81.81036360955962
3886,44.56662061094379
3887,-6.955369051838711
3888,36.20749493975741
3889,-31.239766229270675
3890,-60.69829642682484
3891,67.87482575053168
3892,-1.1436855613189207
3893,-28.33443581270879
3894,-8.190735556773141
3895,70.13683144928149
3896,35.172844910079306
3897,-34.011595541802016
3898,-5.084111305942077
3899,-72.61257309065596
3900,-14.47265409361634
3901,27.958872994271264
3902,39.32673995445733
3903,-8.190735556773141
3904,66.83167150882689
3905,-78.75499038238114
3906,-70.57470369714581
3907,-24.467882671723164
3908,-60.31126849119848
3909,-3.0801356463733702
3910,-65.48576693690033
3911,-4.218640061252684
3912,-12.868607775443614
3913,-78.67017913413399
3914,-64.26212032283553
3915,-70.55925164323698
3916,-60.3272273969871
3917,-3.899841586512202
3918,-0.0818474085838385
3919,63.68830122977185
3920,44.19746122827341
3921,-67.58218747682238
3922,-34.961825523906924
3923,70.45044310473506
3924,-82.56613092437777
3925,-81.87641651707969
3926,-3.9415952962773098
3927,-76.6571051443836
3928,-40.16795233983664
3929,-3.406149727309844
3930,-5.278579480432934
3931,-55.713083809697615
3932,69.89502254517598
3933,-10.36880766316073
3934,-73.46751975739427
3935,-64.51681706551493
3936,-74.46966181788252
3937,-62.201520427155856
3938,-62.8690887612854
3939,-72.59670387177013
3940,-11.650206037731571
3941,-64.70590701559345
3942,-6.397233432996801
3943,-60.69829642682484
3944,-75.93047836570257
3945,63.68830122977185
3946,-63.778671463824885
3947,-1.05712895147928
3948,-74.33073059205078
3949,-10.459815704071826
3950,-4.416691567772768
3951,-5.997925082891175
3952,-6.055718259598109
3953,67.63663768818742
3954,36.212524724435525
3955,57.50887592910954
3956,-56.2029612054634
3957,-8.71205168346751
3958,58.11769804278596
3959,-37.19734229366193
3960,-4.697305584081793
3961,-3.5012745776014587
3962,62.47912729179751
3963,-64.00091715554736
3964,0.4364475507930629
3965,-16.145754171911705
3966,-75.83627084828323
3967,-27.44314878368376
3968,-23.16179381478813
3969,-5.997925082891175
3970,-82.23283449294266
3971,-37.19734229366193
3972,-13.620315506216672
3973,-25.33392347157393
3974,-3.5012745776014587
3975,-16.112306100037046
3976,66.4054279079668
3977,-1.5583321885138846
3978,-73.23258938946731
3979,70.90586722711079
3980,-57.428045153409016
3981,-13.620315506216672
3982,-82.56613092437777
3983,38.23438504071611
3984,-72.0188013030869
3985,1.13656457763958
3986,-66.90008324142386
3987,-73.23258938946731
3988,-64.92834957137542
3989,-75.64688768076394
3990,70.17957034049272
3991,62.78072249099435
3992,-73.32375568296283
3993,67.29276579287577
3994,-10.23549965086282
3995,-6.055718259598109
3996,64.58991016520804
3997,-74.51628176164536
3998,65.43514770215648
3999,-77.23030910195143
4000,-13.160158739224885
4001,41.33170082782818
4002,-85.57682747282634
4003,56.53772029435115
4004,-7.439706060733503
4005,-61.36198911634673
4006,-27.827142738071025
4007,-57.56592060738078
4008,-5.694034429819904
4009,62.04621336596509
4010,66.83167150882689
4011,37.454203363993656
4012,-25.73093906612946
4013,-32.07612514483522
4014,64.47731570100679
4015,-59.99181251485376
4016,33.7393610762814
4017,44.786810073178685
4018,48.233886421651405
4019,-10.868623723266357
4020,-3.264944013981394
4021,-16.46111313047877
4022,40.22987265395766
4023,-61.13325786798181
4024,62.04621581307392
4025,56.53772029435115
4026,-18.587294195329896
4027,-25.464880120273413
4028,-81.5243472298706
4029,44.62346842837773
4030,-66.43624627266115
4031,64.46410299211166
4032,-35.87632597351819
4033,29.658849194437693
4034,67.84137601070023
4035,37.3951569730318
4036,63.42353854109431
4037,34.48033523746166
4038,-79.89815472766894
4039,-65.22308604654253
4040,62.769416961940784
4041,-78.35808350864397
4042,-64.00091715554736
4043,39.69534876157315
4044,-6.055718259598109
4045,-1.1972187789554218
4046,48.487620848725854
4047,-77.97665798409565
4048,37.69055401764654
4049,-71.87585149879979
4050,-5.264926602604887
4051,-77.2895929455521
4052,-64.25780322458736
4053,-32.545110749593405
4054,31.46488391816738
4055,-75.99121455229381
4056,-1.1481831915885028
4057,39.47919628053101
4058,-12.293391083578909
4059,-8.215219185513519
4060,-0.8520090109075724
4061,-7.867045667081996
4062,-82.56613092437777
4063,-79.98825289021978
4064,-83.73732396075408
4065,-3.504577752258786
4066,60.49936498504813
4067,68.48910196841196
4068,-76.5306985046769
4069,-7.142970059432155
4070,62.460663120075886
4071,-80.42045993164896
4072,-2.5838076168008053
4073,-22.072484269738265
4074,-4.814401579082502
4075,35.172844910079306
4076,35.532311393054464
4077,-25.384034071561885
4078,-77.85002054858391
4079,-6.722958960350702
4080,-83.47475390660964
4081,-56.48663001267488
4082,-79.81539931435225
4083,-79.43255988866233
4084,-60.03471817328921
4085,-65.11321349828253
4086,-5.182817095597496
4087,-64.69040222290991
4088,-58.93847908856554
4089,38.07050130517589
4090,-25.76374555303739
4091,-10.616005829484957
4092,31.24694305581717
4093,-64.92834957137542
4094,58.37936560988653
4095,44.43632053234845
4096,-11.136083968296436
4097,-8.469347467472549
4098,-75.86291718652222
4099,-72.97019654866001
4100,-58.161514524768606
4101,76.11108948054877
4102,-75.99121455229381
4103,-1.05712895147928
4104,-77.68258318604742
4105,43.91792978118393
4106,-77.44192557660678
4107,-0.9918870944500666
4108,-73.27430883557611
4109,-27.14829141465627
4110,35.570177084748465
4111,-73.29965937644094
4112,-75.58492471974806
4113,-79.89815472766894
4114,-64.92834957137542
4115,-77.41580516258739
4116,-1.4124784820953664
4117,0.6591032242812163
4118,43.19281402397368
4119,-80.25701390875444
4120,-8.833264061944954
4121,62.78072249099435
4122,-12.594411911676149
4123,-54.28921428066376
4124,-65.48576693690033
4125,-6.093315064661576
4126,-61.50550808741056
4127,-2.886273840732354
4128,-54.28921428066376
4129,-3.6845747808950007
4130,-16.29393052462727
4131,-21.071884303751684
4132,-69.96536604248936
4133,33.40324819588004
4134,-3.899841586512202
4135,-0.1894039812786427
4136,-76.13533082581142
4137,-25.384034071561885
4138,40.550349357271
4139,-2.992166820598652
4140,62.05784335239948
4141,-61.95474071926181
4142,-79.81539931435225
4143,-5.852544515268377
4144,66.4054279079668
4145,-3.9415952962773098
4146,64.88537737450743
4147,-32.07612514483522
4148,0.028536837240244
4149,67.64985300027372
4150,-31.56608099718329
4151,3.018030476411393
4152,65.43514770215648
4153,-6.087279176550291
4154,-79.8464826964499
4155,-11.136083968296436
4156,-59.15159492022382
4157,65.19299794393689
4158,-6.055718259598109
4159,-19.15313142824641
4160,-29.284438197802466
4161,-78.06316420307024
4162,66.46781194882476
4163,-65.20211094727803
4164,-76.51420917424129
4165,-14.47265409361634
4166,63.62990479880175
4167,49.68973435047762
4168,-62.8157852452188
4169,35.92851043543686
4170,3.9027128588945104
4171,-2.551426339181991
4172,-30.01907889184461
4173,-0.8185722503743333
4174,-29.168486818257826
4175,-59.10731279359408
4176,66.00175124048818
4177,57.61797200190318
4178,40.679371069480894
4179,34.871628058930554
4180,66.76543750924091
4181,34.48033523746166
4182,-7.947262874357667
4183,-6.319247804711807
4184,33.40324819588004
4185,27.958872994271264
4186,-56.443349554257935
4187,-83.73732396075408
4188,-57.1874244716138
4189,-6.559525517946046
4190,27.958872994271264
4191,-77.03562654487168
4192,-0.470742849174151
4193,-7.466580642466821
4194,66.3166820858804
4195,71.94700798235415
4196,-8.533084586158568
4197,-6.106913734692961
4198,-12.594411911676149
4199,-2.4191070140719573
4200,66.83167150882689
4201,-8.11791095665524
4202,65.64076297507685
4203,-77.41580516258739
4204,-79.26878155597595
4205,66.55819758303974
4206,-65.61101857287642
4207,-77.88523788163795
4208,-24.97920135807292
4209,34.48033523746166
4210,-2.209609656217164
4211,-14.051424596619547
4212,-2.574346622273989
4213,-0.1294580338849362
4214,-61.50550808741056
4215,-56.2029612054634
4216,-55.73155286001289
4217,-6.430561786556229
4218,-6.468044996985288
4219,41.0800197579822
4220,42.35287899467765
4221,32.20494629835075
4222,-75.64688768076394
4223,-14.47265409361634
4224,58.37936560988653
4225,-1.7606183174133037
4226,-60.25548958541298
4227,-12.594411911676149
4228,-79.94651622585866
4229,-7.947262874357667
4230,66.55819758303974
4231,-27.197043125441365
4232,-85.8026493467239
4233,-13.620315506216672
4234,-3.502242878548775
4235,-82.28420833410908
4236,-23.81470260817838
4237,-65.22308604654253
4238,-27.197043125441365
4239,37.88968509088884
4240,-1.7108048962470406
4241,-33.30377129530146
4242,-65.30607695361388
4243,-23.81470260817838
4244,-62.13763278514877
4245,62.87003140712055
4246,-30.80514220287544
4247,-10.459815704071826
4248,-36.2758081283595
4249,-7.556333956289079
4250,0.0287878804557379
4251,-20.17440702560544
4252,66.83167150882689
4253,38.33264527256453
4254,-72.0188013030869
4255,-72.77643218563222
4256,-26.536553170640005
4257,-82.12985254397174
4258,-34.15699825293984
4259,42.45243108334712
4260,66.23826639602186
4261,-9.183519326795649
4262,-3.2109032197723906
4263,-71.77454098404124
4264,67.93025383332056
4265,-8.190735556773141
4266,67.92158980274081
4267,-61.13325786798181
4268,42.40665409892857
4269,-11.994829868024173
4270,-27.2793922295728
4271,42.84273257513232
4272,-78.35808350864397
4273,59.28048476707497
4274,40.65868725558954
4275,42.40665409892857
4276,-11.63140299397192
4277,41.54277277255167
4278,-9.514999599422309
4279,-78.8688082293693
4280,-74.33073059205078
4281,66.4054279079668
4282,67.93025383332056
4283,74.7268183291798
4284,-3.3046459576828093
4285,-6.241213598763575
4286,-29.183865995795912
4287,-4.190949852771148
4288,-58.22711111172664
4289,35.28018208126228
4290,-68.17784370154793
4291,42.40665409892857
4292,-73.67901138829836
4293,-3.3278407461267534
4294,-61.33049555533153
4295,-1.1436855613189207
4296,1.13656457763958
4297,-55.76102585794352
4298,-59.73461733915525
4299,-73.81324883461555
4300,-30.9482304549166
4301,65.22136663587432
4302,-73.27639846976885
4303,33.7393610762814
4304,63.85452002444215
4305,-6.055718259598109
4306,-6.241213598763575
4307,-11.789901745604311
4308,-79.00875160222058
4309,-70.39150446397035
4310,-11.769136568911255
4311,-28.09420489529932
4312,-81.5243472298706
4313,-80.83007966273934
4314,-2.209609656217164
4315,-83.47475390660964
4316,-56.972067924471126
4317,-61.36198911634673
4318,-57.22027240754161
4319,-11.994829868024173
4320,45.18946389088487
4321,-82.29181039351076
4322,-22.64571559848652
4323,-30.506671952690176
4324,-65.66334484692953
4325,37.86368431296831
4326,-58.837680885572695
4327,30.2923043359762
4328,-9.393691254854454
4329,-11.399369045411031
4330,70.79129246848022
4331,-70.29711050108979
4332,65.07928516788768
4333,-72.68993590173311
4334,-72.24825053332665
4335,58.11769804278596
4336,-73.46751975739427
4337,-73.27639846976885
4338,4.359411043284929
4339,-3.5756587145748195
4340,-73.06451297513291
4341,66.19756430689074
4342,67.87482575053168
4343,-39.53642504275329
4344,-5.906461738242929
4345,64.59853306100433
4346,-10.797432402198972
4347,-0.1974820658726486
4348,-2.992166820598652
4349,0.0604853172226889
4350,-6.973530909946968
4351,-6.451495283453982
4352,-79.26878155597595
4353,43.10619369160138
4354,-77.04196841406682
4355,40.82064358969004
4356,30.00939711521353
4357,0.717620980313898
4358,-71.34772203053198
4359,32.36689164115301
4360,39.933253475596416
4361,34.48033523746166
4362,-3.504577752258786
4363,-61.50550808741056
4364,41.33170082782818
4365,64.46410299211166
4366,-22.264397339158577
4367,58.48336135066023
4368,-68.3064686158652
4369,-80.03693734275096
4370,39.9886205658133
4371,-80.83007966273934
4372,64.13653227314548
4373,32.5086971789673
4374,-6.999543016538896
4375,64.88537737450743
4376,39.11313231812741
4377,40.65868725558954
4378,-6.090497539031022
4379,-11.136083968296436
4380,42.471070363724586
4381,66.55819758303974
4382,-3.0801356463733702
4383,-12.379470248681288
4384,27.958872994271264
4385,-7.929648302000936
4386,-62.93245141476824
4387,39.32673995445733
4388,-34.4199803381088
4389,-61.91317126993742
4390,38.23438504071611
4391,-67.58218747682238
4392,-56.36648237828855
4393,-76.71269493279675
4394,-64.51681706551493
4395,-74.33073059205078
4396,62.78072249099435
4397,-64.92834957137542
4398,-79.89815472766894
4399,-77.30771695821223
4400,-77.41580516258739
4401,32.80137355060964
4402,-29.73439272509296
4403,-79.3672881925357
4404,-11.63140299397192
4405,43.743447283397394
4406,0.0287878804557379
4407,-81.5243472298706
4408,-77.77519170297433
4409,35.20095942302454
4410,-3.80135872842238
4411,-83.47475390660964
4412,-65.61101857287642
4413,-2.209609656217164
4414,-39.0336247653422
4415,-11.44473419157183
4416,-12.087360880032213
4417,62.57092991305799
4418,-35.56650248832243
4419,65.2158379638997
4420,40.12925902546449
4421,32.36689164115301
4422,-9.321308969126555
4423,-67.58218747682238
4424,-7.867045667081996
4425,71.88326199662426
4426,-60.41763664707171
4427,63.72406038611528
4428,-85.8026493467239
4429,37.665093464738135
4430,39.39891851617509
4431,30.99592750607197
4432,-60.585239732641774
4433,-27.101696686241947
4434,37.69055401764654
4435,40.550349357271
4436,43.91792978118393
4437,64.30988042298449
4438,-58.70707905484534
4439,-65.11321349828253
4440,-59.65330302683903
4441,-18.393182683592737
4442,62.460663120075886
4443,-33.30377129530146
4444,-5.870601968711128
4445,-12.807690919072966
4446,-7.803702999426155
4447,-83.19784164926064
4448,-75.54817428820235
4449,30.2923043359762
4450,78.66978154952452
4451,-78.57302814193648
4452,56.53772029435115
4453,-19.909324155008576
4454,-70.12241458845001
4455,48.487620848725854
4456,47.43134052026876
4457,71.80159055444263
4458,-8.341884152160203
4459,-5.63568606632575
4460,-63.79396865500155
4461,-29.20380116170861
4462,-3.65861716578336
4463,65.55395749010721
4464,-64.09977108556922
4465,62.04621336596509
4466,42.318304491605005
4467,75.87597618451358
4468,33.40324819588004
4469,-29.092204050948627
4470,-27.101696686241947
4471,-11.136083968296436
4472,63.06049698751726
4473,-73.85006111025726
4474,43.76934561960742
4475,42.5153596362465
4476,62.57092991305799
4477,44.29388156373745
4478,-6.241213598763575
4479,75.87597618451358
4480,-56.659087766897855
4481,-60.69829642682484
4482,-10.34667761614226
4483,67.87482575053168
4484,57.50887592910954
4485,-27.02415287776304
4486,2.159542502418088
4487,-58.75373768459821
4488,-9.514999599422309
4489,-75.36063152359952
4490,65.19299794393689
4491,-86.46687945641392
4492,-80.03693734275096
4493,-59.542301316446384
4494,-76.7581523764255
4495,42.135048835275256
4496,-13.248861260517636
4497,-70.39150446397035
4498,-10.36880766316073
4499,-30.669810777995146
4500,-37.61970903207244
4501,-3.502242878548775
4502,-65.82722516146443
4503,-24.364505352331168
4504,-30.9482304549166
4505,43.8709831192234
4506,-60.64771800925249
4507,66.26569058595095
4508,-14.28093211120588
4509,42.59097108156732
4510,58.51857193315966
4511,-67.58218747682238
4512,-8.1123695513403
4513,-32.07612514483522
4514,-59.23367641269842
4515,-10.868623723266357
4516,-6.414334205617422
4517,45.39381140978636
4518,-69.48561188685629
4519,45.10627268703269
4520,1.7187367335348966
4521,64.47731570100679
4522,-6.498629965576441
4523,-16.46111313047877
4524,-76.71269493279675
4525,64.73757241818981
4526,-74.10855217335757
4527,-68.17784370154793
4528,-62.43378111594676
4529,-7.140149528424683
4530,-72.59670387177013
4531,64.44017968343402
4532,-76.55573625033261
4533,41.47182916523752
4534,-60.63830439406907
4535,-81.87641651707969
4536,-73.27639846976885
4537,65.07928516788768
4538,-72.45146956349885
4539,-5.259046426093462
4540,-65.61101857287642
4541,-36.77094419826237
4542,45.39381140978636
4543,-33.36162628072842
4544,66.10898732077352
4545,66.00175124048818
4546,64.46410299211166
4547,-81.89241119023572
4548,-74.3366045504824
4549,63.24889925719303
4550,61.23068183936
4551,59.16886003056626
4552,-58.66493546801166
4553,64.59853306100433
4554,-3.546205787517323
4555,-36.2758081283595
4556,39.933253475596416
4557,-22.228176694104445
4558,-9.905750392861522
4559,-77.7541148605768
4560,-62.8690887612854
4561,-9.129534688994024
4562,-25.13661139240796
4563,-6.055718259598109
4564,-4.441615102394776
4565,-11.63140299397192
4566,65.43514770215648
4567,-26.863861932651
4568,-24.308719383448995
4569,38.59800818068476
4570,63.68830122977185
4571,71.90892377721904
4572,-71.34772203053198
4573,68.50900304384771
4574,-80.55529962950835
4575,-74.63312514690823
4576,68.71403908362409
4577,-76.5306985046769
4578,-26.800385834391875
4579,33.40324819588004
4580,-6.309895836133332
4581,-79.89815472766894
4582,-66.3583277227871
4583,38.93814000350265
4584,45.74490409806542
4585,-4.348410341602447
4586,66.49043270551272
4587,-73.32375568296283
4588,64.58398952627893
4589,-79.94651622585866
4590,-65.82722516146443
4591,-27.02415287776304
4592,63.68830122977185
4593,-32.07612514483522
4594,-6.019010599069008
4595,67.93025383332056
4596,42.59097108156732
4597,-5.63568606632575
4598,-1.4124784820953664
4599,-65.82722516146443
4600,-7.929648302000936
4601,-65.82722516146443
4602,0.1661220773505154
4603,-61.0496650769516
4604,-0.6224076658218696
4605,-19.230434225337945
4606,-8.758616324278822
4607,42.35287899467765
4608,-84.85398645386611
4609,-77.04954184814203
4610,-33.46394993955349
4611,41.93332247107406
4612,-5.9893330370954505
4613,33.7393610762814
4614,-13.88036674653454
4615,-4.342306510229184
4616,-61.95474071926181
4617,39.58647218713111
4618,-75.78674111309918
4619,-9.393691254854454
4620,43.4912357218112
4621,42.135048835275256
4622,64.73757241818981
4623,38.85588685279427
4624,-33.524187114233655
4625,-3.613567226784959
4626,0.4364475507930629
4627,-61.69602594497931
4628,-24.71157599357561
4629,-11.741098081767143
4630,3.7016260753737313
4631,-7.556333956289079
4632,-65.8357259968008
4633,-74.56241160108937
4634,-80.13498814838687
4635,-58.28631121112528
4636,1.1843372776589174
4637,36.37760630023255
4638,0.4364475507930629
4639,-70.12241458845001
4640,-56.589156965746405
4641,-3.750474655971259
4642,65.19299794393689
4643,-6.288748138851069
4644,-62.16237822224464
4645,-63.24451012597503
4646,44.420457475376296
4647,71.30193626365069
4648,48.487620848725854
4649,-76.38313196313304
4650,41.85050123128204
4651,-67.58218747682238
4652,67.35612660397305
4653,-4.416691567772768
4654,-11.994829868024173
4655,-81.5243472298706
4656,-6.9300195687649015
4657,64.13653227314548
4658,42.6078234203484
4659,-61.50550808741056
4660,-56.48508382689604
4661,64.73757241818981
4662,-30.9482304549166
4663,-30.506671952690176
4664,39.933253475596416
4665,29.658849194437693
4666,-22.229115123594724
4667,-23.625326926441183
4668,-76.59359179744814
4669,-63.489702340633656
4670,-83.47475390660964
4671,-81.5243472298706
4672,-79.23495668988498
4673,60.20260594257631
4674,-32.07612514483522
4675,-26.44624862672306
4676,-36.96824005545605
4677,60.13357882469904
4678,30.75906199187803
4679,66.23826639602186
4680,62.78072249099435
4681,-59.44113788674503
4682,-1.995832113124448
4683,-10.23549965086282
4684,-58.89858509662955
4685,-62.13763278514877
4686,-6.425681444319205
4687,-39.0336247653422
4688,-0.883933715369869
4689,-19.226992389526043
4690,62.56418952481128
4691,-12.087360880032213
4692,-90.72734175128018
4693,43.76934561960742
4694,-11.883548839167652
4695,-9.321308969126555
4696,30.2923043359762
4697,-8.190735556773141
4698,30.304025245726063
4699,-71.2690464454602
4700,40.32056641562583
4701,42.135048835275256
4702,-63.59656743850656
4703,-73.54052320528159
4704,-70.61655525486881
4705,68.92424759293937
4706,-35.56650248832243
4707,-60.60277872935623
4708,-8.599837226539279
4709,-76.7581523764255
4710,-25.88881821241888
4711,57.85573814496539
4712,-27.44314878368376
4713,-3.406149727309844
4714,66.05348237150808
4715,-7.947262874357667
4716,32.20494629835075
4717,43.29320669618474
4718,-8.215219185513519
4719,-62.77734250903696
4720,-56.165620550391886
4721,59.28048476707497
4722,59.28048476707497
4723,-8.689161627214292
4724,-1.9434400024241685
4725,-18.46048156205672
4726,-6.559525517946046
4727,40.24342096925801
4728,-54.0441327228886
4729,62.460663120075886
4730,-62.77734250903696
4731,-79.81539931435225
4732,-3.264944013981394
4733,-26.25849247430681
4734,-7.892534612399643
4735,-35.47086758002842
4736,-3.526103595247734
4737,-7.43574304437711
4738,35.20095942302454
4739,-39.0336247653422
4740,-71.77454098404124
4741,45.18051088921013
4742,-59.80584730723805
4743,-78.06316420307024
4744,68.92424759293937
4745,-6.430561786556229
4746,-59.80584730723805
4747,-78.54234331147279
4748,-39.0336247653422
4749,66.55249192862946
4750,-83.73732396075408
4751,-14.28093211120588
4752,46.4910683995619
4753,-73.18766327035081
4754,58.11769804278596
4755,-7.513832417839211
4756,-34.034105877315326
4757,-4.739739643678643
4758,-6.451495283453982
4759,35.28018208126228
4760,-25.76374555303739
4761,-34.034105877315326
4762,-83.45019946757382
4763,27.958872994271264
4764,-60.68613026961276
4765,-21.36269694070548
4766,-60.41763664707171
4767,34.98438555454835
4768,-54.574366609266505
4769,-75.88661830971004
4770,-32.800889299289864
4771,30.2923043359762
4772,-4.306418883785192
4773,38.25957094169318
4774,-20.37416043221047
4775,-39.0336247653422
4776,-30.26240739550882
4777,-15.94045954882694
4778,-24.97920135807292
4779,-10.89381168981643
4780,-65.84359682363667
4781,-3.923730876673549
4782,-3.5756587145748195
4783,-6.999543016538896
4784,44.43632053234845
4785,-75.25010199533898
4786,-7.892534612399643
4787,-12.340242166072857
4788,-21.86502603030757
4789,39.9886205658133
4790,-30.9482304549166
4791,53.06483698105899
4792,-74.70979926748213
4793,42.59097108156732
4794,65.07928516788768
4795,1.0290034363532845
4796,-9.183519326795649
4797,32.36689164115301
4798,-84.85398645386611
4799,-10.459815704071826
4800,32.5086971789673
4801,-33.46394993955349
4802,-69.94307509617063
4803,-73.6115274996037
4804,-3.5393244232651044
4805,-2.342801809384273
4806,-24.97920135807292
4807,-71.4373350063427
4808,-22.549845859154743
4809,-63.59656743850656
4810,-2.002987810946081
4811,-30.01907889184461
4812,1.8990462315802472
4813,32.36689164115301
4814,-29.381086062385226
4815,-55.0326915481642
4816,-73.8537433336774
4817,-56.48663001267488
4818,-66.90008324142386
4819,-29.19940202135553
4820,-79.00875160222058
4821,-58.66493546801166
4822,-10.24759496793986
4823,-57.428045153409016
4824,-26.536553170640005
4825,60.24478758000462
4826,62.769416961940784
4827,-64.51681706551493
4828,-26.50969029268936
4829,42.6078234203484
4830,-3.861160593067345
4831,62.47912729179751
4832,-4.190949852771148
4833,64.30988042298449
4834,1.3194862037501331
4835,-8.707419289103248
4836,40.82064358969004
4837,-73.27430883557611
4838,-58.93847908856554
4839,-5.124512053384539
4840,-11.09827887149169
4841,60.37296394509753
4842,-75.33940938388572
4843,-7.574735238350925
4844,-3.264944013981394
4845,41.72453634130594
4846,-55.5562382632617
4847,-1.9834917530892708
4848,47.19111266533399
4849,65.19299794393689
4850,-19.198212993631007
4851,-74.76580057362114
4852,39.39891851617509
4853,-27.1051490213157
4854,60.13357882469904
4855,-2.569222943789911
4856,-24.97920135807292
4857,30.304025245726063
4858,-80.8438733228621
4859,49.68973435047762
4860,-0.8185722503743333
4861,-7.466580642466821
4862,-61.50550808741056
4863,-36.96824005545605
4864,-3.9415952962773098
4865,-65.50015994794904
4866,-56.165620550391886
4867,4.28032622133676
4868,-73.26634814333332
4869,-79.81539931435225
4870,66.83167150882689
4871,-7.574735238350925
4872,-75.64688768076394
4873,30.00939711521353
4874,58.11769804278596
4875,-77.88523788163795
4876,-6.955369051838711
4877,-58.39240025129886
4878,-16.112306100037046
4879,-11.63140299397192
4880,-77.23030910195143
4881,-33.524187114233655
4882,-58.43866894657638
4883,40.65868725558954
4884,-0.1294580338849362
4885,71.03262181577784
4886,-37.61970903207244
4887,-75.69135710666697
4888,-2.002987810946081
4889,-3.1121234315232025
4890,-64.09977108556922
4891,69.22168625991812
4892,-58.86418288101285
4893,-60.10248999117084
4894,-6.309895836133332
4895,-37.61970903207244
4896,-0.1619393344472288
4897,-21.86502603030757
4898,-75.23316654097447
4899,-7.395899006313444
4900,-12.379470248681288
4901,-30.669810777995146
4902,-56.96930343312056
4903,-7.436117279454471
4904,-25.71559084198317
4905,-20.487724402935847
4906,-83.48222757931512
4907,66.10898732077352
4908,-27.197043125441365
4909,40.65868725558954
4910,-12.293391083578909
4911,57.61797200190318
4912,44.62346842837773
4913,-16.46111313047877
4914,-10.459815704071826
4915,62.78072249099435
4916,67.64985300027372
4917,-86.81070321456271
4918,50.612220339898336
4919,-1.5829472305904106
4920,-7.788087914823059
4921,-0.6137796905323478
4922,41.77252032100834
4923,-76.88450692580633
4924,-5.124512053384539
4925,57.85573814496539
4926,-73.08267936119634
4927,-3.9415952962773098
4928,-27.292913520039647
4929,-58.6395911187054
4930,-6.955369051838711
4931,-58.6395911187054
4932,-11.63140299397192
4933,-69.95000088105685
4934,-59.23367641269842
4935,-36.96824005545605
4936,-71.71108492663052
4937,-26.536553170640005
4938,63.96549434354404
4939,-61.0496650769516
4940,-68.83260840052057
4941,-74.16871234421636
4942,-79.3672881925357
4943,-33.524187114233655
4944,-3.10538190885
4945,-7.142970059432155
4946,41.54277277255167
4947,3.7016260753737313
4948,-10.007431619970673
4949,-25.832609811930435
4950,69.01141744518326
4951,-7.43574304437711
4952,-70.39150446397035
4953,3.0198273551189976
4954,38.59800818068476
4955,30.304025245726063
4956,67.70758119473822
4957,-53.23681298283549
4958,-83.45019946757382
4959,-8.11791095665524
4960,-81.89241119023572
4961,-4.7392790843927575
4962,-76.88450692580633
4963,2.6627351114861044
4964,-57.22027240754161
4965,62.34320528203909
4966,-4.677178516179295
4967,-12.594411911676149
4968,-24.364505352331168
4969,-58.837680885572695
4970,-54.28921428066376
4971,-56.36567333031852
4972,1.5476587698581303
4973,-60.76289595879967
4974,37.86368431296831
4975,-61.69602594497931
4976,68.2457343329377
4977,45.85121789578746
4978,30.2923043359762
4979,-6.722958960350702
4980,-11.63140299397192
4981,-3.1869590150184104
4982,-6.468044996985288
4983,-3.753890515135531
4984,-8.215219185513519
4985,-57.428045153409016
4986,-2.3256998609371777
4987,45.136094206836965
4988,-32.545110749593405
4989,-7.395899006313444
4990,-16.112306100037046
4991,-71.31818328963547
4992,-59.96326825942568
4993,-3.9415952962773098
4994,-78.57302814193648
4995,0.6591032242812163
4996,41.0800197579822
4997,63.138406489638285
4998,45.311855833183216
4999,-62.93245141476824
5000,-56.48378275633771
5001,-5.491274062675046
5002,-11.399369045411031
5003,-38.42410885497485
5004,65.07928516788768
5005,-23.30387927289628
5006,-8.160984330375271
5007,-62.80273256144149
5008,-75.99121455229381
5009,-11.883548839167652
5010,30.304025245726063
5011,-13.248861260517636
5012,-11.44473419157183
5013,58.88665806788323
5014,68.35645047159882
5015,-11.63140299397192
5016,42.19726316911568
5017,-34.50282551558317
5018,-28.385526047426527
5019,64.59853306100433
5020,-75.78674111309918
5021,37.05130700586161
5022,29.658849194437693
5023,-90.72734175128018
5024,-75.9743423734373
5025,34.98438555454835
5026,-7.6548829183059794
5027,34.73045409312139
5028,63.96549434354404
5029,58.88665806788323
5030,-20.37416043221047
5031,-79.81539931435225
5032,68.50900304384771
5033,-32.048551865787594
5034,39.03694666665916
5035,-5.870601968711128
5036,32.224446636642554
5037,-4.697305584081793
5038,-81.89241119023572
5039,41.47182916523752
5040,-74.10943440590636
5041,47.23054500286207
5042,-5.63568606632575
5043,66.76543750924091
5044,-7.436117279454471
5045,38.85588685279427
5046,-76.59359179744814
5047,65.85374539044537
5048,-7.411646018422732
5049,1.8990462315802472
5050,32.7061659241352
5051,-75.27616366469809
5052,-31.00266367088779
5053,-3.264944013981394
5054,-58.39240025129886
5055,39.47919628053101
5056,62.56418952481128
5057,66.76543750924091
5058,32.7061659241352
5059,42.08063470777089
5060,-71.68736278819738
5061,-55.16677003746663
5062,-0.0438777028729893
5063,-90.72734175128018
5064,-28.39554195595492
5065,-61.23846600762738
5066,60.49936498504813
5067,-26.50969029268936
5068,-22.02829151047988
5069,-7.556333956289079
5070,41.93332247107406
5071,-55.11627096507236
5072,-6.498629965576441
5073,-21.86502603030757
5074,60.7122623074242
5075,-28.12206582849281
5076,-58.75373768459821
5077,-21.679843685842705
5078,32.7061659241352
5079,-57.428045153409016
5080,-14.409512658573314
5081,-27.292913520039647
5082,-7.26520515737638
5083,-35.87632597351819
5084,63.18334989245297
5085,-22.26434798069555
5086,62.57092991305799
5087,34.98438555454835
5088,35.532311393054464
5089,-30.669810777995146
5090,-63.06620702493197
5091,-55.02122207997402
5092,68.2457343329377
5093,-9.374458255104816
5094,30.75906199187803
5095,-83.73732396075408
5096,32.20494629835075
5097,-33.30377129530146
5098,-73.714207094463
5099,-67.18876992765615
5100,-34.961825523906924
5101,46.91252300661142
5102,38.85230832761208
5103,-83.47475390660964
5104,-32.545110749593405
5105,43.62654660047396
5106,42.792427110977904
5107,-61.91317126993742
5108,68.7941952151738
5109,-8.160984330375271
5110,-28.670391968659818
5111,-35.87632597351819
5112,-84.85398645386611
5113,-18.587294195329896
5114,-16.781616692753826
5115,62.04825491203099
5116,-6.425681444319205
5117,43.91792978118393
5118,-9.183519326795649
5119,67.47601397739736
5120,-58.70951098304084
5121,-71.77454098404124
5122,-11.769136568911255
5123,-64.00091715554736
5124,30.304025245726063
5125,62.04621336596509
5126,-8.341884152160203
5127,-79.43255988866233
5128,-9.321308969126555
5129,63.37217938905864
5130,-0.1974820658726486
5131,42.792427110977904
5132,-55.02122207997402
5133,-61.67694497066673
5134,1.4395848798226236
5135,37.20307785503421
5136,-37.61970903207244
5137,41.54277277255167
5138,62.47912729179751
5139,-7.395899006313444
5140,-60.10248999117084
5141,-77.85002054858391
5142,-55.21562781344608
5143,-20.622063830235223
5144,74.8473183574508
5145,-55.833549742346335
5146,-80.13498814838687
5147,-10.09011504661368
5148,-72.13942516941069
5149,-26.85245514817535
5150,-76.7581523764255
5151,-24.364505352331168
5152,-6.517427140796392
5153,-84.85398645386611
5154,-3.9415952962773098
5155,-72.74179327789916
5156,-58.7224204341674
5157,42.40665409892857
5158,-74.24845496017237
5159,-60.25548958541298
5160,40.934675003660665
5161,61.15822807372481
5162,63.96549434354404
5163,-83.45019946757382
5164,-70.39150446397035
5165,69.01141744518326
5166,60.419420472139535
5167,67.92158980274081
5168,-64.74229880063977
5169,63.37851123457527
5170,41.77252032100834
5171,38.85230832761208
5172,-52.67441552742626
5173,57.85573814496539
5174,-7.7161044348235
5175,-12.087360880032213
5176,-2.002987810946081
5177,49.77746731391071
5178,-3.189267489078034
5179,-55.30037619983526
5180,-7.26520515737638
5181,34.84188188871126
5182,1.3042624013334043
5183,-78.57302814193648
5184,-29.31238328113838
5185,-12.293391083578909
5186,-27.02629225814739
5187,-33.46394993955349
5188,-4.441615102394776
5189,-19.126210063967022
5190,-7.574735238350925
5191,-65.61101857287642
5192,-0.0532637015998647
5193,44.420457475376296
5194,-8.469347467472549
5195,32.80137355060964
5196,-80.6579710769756
5197,30.99592750607197
5198,72.92538255643261
5199,70.51704711687107
5200,37.05130700586161
5201,-7.411646018422732
5202,-12.087360880032213
5203,-13.88036674653454
5204,-26.89114047064198
5205,65.64551701728928
5206,-70.55925164323698
5207,-75.91312967730518
5208,67.87482575053168
5209,-77.27640355021296
5210,45.311855833183216
5211,-58.66493546801166
5212,63.431474663987416
5213,-32.47612415143007
5214,-74.34634808194613
5215,-32.048551865787594
5216,-25.832609811930435
5217,-61.72379825169283
5218,-1.1481831915885028
5219,-64.74229880063977
5220,-29.00421854084898
5221,-74.34634808194613
5222,-79.81539931435225
5223,-12.379470248681288
5224,-5.371263595210845
5225,-58.73694138020228
5226,43.12304830004515
5227,-26.24044805591896
5228,-71.31818328963547
5229,-75.88661830971004
5230,-72.3052939038253
5231,35.172844910079306
5232,-11.09827887149169
5233,-77.88523788163795
5234,39.03694666665916
5235,63.18334989245297
5236,-29.092204050948627
5237,-28.25192248397577
5238,-28.41553755324104
5239,40.428226346865486
5240,-7.641591100445261
5241,64.59853306100433
5242,-12.087360880032213
5243,62.34320528203909
5244,-3.899841586512202
5245,-7.6548829183059794
5246,64.6350370824934
5247,40.12925902546449
5248,-56.589156965746405
5249,-21.54190548132493
5250,-56.589156965746405
5251,-60.578586063416736
5252,-74.16871234421636
5253,-64.01158896711453
5254,-16.46111313047877
5255,-76.5514839987758
5256,39.39891851617509
5257,40.32056641562583
5258,-1.874227231626836
5259,61.039673876842144
5260,37.665093464738135
5261,-0.6224076658218696
5262,63.68830122977185
5263,56.53772029435115
5264,-61.72379825169283
5265,-3.312915524801756
5266,-74.10943440590636
5267,-2.399953046432356
5268,32.20494629835075
5269,62.769416961940784
5270,68.26070641230861
5271,-65.11321349828253
5272,-7.584286894374431
5273,-71.34772203053198
5274,-25.39783184682074
5275,-73.81324883461555
5276,43.19281402397368
5277,66.4054279079668
5278,61.039673876842144
5279,-59.73461733915525
5280,64.46410299211166
5281,-62.201520427155856
5282,44.02041712798531
5283,-9.290695746912291
5284,-13.88036674653454
5285,2.784765734288939
5286,-7.425703066643962
5287,-8.469347467472549
5288,27.958872994271264
5289,-64.93981175300867
5290,-12.379470248681288
5291,-32.048551865787594
5292,-6.9300195687649015
5293,40.550349357271
5294,-79.89815472766894
5295,-11.305647850786803
5296,-55.21562781344608
5297,-27.14060663448049
5298,-38.42410885497485
5299,-29.301637680797924
5300,-15.066494736630943
5301,-25.73093906612946
5302,-5.062417993096867
5303,-75.4160447670995
5304,43.12304830004515
5305,-35.56650248832243
5306,-58.93303249149708
5307,67.73346580214346
5308,62.94732264585818
5309,42.40665409892857
5310,43.60429366849393
5311,-0.4620759707858823
5312,68.76182428278743
5313,-86.81070321456271
5314,-4.7392790843927575
5315,-73.46751975739427
5316,-5.906461738242929
5317,-56.96930343312056
5318,45.136094206836965
5319,29.658849194437693
5320,-16.46111313047877
5321,-73.94041322984417
5322,30.2923043359762
5323,63.64249656322729
5324,-9.905750392861522
5325,40.22987265395766
5326,45.136094206836965
5327,43.8709831192234
5328,-73.27639846976885
5329,3.50227012337536
5330,34.73045409312139
5331,-57.93892356729176
5332,-79.3672881925357
5333,-6.090497539031022
5334,-74.70979926748213
5335,40.24342096925801
5336,-83.73732396075408
5337,-4.441615102394776
5338,44.814795767308034
5339,-68.17784370154793
5340,48.0018561357417
5341,-5.298514052929004
5342,-25.13661139240796
5343,-5.256535488589082
5344,34.98438555454835
5345,-66.34862313719215
5346,40.22987265395766
5347,-76.41538444778116
5348,40.42987323099398
5349,-11.769136568911255
5350,69.71211168603237
5351,-51.47874314031893
5352,-67.58218747682238
5353,-34.034105877315326
5354,-14.33513888158734
5355,-76.88450692580633
5356,-30.9482304549166
5357,-56.57439517496616
5358,-50.54365247140129
5359,62.94732264585818
5360,40.48109789807855
5361,45.77561330264319
5362,-22.29105496204519
5363,-63.61343723591238
5364,48.33294682136141
5365,-22.148415050269744
5366,1.625570587206154
5367,-3.861160593067345
5368,-29.53255026596179
5369,-6.397233432996801
5370,-11.769136568911255
5371,63.4207178455967
5372,-10.51102466711501
5373,61.41684927593965
5374,-49.01294891181397
5375,-7.6548829183059794
5376,-30.01907889184461
5377,-13.248861260517636
5378,-51.62144611179695
5379,-63.24451012597503
5380,-39.0336247653422
5381,-65.50015994794904
5382,-34.53640193103023
5383,39.933253475596416
5384,36.37760630023255
5385,-70.39150446397035
5386,-11.883548839167652
5387,67.35529233990276
5388,30.304025245726063
5389,-14.643366466559176
5390,62.331442687399615
5391,-35.47086758002842
5392,65.49569377443937
5393,-2.384309141015703
5394,-26.920112917194235
5395,58.74419768537975
5396,41.33170082782818
5397,-22.05473203969492
5398,-59.54401096728509
5399,-28.41553755324104
5400,-51.43593955581036
5401,60.13357882469904
5402,-9.514999599422309
5403,-28.97706635070533
5404,65.19299794393689
5405,-67.18876992765615
5406,49.01489678598272
5407,-63.66668943557508
5408,-9.183519326795649
5409,65.64551701728928
5410,-20.37416043221047
5411,32.86265841239917
5412,65.64551701728928
5413,30.99592750607197
5414,67.93025383332056
5415,-22.148415050269744
5416,-10.962026688317453
5417,-63.24451012597503
5418,-73.6115274996037
5419,1.1721466966565672
5420,-60.578586063416736
5421,-9.393691254854454
5422,66.7896669398485
5423,-6.9787246800299565
5424,70.8192756155794
5425,-12.087360880032213
5426,-25.39783184682074
5427,-75.6959917604128
5428,-55.82134182781776
5429,35.189156159070805
5430,43.76934561960742
5431,-8.533084586158568
5432,41.91402706211471
5433,-0.1294580338849362
5434,-26.800385834391875
5435,-78.57302814193648
5436,-60.90633852709901
5437,29.658849194437693
5438,-27.371337155700843
5439,-7.873307917813335
5440,-29.31238328113838
5441,-83.73732396075408
5442,-76.88480064082812
5443,-37.19734229366193
5444,64.59853306100433
5445,-69.44125645447468
5446,-28.385526047426527
5447,-73.01260516587355
5448,-8.689161627214292
5449,-4.306418883785192
5450,-33.524187114233655
5451,-65.8357259968008
5452,-27.197043125441365
5453,62.57092991305799
5454,-75.26997488375015
5455,0.4319076296378723
5456,43.222169543952056
5457,41.62274548677543
5458,52.00911707984295
5459,-76.15270105697248
5460,-73.46751975739427
5461,36.23955789591502
5462,-65.11321349828253
5463,-78.8688082293693
5464,-23.81470260817838
5465,-26.85245514817535
5466,32.7061659241352
5467,-78.54234331147279
5468,-5.870601968711128
5469,-74.34634808194613
5470,-59.96326825942568
5471,36.37760630023255
5472,-84.85398645386611
5473,42.55716598884106
5474,40.65868725558954
5475,-35.87632597351819
5476,-72.12340454209733
5477,-55.92337882031115
5478,-1.1481831915885028
5479,-14.643366466559176
5480,-11.769136568911255
5481,-61.95474071926181
5482,65.91894970468546
5483,43.222169543952056
5484,-21.54190548132493
5485,64.58991016520804
5486,-3.973013717968406
5487,-59.676898073127134
5488,-78.8688082293693
5489,-75.36063152359952
5490,-0.4620759707858823
5491,-51.94561185500503
5492,-12.340242166072857
5493,64.59853306100433
5494,-75.6959917604128
5495,-62.77734250903696
5496,-12.807690919072966
5497,-6.451495283453982
5498,-77.85002054858391
5499,-19.15313142824641
5500,-8.707419289103248
5501,-7.929479460085005
5502,-81.5243472298706
5503,-5.124512053384539
5504,-11.665292898634467
5505,68.74590097338547
5506,-26.846297389698023
5507,-86.46687945641392
5508,-3.129605134334531
5509,-27.44314878368376
5510,-28.385526047426527
5511,-12.379470248681288
5512,-75.83627084828323
5513,-72.0188013030869
5514,-4.677178516179295
5515,-80.6579710769756
5516,-22.29105496204519
5517,-2.440033391608272
5518,-60.10248999117084
5519,1.1721466966565672
5520,-11.305647850786803
5521,-64.74229880063977
5522,-63.59656743850656
5523,40.5311754088644
5524,-29.168486818257826
5525,-55.57740844673766
5526,30.99592750607197
5527,-75.64688768076394
5528,66.11145986850173
5529,-14.28093211120588
5530,-61.50550808741056
5531,-5.146584839379807
5532,-81.90648355503954
5533,-8.469347467472549
5534,-58.622744149870776
5535,-60.11662489959861
5536,-8.215219185513519
5537,-60.64771800925249
5538,54.1348973837963
5539,35.39393099415891
5540,-60.11662489959861
5541,32.80137355060964
5542,-86.81070321456271
5543,-83.45019946757382
5544,-10.962026688317453
5545,-2.626888482546546
5546,-60.70502330253149
5547,-5.63568606632575
5548,-60.578586063416736
5549,-53.98847456323342
5550,-20.141857421358026
5551,-7.83312612471014
5552,43.81130013544061
5553,72.53784225212064
5554,-72.65438641593056
5555,-8.46239557032348
5556,-31.644462587749143
5557,57.85573814496539
5558,-63.59656743850656
5559,-74.63312514690823
5560,-64.93981175300867
5561,-11.883548839167652
5562,-77.49519978402044
5563,-7.788087914823059
5564,66.75921071581473
5565,62.460663120075886
5566,-26.86230466291597
5567,-60.47493641004772
5568,-7.436117279454471
5569,2.167301940200047
5570,-11.769136568911255
5571,-14.643366466559176
5572,-81.89241119023572
5573,-69.52845145721565
5574,-4.441615102394776
5575,-38.42410885497485
5576,-64.93981175300867
5577,-12.379470248681288
5578,-58.6395911187054
5579,70.8192756155794
5580,-36.2758081283595
5581,-26.733484070055844
5582,-58.86418288101285
5583,-15.04699622209943
5584,-10.994828152893175
5585,-7.425703066643962
5586,-65.50015994794904
5587,-72.73781872624441
5588,-76.09888882808156
5589,-62.46497639001082
5590,42.135048835275256
5591,-4.250074167680452
5592,-71.31117144275913
5593,1.7187367335348966
5594,-57.19826267401049
5595,59.48433466014458
5596,-7.788087914823059
5597,40.65868725558954
5598,-7.574735238350925
5599,-79.00875160222058
5600,-56.320445995580606
5601,66.00175124048818
5602,29.658849194437693
5603,0.4364475507930629
5604,39.933253475596416
5605,-2.4191070140719573
5606,-7.26520515737638
5607,-71.39400517014467
5608,1.7403741458648168
5609,-58.837680885572695
5610,32.5086971789673
5611,-79.72476945190613
5612,63.9193230325273
5613,-10.994828152893175
5614,61.87264073442543
5615,-32.07612514483522
5616,-23.30387927289628
5617,-29.31238328113838
5618,0.4039490443474332
5619,-60.10248999117084
5620,59.48433466014458
5621,61.41684927593965
5622,-15.04699622209943
5623,2.6336104694267064
5624,66.11145986850173
5625,-84.85398645386611
5626,-75.91312967730518
5627,-71.95367963145267
5628,-2.002987810946081
5629,-3.0754528486281014
5630,63.04591296468523
5631,-21.98187995806583
5632,-11.769136568911255
5633,-54.10540812914768
5634,34.84188188871126
5635,-60.70502330253149
5636,-64.26212032283553
5637,-1.874227231626836
5638,61.15822807372481
5639,-34.961825523906924
5640,-86.81070321456271
5641,42.97818152575029
5642,-60.8930629155062
5643,-56.6256275162177
5644,-52.40372489252053
5645,70.27820925558596
5646,-82.1274729752687
5647,-3.5393244232651044
5648,-77.85972850026772
5649,37.69055401764654
5650,65.07928516788768
5651,-74.5973834830441
5652,-75.6959917604128
5653,-58.75373768459821
5654,-74.4836345924549
5655,-3.530248921202276
5656,-29.916756046794223
5657,-8.160984330375271
5658,-0.6224076658218696
5659,-27.101696686241947
5660,1.9613155891046568
5661,-52.82636552839514
5662,-28.25192248397577
5663,30.99592750607197
5664,-30.01907889184461
5665,61.23068183936
5666,-52.8510544631095
5667,30.99592750607197
5668,-59.51079273519666
5669,-5.264926602604887
5670,41.0800197579822
5671,-2.0757776140558217
5672,-2.320082779344
5673,-25.523756447509445
5674,-78.54234331147279
5675,42.55716598884106
5676,62.57092991305799
5677,67.77199078799403
5678,-4.534384788077696
5679,-2.5838076168008053
5680,-38.42410885497485
5681,-59.33523263018069
5682,-61.91317126993742
5683,-55.16677003746663
5684,68.1345446337971
5685,-76.84653238135164
5686,-14.409512658573314
5687,-10.868623723266357
5688,36.66421972523929
5689,-16.286779198084744
5690,-0.1504659813029696
5691,-35.87632597351819
5692,-60.85322866238885
5693,68.47641684351305
5694,0.1147574274476781
5695,-3.899841586512202
5696,-77.23030910195143
5697,2.197777019236524
5698,-30.80124260672842
5699,-7.436117279454471
5700,-7.425703066643962
5701,32.36689164115301
5702,44.72816289395019
5703,0.0190611944763925
5704,-3.189267489078034
5705,-82.36937111324487
5706,-29.183865995795912
5707,-86.81070321456271
5708,32.20494629835075
5709,2.5632380457330264
5710,-77.37464163301084
5711,-58.70951098304084
5712,-20.73527700533196
5713,-6.404620490210941
5714,29.658849194437693
5715,-60.578586063416736
5716,38.14843667467258
5717,-64.51681706551493
5718,-3.264944013981394
5719,-26.88471097151646
5720,-8.758616324278822
5721,-60.64771800925249
5722,-5.146584839379807
5723,32.7061659241352
5724,-1.0302012649257848
5725,-73.32375568296283
5726,-4.063655244329898
5727,-13.248861260517636
5728,-73.15309593172087
5729,-71.34772203053198
5730,-25.523756447509445
5731,-3.80135872842238
5732,-55.87728001338589
5733,-1.893552258015771
5734,-83.73732396075408
5735,41.50980139957576
5736,47.75316647546119
5737,-7.75309998330379
5738,9.195108450497738
5739,68.19458719648264
5740,-68.17784370154793
5741,-7.83312612471014
5742,-29.092204050948627
5743,-12.087360880032213
5744,32.36689164115301
5745,-63.59656743850656
5746,-67.18114320430499
5747,-67.19232485509903
5748,-2.626888482546546
5749,60.50585832387884
5750,-10.09011504661368
5751,-29.284438197802466
5752,-27.156941571764165
5753,-29.092204050948627
5754,-26.86409298901946
5755,-52.10357917057725
5756,-61.50550808741056
5757,-73.86605140451951
5758,-7.873307917813335
5759,-3.861160593067345
5760,65.00374440035976
5761,62.04621336596509
5762,-3.534631204014901
5763,-64.00091715554736
5764,46.22217546977042
5765,-26.29582956788753
5766,-30.80124260672842
5767,-32.048551865787594
5768,3.194899535323964
5769,-1.6033102841793347
5770,-63.59656743850656
5771,-74.5973834830441
5772,-10.09011504661368
5773,-86.81070321456271
5774,-5.182817095597496
5775,70.10411288258985
5776,-65.8357259968008
5777,66.15652782446412
5778,-83.45019946757382
5779,-9.995419964566446
5780,-20.28436915190038
5781,-2.052351784556064
5782,-60.8930629155062
5783,40.91732277846025
5784,-81.46486277551598
5785,-3.1121234315232025
5786,-52.60915929071758
5787,-28.947375459385736
5788,-10.89381168981643
5789,45.26898965816868
5790,30.99592750607197
5791,-51.93505676500335
5792,-64.00091715554736
5793,62.04825491203099
5794,-7.574735238350925
5795,-64.93981175300867
5796,-26.27456985650977
5797,63.04591296468523
5798,-5.298514052929004
5799,-11.769136568911255
5800,63.24889925719303
5801,-64.26212032283553
5802,-3.0754528486281014
5803,-16.262430910517107
5804,-74.931675206034
5805,45.19335352394901
5806,-12.379470248681288
5807,-62.8157852452188
5808,-61.0496650769516
5809,-0.7496286154978629
5810,45.48676282781862
5811,-64.26212032283553
5812,-55.61363294224015
5813,44.29388156373745
5814,-23.0178472712629
5815,35.05875134194177
5816,-29.497180362491257
5817,-21.77694968076856
5818,-8.225034264381453
5819,3.6088083939024975
5820,-55.026149299631975
5821,-74.4583918773693
5822,-55.80971486626808
5823,-5.906461738242929
5824,-29.301637680797924
5825,-64.93981175300867
5826,-64.74229880063977
5827,-78.54234331147279
5828,-11.399369045411031
5829,-73.54052320528159
5830,-10.962026688317453
5831,-54.81064685221905
5832,-11.665292898634467
5833,-13.88036674653454
5834,-75.6959917604128
5835,-32.47612415143007
5836,-68.54672329765086
5837,-28.385526047426527
5838,-7.425703066643962
5839,-74.16871234421636
5840,60.419420472139535
5841,-25.832609811930435
5842,68.26070641230861
5843,-57.57614974913517
5844,-11.994829868024173
5845,-16.46111313047877
5846,0.2453106379649305
5847,-59.80584730723805
5848,-27.44314878368376
5849,-60.76990770702721
5850,-28.43515379414496
5851,-27.922372753263414
5852,-10.09011504661368
5853,-3.923730876673549
5854,-52.34607086360719
5855,-59.54466039411251
5856,-39.0336247653422
5857,-48.77734275825136
5858,-2.416445329160364
5859,-6.42090775909274
5860,-71.93861282264872
5861,-7.929648302000936
5862,63.24889925719303
5863,-55.6169343479037
5864,-61.69602594497931
5865,66.49043270551272
5866,38.63476400578477
5867,-0.6137796905323478
5868,-15.94045954882694
5869,-25.96188010833083
5870,35.84068084592866
5871,-24.6311992241748
5872,68.71687479527883
5873,-63.79396865500155
5874,41.72453634130594
5875,-55.0326915481642
5876,-7.521787542387624
5877,-10.09011504661368
5878,-22.26434798069555
5879,57.85573814496539
5880,68.29682674789396
5881,32.224446636642554
5882,-9.995419964566446
5883,59.28048476707497
5884,36.66421972523929
5885,66.05100890886634
5886,-5.070325290424319
5887,67.73346580214346
5888,-58.22700263918481
5889,-68.83260840052057
5890,-76.88450692580633
5891,-73.81324883461555
5892,-18.587294195329896
5893,67.87539491644151
5894,-21.10520190345669
5895,-82.1274729752687
5896,-59.19931753164319
5897,-73.52319803768694
5898,-13.620315506216672
5899,-15.04699622209943
5900,45.26834910373931
5901,-19.64059961549688
5902,-76.88450692580633
5903,34.4690045694894
5904,65.49569377443937
5905,41.47182916523752
5906,-32.482227207517994
5907,-78.1841296905076
5908,-24.308719383448995
5909,-7.43574304437711
5910,-28.519138117895988
5911,-79.1393295423206
5912,-59.54466039411251
5913,74.62425211812533
5914,-24.321804520769422
5915,-63.79396865500155
5916,62.769416961940784
5917,64.73757241818981
5918,-76.09888882808156
5919,-78.29954804035152
5920,-2.626888482546546
5921,-55.96122259188201
5922,-28.519138117895988
5923,-26.846297389698023
5924,67.35529233990276
5925,-28.385526047426527
5926,40.5311754088644
5927,-76.88480064082812
5928,-65.84359682363667
5929,40.65868725558954
5930,61.41684927593965
5931,-26.977223410325777
5932,-59.54466039411251
5933,42.18647522672894
5934,-67.08115249577105
5935,-60.17331855547357
5936,67.93025383332056
5937,-72.7056222132958
5938,-25.39783184682074
5939,-16.46111313047877
5940,40.428226346865486
5941,-13.620315506216672
5942,-2.574346622273989
5943,-7.466580642466821
5944,66.23826639602186
5945,66.23826639602186
5946,-2.3851136691289163
5947,-27.812156980640708
5948,52.00911707984295
5949,-61.0496650769516
5950,-10.51102466711501
5951,-25.79566212469846
5952,60.419420472139535
5953,-7.521787542387624
5954,36.212524724435525
5955,58.74419768537975
5956,-62.68300891412495
5957,-4.528073799481319
5958,33.40324819588004
5959,-10.51102466711501
5960,30.304025245726063
5961,-5.992782644715096
5962,-36.2758081283595
5963,-12.43775593101672
5964,43.19281402397368
5965,-78.50718925384247
5966,-56.6256275162177
5967,43.12304830004515
5968,35.532311393054464
5969,-4.342306510229184
5970,-30.597897063103844
5971,-71.68736278819738
5972,-58.6395911187054
5973,-74.98357888792837
5974,-10.09011504661368
5975,-62.3228701498508
5976,-8.707419289103248
5977,1.9613155891046568
5978,35.39393099415891
5979,44.814795767308034
5980,-82.36937111324487
5981,-77.85972850026772
5982,66.70681821693724
5983,61.798001470656175
5984,-8.160984330375271
5985,-31.644462587749143
5986,-26.50969029268936
5987,-2.4191070140719573
5988,-10.89381168981643
5989,-59.19931753164319
5990,-84.10149257200307
5991,-22.290097476758884
5992,42.318304491605005
5993,36.66421972523929
5994,-7.75309998330379
5995,-59.23367641269842
5996,-6.211361463734521
5997,39.39891851617509
5998,-29.806536424866685
5999,-52.61464043076199
6000,40.22987265395766
6001,-31.922782558410724
6002,-7.873307917813335
6003,62.34320528203909
6004,-2.416445329160364
6005,-55.57740844673766
6006,-59.33523263018069
6007,-7.929648302000936
6008,29.658849194437693
6009,-2.23408502179894
6010,42.318304491605005
6011,-62.35346933318005
6012,25.56076084035577
6013,2.381315679296004
6014,-74.24845496017237
6015,63.37217938905864
6016,-66.32050020885046
6017,53.06483698105899
6018,-25.2154639271591
6019,-4.441615102394776
6020,40.65868725558954
6021,-57.93892356729176
6022,35.28018208126228
6023,61.23068183936
6024,65.18080976767835
6025,-77.7541148605768
6026,-37.61970903207244
6027,60.49936498504813
6028,-12.379470248681288
6029,-20.28436915190038
6030,-36.96824005545605
6031,60.419420472139535
6032,42.6078234203484
6033,-29.301637680797924
6034,-26.977223410325777
6035,-56.24016415184835
6036,-25.2154639271591
6037,-32.10576461468392
6038,57.85573814496539
6039,-9.129534688994024
6040,67.70758119473822
6041,66.23826639602186
6042,-76.84653238135164
6043,34.49981440779984
6044,-7.75309998330379
6045,-5.070325290424319
6046,-54.90772358749999
6047,62.04825491203099
6048,41.50980139957576
6049,35.532311393054464
6050,-36.96824005545605
6051,-12.439651167940326
6052,-54.36421360288283
6053,-59.44113788674503
6054,-2.23408502179894
6055,-77.09277906210401
6056,-15.079875626616031
6057,66.7190058578992
6058,48.39589858157082
6059,69.77582410959609
6060,-67.19232485509903
6061,64.40980667695845
6062,41.72453634130594
6063,-56.24016415184835
6064,-5.992782644715096
6065,-65.50015994794904
6066,56.56200187343734
6067,-29.85248399760131
6068,-10.04256784275915
6069,35.39393099415891
6070,-1.1481831915885028
6071,-22.92980563042084
6072,-10.138145914045635
6073,-79.14552410685019
6074,-26.89114047064198
6075,66.79378791424658
6076,-64.47496080892128
6077,64.59853306100433
6078,39.68759649556659
6079,-83.68759355665279
6080,41.54277277255167
6081,4.27050273630761
6082,1.9795666734206008
6083,-75.08821335068482
6084,69.34611623592704
6085,-9.183519326795649
6086,63.138406489638285
6087,35.05875134194177
6088,68.73264433659924
6089,-79.33858064165344
6090,-4.674117188054576
6091,-70.34117868120643
6092,70.26705359526851
6093,-7.75309998330379
6094,-21.77694968076856
6095,-66.34862313719215
6096,-73.54052320528159
6097,-60.76990770702721
6098,48.66955824517961
6099,-6.62980693918264
6100,42.44727574019114
6101,-9.518668443943051
6102,1.4459822480515756
6103,-25.810296382000693
6104,-78.57302814193648
6105,-77.83299314649408
6106,67.73346580214346
6107,3.6198621740659753
6108,-62.51114746420809
6109,-31.3027624572342
6110,-7.466580642466821
6111,40.428226346865486
6112,66.46781194882476
6113,70.45847818351211
6114,-26.24044805591896
6115,-50.24075451361107
6116,-21.695757378446032
6117,41.91402706211471
6118,-59.99995668505326
6119,61.87264073442543
6120,-60.11662489959861
6121,-56.70307085846136
6122,-30.597897063103844
6123,70.4446782519297
6124,-34.034105877315326
6125,32.683826797733936
6126,40.48109789807855
6127,-29.73439272509296
6128,-29.916756046794223
6129,-79.26878155597595
6130,-25.73093906612946
6131,-9.879074200342798
6132,-7.75309998330379
6133,-20.28436915190038
6134,-11.44473419157183
6135,-31.12028341348745
6136,-70.39150446397035
6137,-14.643366466559176
6138,-70.47584423569755
6139,-4.494855641949149
6140,62.34320528203909
6141,69.01141744518326
6142,65.64551701728928
6143,40.679371069480894
6144,-64.01158896711453
6145,-9.995419964566446
6146,-6.404620490210941
6147,-17.682454187786124
6148,-64.74229880063977
6149,66.7190058578992
6150,-10.868623723266357
6151,-59.54466039411251
6152,54.1348973837963
6153,-10.173235891165302
6154,-73.8537433336774
6155,-7.788087914823059
6156,-79.33858064165344
6157,67.46302268877629
6158,65.64551701728928
6159,-35.87632597351819
6160,-52.10357917057725
6161,41.31018754032191
6162,-74.4583918773693
6163,-7.26520515737638
6164,-62.35346933318005
6165,-10.868623723266357
6166,-67.18114320430499
6167,-7.029783989241212
6168,-16.46111313047877
6169,-8.469347467472549
6170,37.665093464738135
6171,-64.01158896711453
6172,-60.76289595879967
6173,-58.13423481985814
6174,0.8538862859337497
6175,-26.67617421366017
6176,-72.13942516941069
6177,63.37217938905864
6178,40.82699705355904
6179,71.26238814053306
6180,-3.201399238065399
6181,-77.2895929455521
6182,5.24285737233117
6183,-65.29476205877805
6184,-7.436117279454471
6185,-77.44192557660678
6186,-23.81470260817838
6187,-7.788087914823059
6188,44.420457475376296
6189,-11.837368741262752
6190,-61.95474071926181
6191,-77.85972850026772
6192,-64.01158896711453
6193,-63.79396865500155
6194,-22.40236714910117
6195,-2.398956357242527
6196,-6.010900652159516
6197,-72.12340454209733
6198,-74.92651767970194
6199,-26.24044805591896
6200,-79.00875160222058
6201,40.42987323099398
6202,68.71687479527883
6203,-63.59656743850656
6204,-3.201399238065399
6205,44.29388156373745
6206,-77.7541148605768
6207,68.29682674789396
6208,-16.262430910517107
6209,1.7403741458648168
6210,-60.76990770702721
6211,-71.50494085671241
6212,-8.197841973942655
6213,-58.22700263918481
6214,-3.883950026153983
6215,-24.71157599357561
6216,60.13357882469904
6217,-5.298514052929004
6218,-8.758616324278822
6219,-2.416445329160364
6220,31.194697643385872
6221,43.07491922105309
6222,-26.916002458834345
6223,-0.4620759707858823
6224,-10.994828152893175
6225,-7.589233467190533
6226,-37.61970903207244
6227,-77.85002054858391
6228,-77.85972850026772
6229,62.04621336596509
6230,-78.50718925384247
6231,-51.89050908121194
6232,-81.46486277551598
6233,-76.88450692580633
6234,73.96178639902655
6235,-22.243426914267168
6236,-24.627586922258
6237,-62.68300891412495
6238,41.60295258592093
6239,-57.55203886449649
6240,-69.40621656100022
6241,-75.6959917604128
6242,-8.758616324278822
6243,-29.168486818257826
6244,25.56076084035577
6245,-61.0496650769516
6246,65.66553554475688
6247,-2.416445329160364
6248,-56.68216865536338
6249,-59.73461733915525
6250,-58.38248901761558
6251,-61.91317126993742
6252,-87.06584190136827
6253,-15.676815727523898
6254,-10.89381168981643
6255,-57.25508393236008
6256,-73.05223976817774
6257,-77.85002054858391
6258,-30.80124260672842
6259,-64.01158896711453
6260,-32.482227207517994
6261,69.77582410959609
6262,35.28018208126228
6263,63.72406038611528
6264,-10.04256784275915
6265,-29.916756046794223
6266,-76.88480064082812
6267,47.84039366659509
6268,-0.4287126696106416
6269,-89.1702403607034
6270,-83.11073649414452
6271,1.4395848798226236
6272,-1.9698137666682007
6273,-26.25849247430681
6274,-24.783327542933144
6275,-79.63475534106894
6276,-37.19734229366193
6277,-29.73439272509296
6278,-77.32279117203406
6279,-65.8357259968008
6280,-58.5904061936708
6281,63.431474663987416
6282,-75.6959917604128
6283,58.88665806788323
6284,-71.48783368061596
6285,-5.325811606276826
6286,-5.631770756495549
6287,-10.399148227631718
6288,38.24589748821752
6289,-70.32216843192907
6290,-25.523756447509445
6291,-30.697783185169403
6292,-71.95367963145267
6293,-73.86605140451951
6294,50.024154377330575
6295,-61.72379825169283
6296,-20.28436915190038
6297,-63.79396865500155
6298,-11.665292898634467
6299,68.36139182686271
6300,65.2158379638997
6301,-77.27640355021296
6302,-1.6765777554727204
6303,-8.689161627214292
6304,43.52010267082588
6305,-57.25508393236008
6306,-64.01158896711453
6307,64.46433808294321
6308,-84.26748010711547
6309,4.637667685990072
6310,-3.80135872842238
6311,44.962388175996544
6312,-14.643366466559176
6313,-75.88661830971004
6314,43.62654660047396
6315,-79.95714442835597
6316,-57.3687890092094
6317,-54.07583715255099
6318,-1.6033102841793347
6319,-11.769136568911255
6320,65.18080976767835
6321,32.36689164115301
6322,-27.23305661071941
6323,41.91402706211471
6324,-22.80857325126061
6325,-30.597897063103844
6326,-4.494855641949149
6327,62.34320528203909
6328,68.50900304384771
6329,43.07491922105309
6330,0.5545213978715426
6331,-54.661913996148144
6332,-23.932678164468893
6333,64.40980667695845
6334,-8.689161627214292
6335,-84.10149257200307
6336,61.039673876842144
6337,69.48556092671939
6338,-64.9890766063996
6339,-7.574735238350925
6340,-76.84653238135164
6341,-76.88450692580633
6342,-11.44473419157183
6343,-56.96930343312056
6344,-33.30377129530146
6345,-3.910555419722349
6346,-90.72734175128018
6347,-59.36652030330038
6348,62.94099053924887
6349,-10.962026688317453
6350,-74.34634808194613
6351,-57.789180253049466
6352,30.304025245726063
6353,1.9435635747732285
6354,-30.254666382499355
6355,-84.10149257200307
6356,-65.50015994794904
6357,-7.131320726137928
6358,64.73757241818981
6359,-11.665292898634467
6360,-19.15313142824641
6361,1.9795666734206008
6362,70.2572566617637
6363,40.088990285536354
6364,-2.836758778067961
6365,-6.686471629063485
6366,-73.8537433336774
6367,-2.002987810946081
6368,-7.788087914823059
6369,-23.429957223359946
6370,-11.994829868024173
6371,42.470414702349295
6372,-11.883548839167652
6373,0.8538862859337497
6374,41.62274548677543
6375,-5.63568606632575
6376,-8.533084586158568
6377,-30.486303428999967
6378,-10.89381168981643
6379,-74.98357888792837
6380,41.62274548677543
6381,-29.53255026596179
6382,0.1147574274476781
6383,-79.63475534106894
6384,60.13357882469904
6385,-54.953028161699294
6386,60.13357882469904
6387,-85.8026493467239
6388,-0.6890852458550443
6389,-0.2100428923178192
6390,63.18334989245297
6391,-5.325811606276826
6392,-35.47086758002842
6393,-30.486303428999967
6394,-25.79048620678672
6395,-61.9338826353747
6396,-9.183519326795649
6397,-83.11073649414452
6398,-81.37007839905087
6399,-12.087360880032213
6400,-74.11425381591079
6401,-10.552272361432266
6402,65.64551701728928
6403,-62.084608732964206
6404,-76.10311902598399
6405,-79.63475534106894
6406,-76.84807166286775
6407,-59.23367641269842
6408,4.176459930195894
6409,-70.80107123976371
6410,42.792427110977904
6411,-30.697783185169403
6412,-63.69007373642843
6413,65.66553554475688
6414,-10.173235891165302
6415,42.18647522672894
6416,-22.13428414979408
6417,-61.61842785718156
6418,-54.90772358749999
6419,-29.73439272509296
6420,63.64249656322729
6421,62.331442687399615
6422,-17.53215199378446
6423,2.660999544619588
6424,-34.24988940709617
6425,-60.60277872935623
6426,-68.17784370154793
6427,-14.33513888158734
6428,41.91402706211471
6429,-76.55573625033261
6430,-60.578586063416736
6431,1.5214166743564863
6432,44.51845455791502
6433,31.194697643385872
6434,41.31018754032191
6435,-25.0608654217163
6436,-53.83126173580796
6437,32.5086971789673
6438,-26.85245514817535
6439,-29.73439272509296
6440,-61.95474071926181
6441,3.6198621740659753
6442,-59.54466039411251
6443,-59.99995668505326
6444,-11.837368741262752
6445,-5.001589626260497
6446,68.29682674789396
6447,-33.30377129530146
6448,-71.72268790983128
6449,-5.63568606632575
6450,-73.3540715256184
6451,-72.24825053332665
6452,-64.9890766063996
6453,38.84414987822832
6454,66.7190058578992
6455,33.04819187311681
6456,2.1500681364149474
6457,-36.2758081283595
6458,1.2684312361142425
6459,-6.468044996985288
6460,-26.29582956788753
6461,66.05100890886634
6462,-52.94815480607112
6463,-65.29476205877805
6464,-2.84160710065316
6465,63.18334989245297
6466,-1.6610891135358958
6467,67.87539491644151
6468,-60.68613026961276
6469,41.53605438354017
6470,-58.28631121112528
6471,-7.929648302000936
6472,-58.38248901761558
6473,-63.06620702493197
6474,-23.932678164468893
6475,-79.1393295423206
6476,-77.2895929455521
6477,-58.86418288101285
6478,35.05875134194177
6479,-77.69930848321857
6480,67.68437872406017
6481,-60.47493641004772
6482,-10.04256784275915
6483,-80.31065166378323
6484,-29.73439272509296
6485,-20.50002513850273
6486,41.50980139957576
6487,64.14906184600571
6488,-77.85972850026772
6489,-2.203156096017543
6490,66.88969575176687
6491,-3.459517002914591
6492,-12.379470248681288
6493,58.65511261517455
6494,-55.92337882031115
6495,-57.55203886449649
6496,35.39393099415891
6497,-58.27419170733627
6498,69.77582410959609
6499,-28.12206582849281
6500,48.10828489520655
6501,42.35287899467765
6502,34.17813419054161
6503,44.29388156373745
6504,-23.30694051966973
6505,-74.58413267091493
6506,-17.53215199378446
6507,-80.31065166378323
6508,-7.83312612471014
6509,66.7190058578992
6510,-7.75309998330379
6511,-19.249544612586995
6512,-9.16333440119039
6513,-78.64789341123152
6514,-15.676815727523898
6515,68.29682674789396
6516,-5.146584839379807
6517,-79.14552410685019
6518,-88.85550443563284
6519,70.26705359526851
6520,-25.523756447509445
6521,-73.86605140451951
6522,-60.70502330253149
6523,42.97877750131794
6524,-61.23846600762738
6525,41.50980139957576
6526,38.84414987822832
6527,-81.46486277551598
6528,-34.39897118912559
6529,65.91894970468546
6530,-5.298514052929004
6531,-2.626888482546546
6532,-80.83627000062143
6533,46.001162330444885
6534,-74.11425381591079
6535,-29.301637680797924
6536,40.42987323099398
6537,-50.22377790105943
6538,-26.86230466291597
6539,-10.399148227631718
6540,-4.4877379431496855
6541,-62.46497639001082
6542,63.04591296468523
6543,-9.183519326795649
6544,-77.69930848321857
6545,-11.44473419157183
6546,-75.9743423734373
6547,-65.50015994794904
6548,-78.50718925384247
6549,63.24889925719303
6550,-67.90328200005222
6551,35.05700953112306
6552,35.84068084592866
6553,-34.53640193103023
6554,-69.29148821448653
6555,38.24589748821752
6556,-80.83627000062143
6557,-68.49457574370324
6558,-62.8157852452188
6559,-56.36648237828855
6560,-4.739739643678643
6561,-8.533084586158568
6562,-90.72734175128018
6563,-1.874227231626836
6564,41.92090196450646
6565,65.2158379638997
6566,-26.86230466291597
6567,60.84253879283033
6568,-6.973530909946968
6569,-75.13283497670263
6570,-8.225034264381453
6571,-68.9100503505621
6572,-60.63830439406907
6573,-36.86692349848009
6574,-71.95367963145267
6575,-0.1504659813029696
6576,-2.398956357242527
6577,32.683826797733936
6578,-61.73713780475455
6579,63.24889925719303
6580,-86.81070321456271
6581,-79.63475534106894
6582,-8.566971906604184
6583,66.70681821693724
6584,-5.331605943230585
6585,-13.632615902529984
6586,-7.788087914823059
6587,-0.541396076010833
6588,-28.97706635070533
6589,-62.201520427155856
6590,-36.2758081283595
6591,-10.04256784275915
6592,-2.3851136691289163
6593,-69.29818637843881
6594,56.56200187343734
6595,-62.51114746420809
6596,-60.84993734416438
6597,-5.298514052929004
6598,-5.607319227783272
6599,36.66421972523929
6600,34.98438555454835
6601,61.039673876842144
6602,-27.19665380621173
6603,-30.254666382499355
6604,-75.40279988264241
6605,66.79378791424658
6606,-23.932678164468893
6607,-3.694191661336584
6608,-26.89114047064198
6609,-54.530061767270674
6610,-61.9338826353747
6611,-75.33940938388572
6612,-77.69930848321857
6613,-77.09277906210401
6614,58.34270938637201
6615,-73.55956431087475
6616,-7.140149528424683
6617,42.318304491605005
6618,-10.09011504661368
6619,0.4005597301412773
6620,-10.868623723266357
6621,-74.4583918773693
6622,-53.45883790875714
6623,-27.23305661071941
6624,-58.38248901761558
6625,-1.0158278880073126
6626,1.748903872342479
6627,-35.60128499146405
6628,32.40709751304
6629,-9.183519326795649
6630,-23.0800506464815
6631,-76.15270105697248
6632,-35.609400144102054
6633,-26.977223410325777
6634,-78.50718925384247
6635,-17.682454187786124
6636,42.94296915155668
6637,-64.93981175300867
6638,-67.08115249577105
6639,66.6035634947385
6640,49.60349844329611
6641,-7.029783989241212
6642,-27.666787644344243
6643,45.09359772949384
6644,-33.30377129530146
6645,65.49569377443937
6646,-41.54220666737627
6647,-82.78583746849172
6648,-26.85245514817535
6649,-76.5514839987758
6650,-59.51079273519666
6651,66.68543973904119
6652,-71.61046830505524
6653,-57.25508393236008
6654,25.56076084035577
6655,-2.69334969529291
6656,35.84068084592866
6657,54.1348973837963
6658,40.088990285536354
6659,-9.02313199322576
6660,-9.995419964566446
6661,-9.374458255104816
6662,-72.71149669118446
6663,62.331442687399615
6664,40.01356708003517
6665,-0.7496286154978629
6666,41.91402706211471
6667,71.28859890235752
6668,-74.4836345924549
6669,-58.93944048749516
6670,-9.995419964566446
6671,-7.425703066643962
6672,-13.248861260517636
6673,63.18334989245297
6674,36.66421972523929
6675,-75.47893928747578
6676,-86.81070321456271
6677,-35.60128499146405
6678,65.08829462396025
6679,35.39393099415891
6680,30.304025245726063
6681,-7.87722598016262
6682,-8.846016977732175
6683,41.33170082782818
6684,-60.70502330253149
6685,41.53605438354017
6686,-3.1823952700305704
6687,-75.01037963921449
6688,60.50585832387884
6689,-80.31065166378323
6690,-51.212992191882485
6691,-11.994829868024173
6692,-74.3600921100853
6693,41.92090196450646
6694,-90.72734175128018
6695,-50.91826959667229
6696,61.798001470656175
6697,-11.542899187555424
6698,-22.515126743185963
6699,-11.883548839167652
6700,-4.401706146386156
6701,-12.379470248681288
6702,62.04825491203099
6703,-59.59429438137545
6704,-14.409512658573314
6705,-83.23176343398579
6706,-62.345236645478366
6707,-75.46539919270609
6708,-29.56631913673874
6709,-4.534384788077696
6710,-81.90648355503954
6711,40.36657539126269
6712,64.33299025521805
6713,47.6473264097172
6714,-41.54220666737627
6715,-67.18114320430499
6716,-14.33513888158734
6717,66.50155192358748
6718,-87.06584190136827
6719,-14.643366466559176
6720,40.088990285536354
6721,40.82699705355904
6722,39.39891851617509
6723,-32.882645330274585
6724,61.98255419449427
6725,34.50139599037937
6726,-11.074092664326836
6727,40.22987265395766
6728,-62.084608732964206
6729,-77.69930848321857
6730,67.46302268877629
6731,-31.815076803291948
6732,-38.42410885497485
6733,-9.16333440119039
6734,4.195238223125644
6735,-75.03928916896348
6736,-53.45883790875714
6737,-75.03928916896348
6738,39.50709747877142
6739,67.46302268877629
6740,-25.523756447509445
6741,-78.50718925384247
6742,63.72000670899209
6743,34.50139599037937
6744,-72.55563018847235
6745,-75.91312967730518
6746,-5.803575818189128
6747,-72.70497387164005
6748,67.0020738945331
6749,-15.079875626616031
6750,64.73757241818981
6751,-63.52445538207183
6752,-7.425703066643962
6753,41.60295258592093
6754,40.5311754088644
6755,-79.72476945190613
6756,-11.073946548308855
6757,-9.979291037299042
6758,-83.11073649414452
6759,-60.85322866238885
6760,40.428226346865486
6761,-85.23487182143322
6762,-31.3027624572342
6763,-52.0866264338648
6764,41.72453634130594
6765,45.04786005402548
6766,-20.55309979166856
6767,-75.36063152359952
6768,-90.72734175128018
6769,4.199970386016611
6770,-27.156941571764165
6771,0.648692607701757
6772,63.64249656322729
6773,57.85573814496539
6774,-5.070325290424319
6775,-10.962026688317453
6776,-8.707419289103248
6777,41.13663414562673
6778,-26.920112917194235
6779,64.40980667695845
6780,49.8854588930168
6781,-12.087360880032213
6782,40.48109789807855
6783,-73.86605140451951
6784,-77.83299314649408
6785,-10.138145914045635
6786,-28.12206582849281
6787,66.06729535567457
6788,-89.1702403607034
6789,61.98255419449427
6790,-58.42490173702984
6791,-8.846016977732175
6792,-51.47874314031893
6793,-7.873307917813335
6794,-6.686471629063485
6795,-7.111289946213082
6796,-5.992782644715096
6797,44.79057020984031
6798,-11.073946548308855
6799,70.85538337749894
6800,-23.877966421041947
6801,-26.846297389698023
6802,-7.029783989241212
6803,-78.76099924325672
6804,-60.15690763304704
6805,-32.233161939026594
6806,39.83502431497959
6807,-27.315627038546378
6808,-57.82379072734178
6809,1.581874684122079
6810,39.83502431497959
6811,-63.1090796674149
6812,-35.44144699854155
6813,68.36139182686271
6814,43.998898363042606
6815,-36.86692349848009
6816,-30.697783185169403
6817,-1.5953920508915118
6818,-71.47769691797707
6819,-29.13555835850336
6820,-8.846016977732175
6821,-72.54479200568028
6822,-11.074092664326836
6823,-6.029424670700943
6824,-35.44144699854155
6825,-7.929479460085005
6826,25.56076084035577
6827,66.88969575176687
6828,-5.2355018453264535
6829,-77.83299314649408
6830,60.419420472139535
6831,2.173891002502353
6832,-76.5514839987758
6833,-57.55203886449649
6834,39.83502431497959
6835,-76.51934178222768
6836,-80.31065166378323
6837,-64.24361040707795
6838,-27.19665380621173
6839,65.00374440035976
6840,-6.414334205617422
6841,-7.87722598016262
6842,-60.33413752023165
6843,-6.686471629063485
6844,-27.74637392594212
6845,39.9886205658133
6846,-4.332894568461685
6847,-26.02508084533667
6848,41.50980139957576
6849,-31.5377749763682
6850,-8.846016977732175
6851,-63.7878808059625
6852,-23.12447624841403
6853,-64.92834957137542
6854,61.039673876842144
6855,-7.929479460085005
6856,47.17357827473257
6857,66.05100890886634
6858,-72.3052939038253
6859,-89.1702403607034
6860,-61.9338826353747
6861,-1.9446595378384528
6862,-11.073946548308855
6863,-23.363662540087866
6864,-30.697783185169403
6865,-63.52445538207183
6866,-67.08115249577105
6867,58.34270938637201
6868,41.941616193967775
6869,55.67212885443735
6870,-73.55956431087475
6871,-2.080318792535808
6872,-5.966285005276342
6873,-2.574346622273989
6874,-73.86605140451951
6875,58.83143705910717
6876,-7.75309998330379
6877,35.05875134194177
6878,66.61426308506461
6879,-21.54190548132493
6880,-3.0754528486281014
6881,-73.92066476365194
6882,42.35287899467765
6883,-76.95743567367555
6884,41.72453634130594
6885,-61.23846600762738
6886,-66.34862313719215
6887,40.5311754088644
6888,-30.597897063103844
6889,-56.41068578606099
6890,-28.12206582849281
6891,-31.459779974115232
6892,43.65792592646444
6893,-31.3027624572342
6894,71.26238814053306
6895,-12.329588265095795
6896,-3.2350359056518485
6897,-3.0754528486281014
6898,35.39393099415891
6899,-22.02715864273767
6900,32.40709751304
6901,41.96525623769122
6902,25.56076084035577
6903,-5.997925082891175
6904,-27.19665380621173
6905,38.295453114862106
6906,-54.90772358749999
6907,-11.542899187555424
6908,-64.01158896711453
6909,-59.34242908520051
6910,-8.531637283711124
6911,3.635141155928801
6912,-67.08115249577105
6913,-75.36063152359952
6914,39.50709747877142
6915,39.03694666665916
6916,-73.55956431087475
6917,-10.418521159731604
6918,-32.10576461468392
6919,-80.47140262713876
6920,67.01598397996668
6921,-60.578586063416736
6922,43.89225805824531
6923,2.742600154030061
6924,58.34270938637201
6925,-32.10576461468392
6926,68.57526695417478
6927,41.60295258592093
6928,-10.173235891165302
6929,-12.59743489507119
6930,-81.46486277551598
6931,-6.010900652159516
6932,45.62965356403297
6933,-11.837368741262752
6934,-31.00266367088779
6935,-8.46239557032348
6936,-16.262430910517107
6937,-7.26520515737638
6938,66.6035634947385
6939,-77.31425486854025
6940,35.05875134194177
6941,61.39385843532757
6942,2.660999544619588
6943,-73.36352609792883
6944,-3.0754528486281014
6945,-6.382712414384795
6946,-78.29954804035152
6947,-8.531637283711124
6948,35.05700953112306
6949,-2.416445329160364
6950,-5.001589626260497
6951,-23.932678164468893
6952,-74.4583918773693
6953,-75.46539919270609
6954,66.59705329047347
6955,44.86722791119784
6956,35.271502819362595
6957,33.16380744850838
6958,-24.459178697449207
6959,-7.131320726137928
6960,-5.992782644715096
6961,-11.305647850786803
6962,4.864062889574363
6963,-8.503646743320747
6964,42.898696724858816
6965,-28.12206582849281
6966,-30.486303428999967
6967,-16.262430910517107
6968,39.67475812346295
6969,-6.686471629063485
6970,-14.643366466559176
6971,46.100897380563126
6972,54.1348973837963
6973,63.0751490414502
6974,-77.37464163301084
6975,56.56200187343734
6976,40.752789853633246
6977,-4.494855641949149
6978,60.84253879283033
6979,-35.47086758002842
6980,-63.1090796674149
6981,-69.04641327418892
6982,1.3042624013334043
6983,48.10828489520655
6984,-73.18665067825026
6985,-59.33523263018069
6986,-1.8755022199162736
6987,-2.595855790679936
6988,-1.0158278880073126
6989,66.21605348349856
6990,-31.00266367088779
6991,37.05130700586161
6992,41.50980139957576
6993,-12.59743489507119
6994,-36.86692349848009
6995,40.428226346865486
6996,-28.519138117895988
6997,60.50585832387884
6998,-87.06584190136827
6999,-25.355518141456425
7000,-8.225034264381453
7001,-1.1481831915885028
7002,-29.497180362491257
7003,56.56200187343734
7004,-34.24988940709617
7005,35.39393099415891
7006,66.59705329047347
7007,42.19726316911568
7008,66.73546622839567
7009,-34.53640193103023
7010,-63.580774441025845
7011,-76.51934178222768
7012,65.18080976767835
7013,-66.32050020885046
7014,4.004680406510999
7015,-77.31425486854025
7016,-60.70502330253149
7017,36.56869080873177
7018,47.84039366659509
7019,32.538605486289484
7020,-57.789180253049466
7021,-60.15690763304704
7022,-22.39870876547171
7023,-59.64762570277663
7024,72.95994421254557
7025,-76.56280637866095
7026,-52.34607086360719
7027,-8.79003477720734
7028,-4.401706146386156
7029,66.70681821693724
7030,-67.07528678788913
7031,-69.95000088105685
7032,-64.92834957137542
7033,42.18647522672894
7034,-3.201399238065399
7035,-37.97883628667488
7036,-56.68216865536338
7037,-11.769136568911255
7038,-80.47140262713876
7039,58.88665806788323
7040,-9.518668443943051
7041,-27.04718146998889
7042,-57.519833511536895
7043,40.752789853633246
7044,-62.85011578311422
7045,-11.542899187555424
7046,-89.1702403607034
7047,-35.44144699854155
7048,-9.16333440119039
7049,-76.41538444778116
7050,58.65511261517455
7051,62.94099053924887
7052,25.56076084035577
7053,61.98255419449427
7054,-34.39897118912559
7055,-71.95480935882445
7056,-74.34634808194613
7057,-73.40144647331792
7058,-26.27456985650977
7059,-8.160984330375271
7060,-5.733358144693721
7061,-78.64789341123152
7062,65.2158379638997
7063,-79.05643433569293
7064,-76.98625198138444
7065,-8.707419289103248
7066,42.15345834344329
7067,-77.8062188063296
7068,-28.253244615649336
7069,-78.13388771148742
7070,-72.70497387164005
7071,2.1500681364149474
7072,-71.93861282264872
7073,-26.93039415820711
7074,-4.359092529546185
7075,-25.79048620678672
7076,-84.23607091292693
7077,-0.541396076010833
7078,-16.262430910517107
7079,39.03694666665916
7080,-77.37464163301084
7081,-63.37702012828234
7082,-64.39015657423077
7083,-84.10141905726678
7084,-7.664764601002905
7085,-10.214467778602057
7086,-0.883933715369869
7087,-84.26748010711547
7088,-79.63475534106894
7089,-62.50591540356272
7090,-63.1090796674149
7091,2.454294617154257
7092,-21.38920433463367
7093,-72.65438641593056
7094,-15.04699622209943
7095,-59.36652030330038
7096,-52.113360322774646
7097,-10.173235891165302
7098,40.82699705355904
7099,38.9208095552322
7100,73.40520164562852
7101,42.62474228722876
7102,-41.54220666737627
7103,-62.51114746420809
7104,-60.15690763304704
7105,-7.422559908002665
7106,-70.32216843192907
7107,41.91402706211471
7108,-3.698597072354776
7109,65.33342846680422
7110,38.9208095552322
7111,-1.6610891135358958
7112,-1.2344193363181546
7113,35.05700953112306
7114,3.7946001534845
7115,-62.85011578311422
7116,-79.12471567753795
7117,-11.665292898634467
7118,-77.85972850026772
7119,-3.156599229035108
7120,-12.59743489507119
7121,-27.74637392594212
7122,-73.92066476365194
7123,-33.510762944296296
7124,-66.32050020885046
7125,3.833439175181372
7126,-15.676815727523898
7127,-29.13555835850336
7128,-12.329588265095795
7129,3.362797406360993
7130,34.50139599037937
7131,-28.88729492719
7132,40.1761518761277
7133,0.7850828478359848
7134,60.50585832387884
7135,-69.52845145721565
7136,-9.979291037299042
7137,-10.007431619970673
7138,-22.993694021524178
7139,-54.59278664355077
7140,39.06522062345375
7141,-62.50591540356272
7142,-7.427577175583943
7143,-8.758616324278822
7144,-0.0438777028729893
7145,-56.68216865536338
7146,-31.459779974115232
7147,35.39393099415891
7148,-7.584286894374431
7149,-2.0721411655569213
7150,-64.92834957137542
7151,-29.497180362491257
7152,-73.64633835796165
7153,59.67339799824333
7154,63.72000670899209
7155,-26.51086816575912
7156,67.07261742240642
7157,-12.59743489507119
7158,-79.63475534106894
7159,-4.430482946756426
7160,-38.40225638981158
7161,-1.1911538446422398
7162,-3.80135872842238
7163,44.86722791119784
7164,-37.97883628667488
7165,-0.4287126696106416
7166,-4.401706146386156
7167,-26.02508084533667
7168,-2.399953046432356
7169,-16.262430910517107
7170,-33.30377129530146
7171,1.1082025840431005
7172,64.59853306100433
7173,-70.32216843192907
7174,40.12925902546449
7175,-62.30840394513963
7176,-3.156599229035108
7177,-35.609400144102054
7178,3.7946001534845
7179,-72.37946444229358
7180,-33.510762944296296
7181,-31.644462587749143
7182,66.7755277837046
7183,-27.297787961739168
7184,39.9886205658133
7185,-9.518668443943051
7186,33.16380744850838
7187,67.01598397996668
7188,70.10411288258985
7189,-25.74705922360124
7190,-35.47086758002842
7191,-29.092204050948627
7192,-8.503646743320747
7193,35.28018208126228
7194,-11.618034414851582
7195,59.48433466014458
7196,64.59853306100433
7197,-33.510762944296296
7198,-11.073946548308855
7199,-26.977223410325777
7200,72.72466487798233
7201,-85.76003477392135
7202,66.88969575176687
7203,38.25957094169318
7204,42.62474228722876
7205,-3.5509096837831287
7206,-10.822213800496597
7207,-6.009665695932522
7208,-62.16974987899053
7209,-2.227145973898304
7210,-27.1051490213157
7211,-10.822213800496597
7212,-65.50015994794904
7213,39.06522062345375
7214,-23.62850301861042
7215,2.966657622511506
7216,-2.399953046432356
7217,-62.85011578311422
7218,2.2564428469157423
7219,-30.51623466097708
7220,-0.7496286154978629
7221,-60.90769053106367
7222,-11.073946548308855
7223,-74.92651767970194
7224,-63.580774441025845
7225,-5.36336006553076
7226,-41.54220666737627
7227,-11.315911069586086
7228,-61.61842785718156
7229,-76.88450692580633
7230,-73.94188798644797
7231,-76.98625198138444
7232,63.52955682405342
7233,-20.28436915190038
7234,64.40980667695845
7235,-76.98625198138444
7236,-79.95278541730005
7237,-15.404960933218463
7238,-3.233576717190023
7239,-2.9229301478088763
7240,37.476363603903096
7241,-26.977223410325777
7242,-76.98625198138444
7243,-73.55956431087475
7244,-11.073946548308855
7245,35.39393099415891
7246,64.49112253479535
7247,37.96374481615148
7248,-7.974311458763895
7249,-29.300421652945484
7250,37.80711072183117
7251,66.70681821693724
7252,-83.68759355665279
7253,42.15345834344329
7254,-65.29476205877805
7255,-73.86605140451951
7256,-79.00875160222058
7257,-72.24825053332665
7258,-11.462212509260196
7259,41.36802637831073
7260,-5.430652455909188
7261,44.72816289395019
7262,-75.01037963921449
7263,-32.233161939026594
7264,-71.95480935882445
7265,37.665093464738135
7266,-35.87632597351819
7267,39.83502431497959
7268,-41.54220666737627
7269,-27.315627038546378
7270,-11.074092664326836
7271,68.13720946416902
7272,66.57222089187188
7273,-82.1274729752687
7274,-17.53215199378446
7275,-5.298514052929004
7276,-86.81070321456271
7277,-60.15690763304704
7278,-7.26520515737638
7279,-73.92066476365194
7280,-65.84359682363667
7281,-67.0463487195048
7282,-16.262430910517107
7283,63.533318392745926
7284,1.0204854383614976
7285,-23.93591842009957
7286,68.68828456367338
7287,31.194697643385872
7288,37.05130700586161
7289,-5.992782644715096
7290,-23.877966421041947
7291,1.581874684122079
7292,-11.769136568911255
7293,-72.80415415625535
7294,47.47791997891035
7295,63.52955682405342
7296,-54.48232871493684
7297,-11.305647850786803
7298,-74.10943440590636
7299,34.73045409312139
7300,-59.19931753164319
7301,-11.462212509260196
7302,-56.75781714447006
7303,39.67475812346295
7304,-56.96930343312056
7305,70.8192756155794
7306,-23.860661478653444
7307,-22.67127162423683
7308,-77.36855871548516
7309,40.42987323099398
7310,-5.73708273600798
7311,-61.78637824295213
7312,-75.43799089015332
7313,-74.92651767970194
7314,43.70224729043476
7315,65.08829462396025
7316,61.87264073442543
7317,71.68647745706606
7318,-76.88480064082812
7319,-83.23176343398579
7320,-6.42090775909274
7321,-12.149557757250154
7322,-78.29954804035152
7323,-60.17331855547357
7324,-63.69007373642843
7325,-76.88480064082812
7326,35.271502819362595
7327,-41.54220666737627
7328,-18.87276001395534
7329,-73.92066476365194
7330,40.1997290828098
7331,56.56200187343734
7332,-64.74229880063977
7333,-32.132748128063696
7334,37.96374481615148
7335,-63.69007373642843
7336,-4.157715524556701
7337,-63.52445538207183
7338,-9.6474217323402
7339,63.533318392745926
7340,0.22088906445371
7341,56.56200187343734
7342,-28.947375459385736
7343,-60.90633852709901
7344,-29.13555835850336
7345,43.36755707644063
7346,39.52896101454392
7347,-0.5372649818030917
7348,-4.401706146386156
7349,-78.29954804035152
7350,-79.12471567753795
7351,-25.74705922360124
7352,-7.269750188267194
7353,-56.41068578606099
7354,60.50585832387884
7355,-73.86605140451951
7356,-2.458315766627843
7357,-73.52319803768694
7358,-74.92761969776811
7359,-55.43618841641477
7360,-36.86692349848009
7361,-75.36530935873157
7362,-27.371337155700843
7363,-6.62980693918264
7364,-17.682454187786124
7365,-82.59296285152513
7366,-68.49457574370324
7367,58.34270938637201
7368,42.792427110977904
7369,66.88969575176687
7370,-8.225034264381453
7371,63.72406038611528
7372,-8.269538668062541
7373,-72.55563018847235
7374,35.271502819362595
7375,-80.47140262713876
7376,-5.73708273600798
7377,57.85573814496539
7378,40.5311754088644
7379,35.38586981612157
7380,-74.4836345924549
7381,39.83502431497959
7382,-6.019010599069008
7383,-10.138145914045635
7384,41.30231880688921
7385,-9.834870124499968
7386,67.35529233990276
7387,-2.044077406059408
7388,-1.874227231626836
7389,-35.60128499146405
7390,4.356135568647475
7391,-3.8016517977388826
7392,-6.404620490210941
7393,-65.84359682363667
7394,0.6813891915504726
7395,54.1348973837963
7396,38.25957094169318
7397,-1.1001642166614582
7398,70.78930645787194
7399,-66.77189284114378
7400,38.25957094169318
7401,-65.80903703011589
7402,-55.72556644290738
7403,2.679796172854789
7404,-5.001589626260497
7405,60.50585832387884
7406,-7.26520515737638
7407,44.27058698863959
7408,-34.24988940709617
7409,-27.19665380621173
7410,69.48556092671939
7411,63.533318392745926
7412,-68.4355143394716
7413,80.01541992125873
7414,38.84997828762189
7415,66.61426308506461
7416,41.941616193967775
7417,-59.59429438137545
7418,-4.833958381946223
7419,-30.80124260672842
7420,0.6472290547501958
7421,-59.34242908520051
7422,-5.992782644715096
7423,-63.1090796674149
7424,38.99973521569434
7425,-72.43412118237194
7426,37.476363603903096
7427,-5.992782644715096
7428,-69.95000088105685
7429,-4.494855641949149
7430,-69.29148821448653
7431,66.15360134916973
7432,71.07529765648052
7433,-20.70197819302654
7434,-26.1805326120134
7435,-60.790875060332766
7436,-30.486303428999967
7437,-6.518470733547181
7438,-11.769136568911255
7439,-35.47086758002842
7440,-31.24706472112417
7441,-32.47612415143007
7442,-54.48232871493684
7443,-23.021399147077343
7444,38.99973521569434
7445,71.4160355605339
7446,-3.968400438469713
7447,37.96374481615148
7448,-30.254666382499355
7449,-5.430652455909188
7450,67.71318370917118
7451,-27.23305661071941
7452,-55.08897524593524
7453,-58.27419170733627
7454,-67.0463487195048
7455,38.25957094169318
7456,-7.929479460085005
7457,63.533318392745926
7458,-55.04520609442891
7459,-56.320445995580606
7460,-27.315627038546378
7461,0.5545213978715426
7462,-72.85178161625358
7463,-74.19899998495511
7464,-60.84993734416438
7465,-34.24988940709617
7466,-1.0471764996168016
7467,-31.5377749763682
7468,63.72406038611528
7469,64.14906184600571
7470,61.609475495951415
7471,4.9852171320356415
7472,-68.25324325761218
7473,32.7061659241352
7474,-17.53215199378446
7475,-74.92761969776811
7476,25.56076084035577
7477,-17.161080693549465
7478,68.47641684351305
7479,-8.846016977732175
7480,-80.83627000062143
7481,-26.03776833762935
7482,-2.512720374465241
7483,-15.079875626616031
7484,-22.78772884574009
7485,-54.64062708695168
7486,62.61069959875252
7487,-6.518470733547181
7488,65.33342846680422
7489,-7.761546277166072
7490,-83.68759355665279
7491,-58.348276808441135
7492,-70.78025679994585
7493,38.99973521569434
7494,-61.78637824295213
7495,-71.7366663773837
7496,-35.60128499146405
7497,-30.683159486424103
7498,67.47601397739736
7499,-35.609400144102054
7500,-3.80135872842238
7501,-75.43799089015332
7502,-2.3469176041874986
7503,44.77182276297584
7504,-25.79566212469846
7505,59.03423570538068
7506,-75.9743423734373
7507,43.43601428657436
7508,-4.616865115492444
7509,-62.084608732964206
7510,34.84188188871126
7511,-27.666787644344243
7512,-6.445787469288213
7513,-76.10311902598399
7514,33.498044847858736
7515,-30.697783185169403
7516,-31.459779974115232
7517,-72.2584952670134
7518,41.53605438354017
7519,-5.733358144693721
7520,-61.67694497066673
7521,-78.76099924325672
7522,-31.459779974115232
7523,-7.788087914823059
7524,-80.47140262713876
7525,0.8538862859337497
7526,34.49981440779984
7527,-60.84993734416438
7528,-3.5257497659313297
7529,58.34270938637201
7530,-7.427577175583943
7531,-26.846297389698023
7532,-65.84359682363667
7533,-61.61842785718156
7534,-76.82012130686287
7535,62.94099053924887
7536,-23.558739844844336
7537,-3.342726992729098
7538,38.14843667467258
7539,-79.59903408321645
7540,1.92374423540789
7541,-30.51623466097708
7542,-2.576161615892416
7543,-5.371263595210845
7544,-31.459779974115232
7545,70.1396250929641
7546,44.796646915434415
7547,43.15660939684061
7548,-73.18665067825026
7549,-77.48505395685753
7550,47.27733415678232
7551,66.88969575176687
7552,-75.01037963921449
7553,-67.07528678788913
7554,68.31277511013353
7555,-10.099191933828475
7556,-7.584286894374431
7557,-82.36937111324487
7558,-8.197841973942655
7559,-7.422559908002665
7560,45.17003310226328
7561,-31.644462587749143
7562,0.7850828478359848
7563,-4.584406107837143
7564,61.67052376326558
7565,63.82120522131376
7566,-34.39897118912559
7567,-3.80135872842238
7568,-62.16974987899053
7569,-24.71157599357561
7570,-8.503646743320747
7571,63.37200007653296
7572,-26.86230466291597
7573,-7.87722598016262
7574,35.271502819362595
7575,47.3385473626433
7576,-84.10149257200307
7577,-8.503646743320747
7578,-65.84359682363667
7579,-11.462212509260196
7580,-55.4830495264537
7581,-62.51114746420809
7582,-74.4583918773693
7583,63.533318392745926
7584,-11.073946548308855
7585,73.42426350654526
7586,-33.510762944296296
7587,-6.38046612282888
7588,-22.205161716200685
7589,-9.834870124499968
7590,59.03423570538068
7591,65.18080976767835
7592,61.798001470656175
7593,-4.808113083440077
7594,-0.0479918921296746
7595,-82.71220166906676
7596,-10.418521159731604
7597,-34.24988940709617
7598,-36.86692349848009
7599,-72.70497387164005
7600,-6.62980693918264
7601,55.67212885443735
7602,60.32056287873076
7603,-5.992782644715096
7604,-23.334941121707164
7605,66.7190058578992
7606,43.947631923059085
7607,39.52159043117056
7608,-75.83388819426851
7609,-12.607500586876384
7610,39.52159043117056
7611,-26.93039415820711
7612,-28.220619193153148
7613,-1.9446595378384528
7614,46.43597127366526
7615,-77.32279117203406
7616,-2.416445329160364
7617,-63.1090796674149
7618,-4.422856511260056
7619,-19.126210063967022
7620,-81.37007839905087
7621,60.30375061880952
7622,-30.883612597544666
7623,-30.883612597544666
7624,-67.18114320430499
7625,58.83143705910717
7626,44.747593024399
7627,63.422683297858455
7628,49.80116988996386
7629,64.33299025521805
7630,-22.83489294001977
7631,63.82120522131376
7632,-16.262430910517107
7633,41.61129314105938
7634,47.38095983813909
7635,-12.59743489507119
7636,-23.0178472712629
7637,68.13720946416902
7638,-34.24988940709617
7639,-70.17749037224682
7640,69.60358261695914
7641,0.22088906445371
7642,-80.62671948511012
7643,-27.23305661071941
7644,-55.43618841641477
7645,-74.92651767970194
7646,-4.616865115492444
7647,63.0751490414502
7648,-79.33858064165344
7649,69.05409327430773
7650,-53.98964419342119
7651,66.70681821693724
7652,38.00090111966222
7653,-1.5222383110258615
7654,37.665093464738135
7655,41.98218884507362
7656,-58.27419170733627
7657,71.71395273221147
7658,38.25957094169318
7659,-9.834870124499968
7660,67.77199078799403
7661,-68.81213733496406
7662,-66.32050020885046
7663,66.73546622839567
7664,55.67212885443735
7665,-2.7633250546526984
7666,58.34270938637201
7667,-33.20762320071639
7668,65.66553554475688
7669,-14.33513888158734
7670,66.59705329047347
7671,59.03423570538068
7672,-7.20513322395771
7673,-27.666787644344243
7674,-61.78637824295213
7675,-15.04699622209943
7676,-7.006083631586951
7677,-30.51623466097708
7678,39.87822243508837
7679,-57.789180253049466
7680,-8.846016977732175
7681,-80.05505826111892
7682,-50.94803357512981
7683,-62.50591540356272
7684,-62.85011578311422
7685,-35.47086758002842
7686,-29.13555835850336
7687,-58.31376952244519
7688,-79.72476945190613
7689,43.96473411411774
7690,-58.70951098304084
7691,71.19025991532656
7692,-14.33513888158734
7693,-23.30694051966973
7694,-28.8150175760548
7695,-62.3228701498508
7696,69.17591406760761
7697,70.94923500895608
7698,-79.35669741741464
7699,-82.1274729752687
7700,70.80308470585672
7701,-2.3256998609371777
7702,-24.385488155567
7703,-7.761546277166072
7704,-58.883821010199085
7705,-73.46106046237713
7706,-78.7603110566254
7707,44.27058698863959
7708,-4.833958381946223
7709,-67.0463487195048
7710,71.3621207500243
7711,48.571290812855786
7712,-72.3548166764166
7713,-4.032455993622666
7714,63.52955682405342
7715,-17.53215199378446
7716,-78.29954804035152
7717,60.84018194844676
7718,-84.10149257200307
7719,-12.149557757250154
7720,38.84414987822832
7721,-20.86443807594093
7722,-28.12206582849281
7723,-17.396166652590168
7724,-12.21808408037968
7725,-62.16974987899053
7726,-76.88480064082812
7727,61.98255419449427
7728,-5.966285005276342
7729,-0.6379345629118571
7730,-75.36530935873157
7731,41.941616193967775
7732,-60.96641268119785
7733,-79.95278541730005
7734,41.911255438477085
7735,-8.344429391075167
7736,-79.40871875761671
7737,-6.382712414384795
7738,-0.6890852458550443
7739,-2.576161615892416
7740,-6.414334205617422
7741,-31.47195672325718
7742,35.38586981612157
7743,-27.12461377077931
7744,-5.091180960491526
7745,-84.23607091292693
7746,-9.995419964566446
7747,0.020010867115194
7748,-78.29954804035152
7749,-15.676815727523898
7750,58.65511261517455
7751,-26.1805326120134
7752,-28.88729492719
7753,-12.607500586876384
7754,63.79239417134297
7755,-76.5514839987758
7756,-3.459517002914591
7757,-8.013881189390164
7758,39.06522062345375
7759,-6.424595869368632
7760,-31.02583668420939
7761,-37.97883628667488
7762,43.6788437800918
7763,62.69518393453714
7764,-18.60679572964469
7765,-72.37060932837274
7766,-66.77189284114378
7767,-75.26997488375015
7768,38.9208095552322
7769,-7.587411232884625
7770,-9.375849575147347
7771,-26.933720362983763
7772,-32.233161939026594
7773,-55.77281733512691
7774,-69.22677167853784
7775,-27.297787961739168
7776,-5.632971540500861
7777,-16.262430910517107
7778,68.29682674789396
7779,-26.27456985650977
7780,-26.846297389698023
7781,2.966657622511506
7782,-7.974311458763895
7783,34.17813419054161
7784,-4.808113083440077
7785,-68.59096305160685
7786,67.87539491644151
7787,0.4236518802164819
7788,-7.929479460085005
7789,-22.805810074415472
7790,4.195238223125644
7791,66.00174966545849
7792,-29.13555835850336
7793,-55.91703795928393
7794,55.64994295857389
7795,58.74419768537975
7796,-12.149557757250154
7797,4.024731978375669
7798,-72.65438641593056
7799,-30.88712054592461
7800,68.31277511013353
7801,-10.962026688317453
7802,-70.27021467228023
7803,66.51245444875539
7804,-4.09008190187442
7805,-30.858778933061096
7806,-61.73713780475455
7807,-59.59011383228702
7808,-7.974311458763895
7809,-9.33813276725121
7810,-15.079875626616031
7811,-89.1702403607034
7812,-25.89706267019465
7813,-59.52464907934114
7814,68.29640265719058
7815,62.94099053924887
7816,70.27664715086716
7817,-0.1504659813029696
7818,3.1772690496074776
7819,-11.308745255447002
7820,-81.05442787600578
7821,66.03544890507945
7822,-73.55956431087475
7823,41.53605438354017
7824,63.12879999571948
7825,-79.05643433569293
7826,-79.72476945190613
7827,38.24589748821752
7828,71.19025991532656
7829,-80.13498814838687
7830,-4.54611367387072
7831,-34.39897118912559
7832,-6.445787469288213
7833,-5.36336006553076
7834,-76.5514839987758
7835,-61.62676502257065
7836,-77.32279117203406
7837,-30.173001332425898
7838,40.088990285536354
7839,61.67052376326558
7840,33.498044847858736
7841,-8.269538668062541
7842,-2.0721411655569213
7843,-32.482227207517994
7844,-3.1487782185503024
7845,0.5545213978715426
7846,35.38586981612157
7847,66.03544890507945
7848,68.58632148439659
7849,40.86952834458981
7850,-23.62850301861042
7851,35.43344516318291
7852,43.23915622306088
7853,-76.5514839987758
7854,-6.414334205617422
7855,-4.808113083440077
7856,-1.5222383110258615
7857,-10.418521159731604
7858,37.8041409641169
7859,-73.40144647331792
7860,58.34270938637201
7861,-7.87722598016262
7862,-7.87722598016262
7863,-23.655853836466093
7864,-27.371337155700843
7865,68.31277511013353
7866,41.92090196450646
7867,-9.6474217323402
7868,-12.607500586876384
7869,-32.882645330274585
7870,-77.69930848321857
7871,-6.518470733547181
7872,41.92090196450646
7873,65.33342846680422
7874,-2.534787513419122
7875,-55.317306652422445
7876,41.61129314105938
7877,-76.17916175289152
7878,-10.775911341910591
7879,-72.96194272971843
7880,35.38586981612157
7881,-33.9092624412537
7882,66.66705522431766
7883,-63.37702012828234
7884,37.476363603903096
7885,-78.76099924325672
7886,58.34270938637201
7887,-76.98630166198411
7888,-1.508958080723803
7889,-61.78637824295213
7890,-9.375849575147347
7891,-35.44144699854155
7892,71.26305326337044
7893,-62.345236645478366
7894,-4.422856511260056
7895,-79.12471567753795
7896,-11.305647850786803
7897,66.88969575176687
7898,-65.17624768539207
7899,-31.732892989857223
7900,-35.60128499146405
7901,-28.88729492719
7902,-27.12461377077931
7903,-83.68759355665279
7904,-8.566971906604184
7905,-56.320445995580606
7906,-7.974311458763895
7907,-8.799788350944228
7908,-83.23176343398579
7909,-21.14371700512894
7910,-79.12471567753795
7911,-83.23176343398579
7912,-6.695456806626906
7913,-29.497180362491257
7914,-66.32050020885046
7915,-64.9890766063996
7916,41.98218884507362
7917,38.56106947400747
7918,-5.001589626260497
7919,-60.15690763304704
7920,-4.749999585165436
7921,-62.30840394513963
7922,44.435444990668
7923,-8.846016977732175
7924,-0.6443790804680489
7925,61.67052376326558
7926,-68.49457574370324
7927,-8.799788350944228
7928,-32.10576461468392
7929,-4.401706146386156
7930,-4.987038246921204
7931,-29.13555835850336
7932,-10.099191933828475
7933,55.64994295857389
7934,-9.38875723107765
7935,56.56200187343734
7936,-18.88030480067141
7937,-78.82572637202423
7938,-78.13388771148742
7939,-73.18665067825026
7940,68.13720946416902
7941,-71.6867609909523
7942,-61.78637824295213
7943,-70.78025679994585
7944,32.40709751304
7945,61.87264073442543
7946,-7.269750188267194
7947,-81.05442787600578
7948,64.33299025521805
7949,32.86265841239917
7950,-29.13555835850336
7951,-2.67233679784987
7952,-5.6678442787688486
7953,45.33803101095935
7954,60.34747677326471
7955,-32.233161939026594
7956,-5.966285005276342
7957,34.49981440779984
7958,1.3742566904286018
7959,-60.23893574308307
7960,55.67212885443735
7961,-71.97612910724045
7962,-13.280915130103384
7963,44.796646915434415
7964,-4.584406107837143
7965,62.61069959875252
7966,-13.938461451479508
7967,-2.835276824732169
7968,-80.6579710769756
7969,-11.074092664326836
7970,-58.42490173702984
7971,-7.123535720917115
7972,37.96374481615148
7973,-1.6610891135358958
7974,-7.111289946213082
7975,-74.4836345924549
7976,-33.510762944296296
7977,4.597654753989093
7978,60.84018194844676
7979,-9.555642794982832
7980,-13.632615902529984
7981,-64.14681774058303
7982,-4.538858484836755
7983,-16.262430910517107
7984,39.03694666665916
7985,-78.34599662209395
7986,4.895030462341309
7987,66.1497963631735
7988,-34.24988940709617
7989,-77.48505395685753
7990,-33.510762944296296
7991,-60.76990770702721
7992,-30.486303428999967
7993,-11.308745255447002
7994,66.88969575176687
7995,-73.36352609792883
7996,62.48861374716528
7997,-9.6474217323402
7998,-25.355518141456425
7999,-33.510762944296296
8000,-15.079875626616031
8001,-73.58963712241446
8002,64.33299025521805
8003,-16.262430910517107
8004,-4.534384788077696
8005,-2.227145973898304
8006,-2.203156096017543
8007,33.82713415961868
8008,-56.70307085846136
8009,-75.26997488375015
8010,-5.953554277665363
8011,-23.30694051966973
8012,-69.52845145721565
8013,-79.58346029621475
8014,-59.59429438137545
8015,-60.51359776052188
8016,-7.131320726137928
8017,-10.418521159731604
8018,39.38646424921386
8019,39.87822243508837
8020,-79.72476945190613
8021,68.94430405410463
8022,-37.97883628667488
8023,38.24589748821752
8024,-7.006083631586951
8025,68.75171949883753
8026,44.747593024399
8027,37.268150777230346
8028,-29.13555835850336
8029,1.618291888799722
8030,-61.73713780475455
8031,-5.2355018453264535
8032,39.68759649556659
8033,-23.877966421041947
8034,-59.64762168355162
8035,-5.130483547674892
8036,-6.445787469288213
8037,-2.5039205706168675
8038,-59.99995668505326
8039,35.05700953112306
8040,-78.64789341123152
8041,-7.974311458763895
8042,-1.8493783643604984
8043,-84.23607091292693
8044,66.6035634947385
8045,-14.01033359493542
8046,-9.18610166015612
8047,-9.555642794982832
8048,-34.24988940709617
8049,37.08850595914996
8050,39.93142656233844
8051,-21.04549786586847
8052,61.18435962350256
8053,-4.449097078744317
8054,-3.80135872842238
8055,-6.8414066388075785
8056,68.98227163822912
8057,49.57566315227309
8058,42.74205637648844
8059,42.24819388647964
8060,-89.1702403607034
8061,-73.150937410401
8062,-29.53255026596179
8063,-29.438354712846188
8064,68.94430405410463
8065,-10.24959355324585
8066,34.092977633368456
8067,1.6463920631907016
8068,-27.666787644344243
8069,-4.595237845554788
8070,-58.42490173702984
8071,-55.299257624438
8072,-79.12471567753795
8073,-55.899611466513605
8074,-76.84807166286775
8075,-26.933720362983763
8076,66.71690517879364
8077,-12.329588265095795
8078,39.06522062345375
8079,68.75171949883753
8080,65.33342846680422
8081,-79.12471567753795
8082,-75.40279988264241
8083,-1.5770069169837528
8084,-32.130462689928706
8085,2.039530131236
8086,67.10594324645832
8087,34.75022517626341
8088,-11.073946548308855
8089,-1.5953920508915118
8090,-82.1274729752687
8091,70.40881374909257
8092,-62.50591540356272
8093,31.918904516599905
8094,0.22088906445371
8095,-53.98964419342119
8096,-59.59011383228702
8097,-11.618034414851582
8098,37.476363603903096
8099,-6.686471629063485
8100,-4.566235324716733
8101,-79.63475534106894
8102,-11.074092664326836
8103,-28.88729492719
8104,-31.73927820400713
8105,-9.6474217323402
8106,-58.75300516644356
8107,70.40881374909257
8108,62.00995586785786
8109,64.49112253479535
8110,-63.580774441025845
8111,41.36802637831073
8112,-5.430652455909188
8113,-24.042752355326705
8114,-73.88159859646935
8115,47.759126316992266
8116,-63.29752395345183
8117,-54.95881614543116
8118,-61.67694497066673
8119,-54.48232871493684
8120,-38.62581592437883
8121,-76.98625198138444
8122,-4.352524213373703
8123,-62.30840394513963
8124,58.74419768537975
8125,0.2395847960603774
8126,-76.32851989196661
8127,-26.154666312391228
8128,-14.409512658573314
8129,-12.59743489507119
8130,63.422683297858455
8131,-9.555642794982832
8132,-35.44144699854155
8133,1.5135180472315164
8134,-4.28120269862379
8135,-19.53778917986508
8136,72.70920851456606
8137,-58.98555660553302
8138,41.36802637831073
8139,35.271502819362595
8140,-58.42490173702984
8141,-2.3469176041874986
8142,-5.008104909710172
8143,-61.73713780475455
8144,-85.99306940497182
8145,-5.632971540500861
8146,-55.575660916982905
8147,-30.697783185169403
8148,-75.40279988264241
8149,-74.89766155043733
8150,-28.88729492719
8151,-7.111289946213082
8152,-7.521787542387624
8153,-7.87722598016262
8154,-33.510762944296296
8155,-19.126210063967022
8156,42.21721678926748
8157,-7.111289946213082
8158,-13.938461451479508
8159,-7.87722598016262
8160,45.26330413018836
8161,-38.62581592437883
8162,-6.382712414384795
8163,-0.2493192526358427
8164,37.665093464738135
8165,-60.17331855547357
8166,39.67475812346295
8167,58.55133086299018
8168,-79.05643433569293
8169,39.52159043117056
8170,69.29982043184827
8171,43.89225805824531
8172,-62.50591540356272
8173,-0.0673529309983589
8174,-76.17916175289152
8175,62.22256386667254
8176,39.2322599081036
8177,68.03969364483851
8178,-1.4306246852445046
8179,-74.01000893601102
8180,-27.7881691411117
8181,40.088990285536354
8182,70.53156271528282
8183,-32.482227207517994
8184,-63.05410078381658
8185,-77.33605955618128
8186,-8.853469699527487
8187,-67.69284145059981
8188,63.04591296468523
8189,-76.82012130686287
8190,-56.190006621685
8191,63.67213954377361
8192,-62.31911811659642
8193,-5.750188982026561
8194,-9.879074200342798
8195,-79.05643433569293
8196,-30.858778933061096
8197,2.2564428469157423
8198,69.29982043184827
8199,-9.16333440119039
8200,-61.9115431500464
8201,-32.130462689928706
8202,67.46302268877629
8203,62.16279784223504
8204,-9.979291037299042
8205,44.640931282589385
8206,1.0204854383614976
8207,-78.84098654444415
8208,72.49065650043552
8209,-80.05505826111892
8210,-65.2601527961586
8211,-12.607500586876384
8212,-25.74705922360124
8213,-78.76099924325672
8214,-3.312915524801756
8215,45.26330413018836
8216,-20.28436915190038
8217,34.616107673852056
8218,-5.6678442787688486
8219,60.32056287873076
8220,-8.853469699527487
8221,-70.62807747845909
8222,-84.10141905726678
8223,-73.95800629996775
8224,-26.51086816575912
8225,-52.654824637451874
8226,68.75171949883753
8227,-6.019010599069008
8228,-72.67665182284416
8229,-13.280915130103384
8230,41.13663414562673
8231,48.635774333909694
8232,-73.95800629996775
8233,-79.95278541730005
8234,65.88627706471267
8235,33.498044847858736
8236,61.798001470656175
8237,-0.3717644005371303
8238,-1.9769158930625457
8239,64.40980667695845
8240,-25.60430520063877
8241,-35.609400144102054
8242,2.742600154030061
8243,-29.56631913673874
8244,34.49981440779984
8245,-6.27410902080069
8246,-6.021729939368475
8247,36.14856123043596
8248,38.295453114862106
8249,-11.073946548308855
8250,-4.353457937863432
8251,35.05700953112306
8252,40.1761518761277
8253,-32.10576461468392
8254,-5.259187067684727
8255,-8.225034264381453
8256,-59.59429438137545
8257,-79.05643433569293
8258,-6.649866539853311
8259,-27.687947592384283
8260,-73.82819328310053
8261,-12.64900590466748
8262,70.04183898035647
8263,-55.80971486626808
8264,-5.04691717100117
8265,-5.36336006553076
8266,55.67212885443735
8267,-29.13555835850336
8268,-30.51623466097708
8269,71.05396752163898
8270,-58.42490173702984
8271,-6.695456806626906
8272,-4.538858484836755
8273,-62.16974987899053
8274,-24.025179683927483
8275,-3.39256269290055
8276,70.78930645787194
8277,-65.16783141998266
8278,-9.518668443943051
8279,35.38586981612157
8280,-7.123535720917115
8281,-23.248817881683376
8282,-71.37153372268754
8283,35.05700953112306
8284,-6.863870368962882
8285,66.94396480445961
8286,34.50139599037937
8287,-4.534384788077696
8288,-4.345166315019091
8289,-6.62980693918264
8290,63.12879999571948
8291,0.22088906445371
8292,44.796646915434415
8293,-6.686471629063485
8294,-32.10576461468392
8295,60.85544510180497
8296,2.966657622511506
8297,-2.890044563524913
8298,-75.9743423734373
8299,-55.92117926541694
8300,-13.309604756031066
8301,40.97779303763129
8302,76.15798275433932
8303,35.43344516318291
8304,-73.150937410401
8305,35.43344516318291
8306,49.08096032501049
8307,-63.52445538207183
8308,-65.28439527731184
8309,-26.27456985650977
8310,65.82187654801423
8311,-58.83647480353007
8312,-60.96641268119785
8313,50.351452654101855
8314,-78.66407823541721
8315,-7.664764601002905
8316,-15.079875626616031
8317,-80.62671948511012
8318,42.15345834344329
8319,-66.77189284114378
8320,-34.24988940709617
8321,-4.1424944416594425
8322,-78.84098654444415
8323,-8.79003477720734
8324,-57.54094273522083
8325,-7.141116515657961
8326,-80.57229242499587
8327,-38.62581592437883
8328,41.13663414562673
8329,0.6472290547501958
8330,-63.69007373642843
8331,-54.799857973690585
8332,-0.0673529309983589
8333,-2.203156096017543
8334,40.91332540710615
8335,-10.099191933828475
8336,-21.78281319467749
8337,-3.564644657973897
8338,-78.64789341123152
8339,-34.39897118912559
8340,-32.31246362596622
8341,-32.9873229423199
8342,68.31277511013353
8343,-12.607500586876384
8344,64.80277087881598
8345,59.03423570538068
8346,-7.779901256846388
8347,-7.761546277166072
8348,34.616107673852056
8349,34.75022517626341
8350,-11.073946548308855
8351,-5.932101433416738
8352,45.12335799288164
8353,32.19878076725384
8354,-57.54094273522083
8355,0.6472290547501958
8356,39.52896101454392
8357,-6.62980693918264
8358,-73.56905751125613
8359,-79.40871875761671
8360,36.43080238380151
8361,-5.632971540500861
8362,-60.677923499026654
8363,-72.2584952670134
8364,-6.518470733547181
8365,-26.82649638786379
8366,-1.6591680367228028
8367,-27.315627038546378
8368,-71.6867609909523
8369,-0.9981731550351852
8370,-10.214467778602057
8371,-9.394950956365417
8372,-5.607319227783272
8373,-9.979291037299042
8374,-63.69007373642843
8375,56.56200187343734
8376,-31.88735895797689
8377,-34.53640193103023
8378,-79.12471567753795
8379,-63.580774441025845
8380,42.10225256912341
8381,-9.6474217323402
8382,-2.512720374465241
8383,-64.22322389921449
8384,-77.37464163301084
8385,-4.4877379431496855
8386,-13.309604756031066
8387,-63.42961438544598
8388,-11.308745255447002
8389,-2.5039205706168675
8390,-3.6537991588471046
8391,-5.632971540500861
8392,-81.05442787600578
8393,42.11294235042238
8394,71.55006224884708
8395,35.3614671533432
8396,-31.24706472112417
8397,-8.79003477720734
8398,-76.51934178222768
8399,-55.50688324267698
8400,-34.39897118912559
8401,-86.21444728630547
8402,-4.47336436226637
8403,-79.95278541730005
8404,-27.45075512179898
8405,68.07578775100336
8406,40.5311754088644
8407,47.38095983813909
8408,42.11294235042238
8409,-62.084608732964206
8410,-6.431191857178325
8411,0.2395847960603774
8412,-31.24706472112417
8413,63.533318392745926
8414,39.99983062521754
8415,-5.36336006553076
8416,63.52955682405342
8417,-57.08530210634046
8418,-6.382712414384795
8419,-0.2100428923178192
8420,-68.89919108666818
8421,-5.829195557310973
8422,69.65491850043045
8423,-7.779901256846388
8424,-4.214536151602601
8425,-9.995419964566446
8426,-62.133694907032194
8427,62.94099053924887
8428,0.1237927485367249
8429,-63.59334171417033
8430,-26.93039415820711
8431,-6.029424670700943
8432,-10.994828152893175
8433,3.0942027777052514
8434,-58.27419170733627
8435,67.46302268877629
8436,33.82713415961868
8437,73.49233991438271
8438,68.75171949883753
8439,61.67052376326558
8440,33.82713415961868
8441,1.989300635707324
8442,-71.1102284172263
8443,-12.06581513894788
8444,-72.82945594403967
8445,-29.438354712846188
8446,-26.03776833762935
8447,35.43344516318291
8448,-68.0745197479786
8449,-59.52464907934114
8450,-1.5002047138991808
8451,72.99953320866291
8452,31.918904516599905
8453,-78.89062437906992
8454,42.11294235042238
8455,74.85369922124387
8456,-68.49457574370324
8457,-73.18665067825026
8458,-6.518470733547181
8459,-16.262430910517107
8460,44.796646915434415
8461,62.22256386667254
8462,-7.269750188267194
8463,-12.149557757250154
8464,-4.833958381946223
8465,-10.302141583913736
8466,-70.61856640674957
8467,-58.905573306453086
8468,55.67212885443735
8469,60.30375061880952
8470,-5.430652455909188
8471,41.13663414562673
8472,-55.62289916135231
8473,-0.6178730293882531
8474,-63.69007373642843
8475,-70.22217009693945
8476,39.06522062345375
8477,-13.280915130103384
8478,-29.53255026596179
8479,-2.6800510039307697
8480,-8.846016977732175
8481,-5.534608195505987
8482,43.65792592646444
8483,-84.10141905726678
8484,-79.0562532431371
8485,-62.16974987899053
8486,-67.0463487195048
8487,-74.01000893601102
8488,41.941616193967775
8489,-54.48232871493684
8490,-25.60430520063877
8491,40.95230236594147
8492,68.55545011208058
8493,-82.1274729752687
8494,-10.099191933828475
8495,0.9709845405669736
8496,41.79847827179084
8497,62.49870088213781
8498,-21.52034789543452
8499,66.06573431847059
8500,59.69281686508907
8501,69.47689801753279
8502,-71.57778022335182
8503,68.58632148439659
8504,-8.53967744233619
8505,-2.5039205706168675
8506,-1.403642924022752
8507,-9.374458255104816
8508,1.0284986632645443
8509,61.609475495951415
8510,-7.587411232884625
8511,-58.64435508615031
8512,43.39000432712393
8513,-11.542899187555424
8514,-27.77491770281225
8515,-52.85630678911087
8516,-84.10149257200307
8517,-69.52845145721565
8518,-62.133694907032194
8519,-30.866092697672507
8520,66.00174966545849
8521,-80.47140262713876
8522,-2.6195887957517536
8523,-79.35669741741464
8524,-34.39897118912559
8525,69.17591406760761
8526,-28.8150175760548
8527,1.4401529335568442
8528,-73.95800629996775
8529,1.0204854383614976
8530,63.14166903960796
8531,-10.775911341910591
8532,66.19001566085183
8533,-4.214536151602601
8534,63.67213954377361
8535,-6.27410902080069
8536,-35.60128499146405
8537,64.95483776502294
8538,-11.308745255447002
8539,-64.31750424259019
8540,-10.24959355324585
8541,-69.29148821448653
8542,-29.13555835850336
8543,-6.548984862859118
8544,4.024731978375669
8545,42.08063470777089
8546,-79.35669741741464
8547,-77.91903220533499
8548,-69.22677167853784
8549,-31.47195672325718
8550,41.67186030462723
8551,-10.418521159731604
8552,64.07035701940929
8553,-0.6890852458550443
8554,-59.59429438137545
8555,-29.300421652945484
8556,44.94695467277141
8557,4.633519614397521
8558,-8.79003477720734
8559,38.25830671308295
8560,41.13663414562673
8561,0.7964825570753997
8562,43.36755707644063
8563,34.75022517626341
8564,-4.351972248910693
8565,-4.28120269862379
8566,60.84018194844676
8567,-6.010900652159516
8568,41.61129314105938
8569,-81.05442787600578
8570,-12.329588265095795
8571,-60.677923499026654
8572,-8.53967744233619
8573,64.14906184600571
8574,-59.51079273519666
8575,-28.8150175760548
8576,-0.6178730293882531
8577,-58.83647480353007
8578,-3.39256269290055
8579,74.6305439487882
8580,-6.191994084683286
8581,-3.39256269290055
8582,-4.352524213373703
8583,-73.40144647331792
8584,-71.1102284172263
8585,59.67339799824333
8586,-62.50591540356272
8587,-4.352524213373703
8588,68.98923406316771
8589,-14.01033359493542
8590,-10.099191933828475
8591,-27.77491770281225
8592,66.71690517879364
8593,-9.995419964566446
8594,0.2395847960603774
8595,-10.04069862444732
8596,-27.78015199179977
8597,-30.858778933061096
8598,35.38586981612157
8599,-2.8276918278615844
8600,-58.751927157068096
8601,33.82713415961868
8602,-7.123194241156926
8603,-3.698597072354776
8604,-2.458315766627843
8605,-77.96122797263274
8606,-63.13205644950455
8607,34.80483718963979
8608,66.66705522431766
8609,-28.8150175760548
8610,39.99983062521754
8611,-60.790875060332766
8612,38.566013902159305
8613,35.43344516318291
8614,-15.335733891426168
8615,-4.449097078744317
8616,75.0199217100368
8617,-60.89432427776959
8618,-26.56984809259444
8619,-2.889393847655583
8620,-8.853469699527487
8621,71.88466373868752
8622,36.90724875010018
8623,-74.92651767970194
8624,-7.050250396978552
8625,63.12879999571948
8626,-11.073946548308855
8627,45.583503633996976
8628,-15.676815727523898
8629,-58.01880375707108
8630,-57.3687890092094
8631,-7.779901256846388
8632,-37.97883628667488
8633,-28.8150175760548
8634,-10.418521159731604
8635,42.97877750131794
8636,0.2395847960603774
8637,2.698204197726527
8638,-3.39256269290055
8639,-57.07467423751385
8640,-12.149557757250154
8641,-62.16974987899053
8642,40.63223251896759
8643,-71.7366663773837
8644,61.67052376326558
8645,-4.07645713070515
8646,67.35116778753836
8647,36.80616872449875
8648,-70.15173286977776
8649,-28.8150175760548
8650,35.05700953112306
8651,-78.6814505291172
8652,65.45877094911346
8653,-30.88712054592461
8654,60.84018194844676
8655,34.54030483027135
8656,-8.53967744233619
8657,43.39000432712393
8658,-70.81293538385054
8659,2.039530131236
8660,-71.53758173141283
8661,43.44906934382085
8662,-79.05643433569293
8663,-6.695456806626906
8664,1.4401529335568442
8665,-78.08489789558409
8666,62.61069959875252
8667,-28.253244615649336
8668,-6.863870368962882
8669,41.36802637831073
8670,-28.52191291484805
8671,-12.607500586876384
8672,-33.510762944296296
8673,70.09881806628927
8674,33.82713415961868
8675,-29.438354712846188
8676,-71.13523528720123
8677,-62.68276427969178
8678,-6.686471629063485
8679,-27.77491770281225
8680,-21.7865924317462
8681,42.1074098155523
8682,64.80277087881598
8683,-32.132748128063696
8684,-4.924171726126746
8685,69.4295676555846
8686,-26.55477306056635
8687,69.3935058099489
8688,37.08850595914996
8689,-9.4751977484217
8690,-4.157715524556701
8691,-63.1090796674149
8692,-7.761546277166072
8693,-12.329588265095795
8694,2.1554213130075697
8695,63.72000670899209
8696,-84.23607091292693
8697,-86.21444728630547
8698,37.316282501354976
8699,-66.77189284114378
8700,-31.62170079213576
8701,-74.63627038544816
8702,-56.23123539711696
8703,36.43080238380151
8704,-83.68759355665279
8705,66.66705522431766
8706,72.37257337804485
8707,-79.05643433569293
8708,-58.815957195240856
8709,32.619566046378786
8710,-6.8414066388075785
8711,-1.7664399485261582
8712,38.9208095552322
8713,-12.64900590466748
8714,-6.276143950857496
8715,44.54380478137186
8716,31.918904516599905
8717,-76.53057256556451
8718,35.38586981612157
8719,-1.82028101896135
8720,-70.62807747845909
8721,-82.71220166906676
8722,41.13663414562673
8723,-9.6474217323402
8724,-3.317190239049831
8725,42.74205637648844
8726,35.93904014502468
8727,45.83320350755584
8728,33.498044847858736
8729,-24.385488155567
8730,-76.76178370591276
8731,61.67052376326558
8732,-77.81467893744274
8733,-74.5791285116611
8734,-76.82012130686287
8735,-0.5250575448242261
8736,-79.95278541730005
8737,66.00174966545849
8738,-9.02313199322576
8739,-19.126210063967022
8740,-32.132748128063696
8741,-85.76003477392135
8742,-13.938461451479508
8743,47.76593883701158
8744,-35.53367366189829
8745,37.476363603903096
8746,-56.525904483115184
8747,3.575305221814754
8748,-2.6195887957517536
8749,-82.71220166906676
8750,-4.4877379431496855
8751,34.80483718963979
8752,-68.98935880487343
8753,-71.1102284172263
8754,-31.86563218886508
8755,-60.677923499026654
8756,-64.54353226340459
8757,-74.63627038544816
8758,-0.1504659813029696
8759,37.02826890245044
8760,-55.16552298835129
8761,-8.79003477720734
8762,58.825111192626125
8763,-10.04069862444732
8764,-54.21702067402812
8765,-10.099191933828475
8766,-80.83627000062143
8767,-35.609400144102054
8768,32.619566046378786
8769,1.0830408495485635
8770,42.16922463887869
8771,1.275070105160767
8772,2.8693272500978284
8773,-0.2700341963279076
8774,33.82713415961868
8775,-32.725560663026066
8776,67.56610613580803
8777,40.36657539126269
8778,35.3614671533432
8779,-31.62170079213576
8780,-30.88712054592461
8781,-26.1805326120134
8782,58.55133086299018
8783,-77.42204755529535
8784,-1.5770069169837528
8785,35.05700953112306
8786,64.46433808294321
8787,62.40038304590222
8788,-29.115868133737976
8789,-52.53463384050648
8790,-70.02673836968852
8791,-15.335733891426168
8792,-10.418521159731604
8793,-72.70497387164005
8794,-6.415886527548436
8795,66.94396480445961
8796,-55.89191290096097
8797,-84.6026606025058
8798,-72.70497387164005
8799,-1.403642924022752
8800,-26.154666312391228
8801,-32.10576461468392
8802,-9.6474217323402
8803,48.37040173869098
8804,-64.54353226340459
8805,34.616107673852056
8806,4.754756848095733
8807,-72.46940893124065
8808,70.4090544581632
8809,-7.21673741450172
8810,-79.59903408321645
8811,58.74419768537975
8812,-31.86563218886508
8813,-76.85786841225945
8814,-76.51934178222768
8815,-73.150937410401
8816,41.88454086341934
8817,38.56106947400747
8818,-6.443173776879305
8819,68.81343221253059
8820,-7.779901256846388
8821,-26.03776833762935
8822,45.9400240292616
8823,-78.82572637202423
8824,67.99644686751084
8825,-32.99469842850272
8826,-22.77055692807029
8827,-30.866092697672507
8828,-9.4751977484217
8829,-53.58479489198515
8830,-1.5002047138991808
8831,-31.5377749763682
8832,-77.96122797263274
8833,-30.683159486424103
8834,-6.649866539853311
8835,64.44273464877051
8836,59.61913650919068
8837,-12.64900590466748
8838,-5.561454000179191
8839,-81.3012953904613
8840,-13.938461451479508
8841,-6.548984862859118
8842,-6.191994084683286
8843,-71.77874410434066
8844,-69.22677167853784
8845,-26.55478402066052
8846,-63.88835283339168
8847,-33.20762320071639
8848,-9.555642794982832
8849,44.23374192084224
8850,36.56869080873177
8851,64.33299025521805
8852,-31.732892989857223
8853,-15.335733891426168
8854,31.194697643385872
8855,58.34270938637201
8856,-75.83388819426851
8857,-71.57778022335182
8858,-7.929479460085005
8859,38.84414987822832
8860,-63.580774441025845
8861,-32.725560663026066
8862,-24.98450344047379
8863,-27.687947592384283
8864,-31.732892989857223
8865,-71.1102284172263
8866,44.148316780724194
8867,73.52450496595566
8868,-75.03928916896348
8869,42.74205637648844
8870,-15.335733891426168
8871,66.59705329047347
8872,41.301942508613216
8873,-82.59296285152513
8874,-78.73977283743612
8875,-24.321556751208387
8876,70.41309669031652
8877,-9.641073655174528
8878,-5.829195557310973
8879,-2.983736837579065
8880,-7.587411232884625
8881,-69.36055307963868
8882,67.68437872406017
8883,-63.42961438544598
8884,32.57916129292066
8885,-78.88243182512242
8886,-31.88735895797689
8887,-67.07528678788913
8888,-6.021729939368475
8889,37.8041409641169
8890,65.88627706471267
8891,-31.86563218886508
8892,71.40422062842718
8893,-8.846016977732175
8894,-31.33525133530256
8895,68.44404600260745
8896,-9.834870124499968
8897,-8.79003477720734
8898,-71.27238221346018
8899,-6.823064256147939
8900,34.49981440779984
8901,-3.5509096837831287
8902,44.435444990668
8903,39.06522062345375
8904,34.466924814756815
8905,37.8041409641169
8906,65.03702803680291
8907,-31.822151624852594
8908,-8.853469699527487
8909,-71.53758173141283
8910,59.67339799824333
8911,-10.099191933828475
8912,48.64162380872062
8913,-14.01033359493542
8914,71.07529765648052
8915,1.6342464355869175
8916,-29.13555835850336
8917,-69.29148821448653
8918,-9.850792307904712
8919,-81.3012953904613
8920,39.15389045124374
8921,-34.71444435373758
8922,32.57916129292066
8923,34.092977633368456
8924,-6.029424670700943
8925,-8.943441280161904
8926,-2.076031374470319
8927,-76.17916175289152
8928,67.68792665215557
8929,34.466924814756815
8930,-73.18665067825026
8931,70.41309669031652
8932,-62.67579371552038
8933,-10.04069862444732
8934,-53.12370357012595
8935,-2.520160374507406
8936,39.99983062521754
8937,44.796646915434415
8938,-5.6678442787688486
8939,-5.753277537145639
8940,-12.21808408037968
8941,60.33644873601298
8942,-66.34862313719215
8943,38.81933919605221
8944,-67.0463487195048
8945,43.89225805824531
8946,-79.0562532431371
8947,69.60358261695914
8948,55.67212885443735
8949,40.48703342894605
8950,70.55711694831
8951,-5.656146802795405
8952,-12.059832195275158
8953,34.092977633368456
8954,-7.761546277166072
8955,-77.96122797263274
8956,-7.761546277166072
8957,-79.58346029621475
8958,37.90915924276983
8959,64.89428273999243
8960,-63.06620702493197
8961,62.00995586785786
8962,5.604009442112016
8963,-32.725560663026066
8964,-79.35669741741464
8965,-8.269538668062541
8966,-27.63880283827276
8967,-64.31750424259019
8968,-3.1634741057931377
8969,-5.953554277665363
8970,42.77137273325659
8971,-35.60128499146405
8972,-9.641073655174528
8973,-10.418521159731604
8974,-10.98546513129617
8975,-62.133694907032194
8976,38.9208095552322
8977,-27.74637392594212
8978,66.1497963631735
8979,-6.009665695932522
8980,36.61172457429024
8981,-10.98546513129617
8982,-55.92117926541694
8983,70.9309392228236
8984,1.3742566904286018
8985,-55.72556644290738
8986,-77.33605955618128
8987,-5.130483547674892
8988,-26.82649638786379
8989,-1.3596848593414497
8990,72.37257337804485
8991,-53.34512698171942
8992,66.00174966545849
8993,40.91332540710615
8994,38.84997828762189
8995,63.84472894105508
8996,42.74205637648844
8997,0.3510721847427613
8998,44.08164387124957
8999,-0.6443790804680489
9000,-23.616173984526515
9001,-2.2802854683832834
9002,-32.10576461468392
9003,-55.381611446231744
9004,-5.36336006553076
9005,35.271502819362595
9006,66.26790599200163
9007,32.619566046378786
9008,38.93311765392118
9009,67.05121218571567
9010,-78.82572637202423
9011,-73.91762256795305
9012,39.99983062521754
9013,-13.309604756031066
9014,-13.309604756031066
9015,-62.80175427517043
9016,66.51245444875539
9017,-32.233161939026594
9018,-29.82589477046748
9019,-55.05309608171338
9020,72.24096498677169
9021,41.36802637831073
9022,-52.455105866669086
9023,-7.469051435225227
9024,-80.31065166378323
9025,-9.18610166015612
9026,71.40422062842718
9027,66.51245444875539
9028,-73.18665067825026
9029,73.26596556700214
9030,-12.21808408037968
9031,-3.968400438469713
9032,39.35732844765245
9033,-61.47874036448363
9034,60.34747677326471
9035,-26.033408215896586
9036,-5.966285005276342
9037,-13.938461451479508
9038,75.84847500724744
9039,-6.345998713390401
9040,-7.131320726137928
9041,64.44273464877051
9042,36.633876559298486
9043,-25.22604265976134
9044,-0.6178730293882531
9045,-80.35419749835793
9046,42.24819388647964
9047,-50.21517863209166
9048,-79.58346029621475
9049,-5.6678442787688486
9050,-76.76178370591276
9051,66.93601162640083
9052,-81.64507593409598
9053,-76.82012130686287
9054,-81.19697294443142
9055,-7.974311458763895
9056,63.49790565135434
9057,47.186376502830015
9058,-14.01033359493542
9059,-32.130462689928706
9060,65.82187654801423
9061,-29.13555835850336
9062,-38.40225638981158
9063,-2.89238593027853
9064,-78.89062437906992
9065,-30.51315204445697
9066,-85.99306940497182
9067,59.69281686508907
9068,-73.150937410401
9069,40.16224472879895
9070,70.77780087212454
9071,-9.4751977484217
9072,-10.214467778602057
9073,-52.75154825896691
9074,-29.48527441725131
9075,-58.98555660553302
9076,-14.913006571428596
9077,-26.55478402066052
9078,-1.6110604288822206
9079,64.44273464877051
9080,62.22256386667254
9081,-52.5589127926182
9082,-71.42042834856302
9083,-79.96451365861414
9084,-2.890044563524913
9085,-65.93269421014472
9086,-2.835276824732169
9087,69.20314355799908
9088,-4.044817995760269
9089,-20.46481683326916
9090,-63.06620702493197
9091,-20.46481683326916
9092,-77.10946651201752
9093,39.99983062521754
9094,62.49870088213781
9095,-75.9529216695375
9096,-10.24959355324585
9097,-11.074092664326836
9098,-67.07528678788913
9099,-78.34599662209395
9100,-36.10897533422323
9101,45.246416596676994
9102,46.43597127366526
9103,-19.12299735835654
9104,-4.4877379431496855
9105,-62.995151229153
9106,66.66705522431766
9107,1.3994433371191208
9108,-82.59296285152513
9109,-2.2802854683832834
9110,72.24096498677169
9111,-9.4751977484217
9112,-84.6026606025058
9113,-63.05410078381658
9114,-10.04069862444732
9115,68.28162309873937
9116,-13.938461451479508
9117,-76.65741826333077
9118,-70.02673836968852
9119,-2.986140086895603
9120,5.079950930754438
9121,-76.17969543949219
9122,-6.863870368962882
9123,-9.6474217323402
9124,-28.918453749250425
9125,-78.38349207185496
9126,-8.912701258273293
9127,-79.12471567753795
9128,-9.4751977484217
9129,-54.39762227025999
9130,-33.20762320071639
9131,-58.19301826044624
9132,-29.56631913673874
9133,-62.995151229153
9134,62.7911700815956
9135,-10.099191933828475
9136,-26.712817285147626
9137,31.918904516599905
9138,-71.99619896096547
9139,-4.28120269862379
9140,58.74234488194267
9141,-78.66407823541721
9142,-10.473549398319031
9143,-5.131761617347788
9144,39.99983062521754
9145,-5.131761617347788
9146,-59.99995668505326
9147,-5.545546145360359
9148,-52.80898373511564
9149,-64.928244543772
9150,35.58191193103981
9151,-2.5039205706168675
9152,-62.31911811659642
9153,-1.5002047138991808
9154,-7.779901256846388
9155,-55.299257624438
9156,67.56610613580803
9157,-73.150937410401
9158,0.5698468870970945
9159,-9.568379448211743
9160,-33.9092624412537
9161,59.1405817999966
9162,-62.995151229153
9163,31.39913737368663
9164,-22.83489294001977
9165,-75.51512095709012
9166,58.74234488194267
9167,-10.04069862444732
9168,-5.66337244850453
9169,-78.6814505291172
9170,-15.335733891426168
9171,-10.099191933828475
9172,55.67212885443735
9173,-76.17421699429127
9174,-29.53255026596179
9175,-10.24959355324585
9176,-63.295182610425286
9177,-67.67148527111249
9178,-79.31934074855354
9179,-9.38875723107765
9180,-11.618034414851582
9181,-0.3892925049496565
9182,45.83320350755584
9183,-72.71719859093533
9184,-10.98546513129617
9185,-54.77980541046185
9186,-65.2601527961586
9187,40.16224472879895
9188,70.9309392228236
9189,36.43080238380151
9190,-18.20906921800873
9191,58.55133086299018
9192,-18.698093431379004
9193,-78.76099924325672
9194,68.71687479527883
9195,-6.79207553907505
9196,-22.993694021524178
9197,69.3935058099489
9198,44.26055714575351
9199,-2.7633250546526984
9200,-12.128834058812156
9201,71.4160355605339
9202,31.918904516599905
9203,66.51245444875539
9204,-67.02904189343985
9205,-2.520160374507406
9206,-80.35419749835793
9207,-76.88480064082812
9208,-74.66145702811652
9209,-7.427577175583943
9210,-10.724756096169603
9211,-12.149557757250154
9212,-75.51512095709012
9213,-6.695456806626906
9214,-29.56631913673874
9215,-60.58086808344965
9216,-13.309604756031066
9217,37.02826890245044
9218,-73.18665067825026
9219,6.802019382847437
9220,-28.902759305269832
9221,-9.641073655174528
9222,-78.38349207185496
9223,-76.38432485167684
9224,36.633876559298486
9225,36.61172457429024
9226,66.2354305513756
9227,-79.05260018261336
9228,-15.079875626616031
9229,-59.99995668505326
9230,-8.853469699527487
9231,-30.06559987608089
9232,69.05409327430773
9233,-7.131320726137928
9234,-60.89432427776959
9235,-2.8657318678189228
9236,-23.817908481682192
9237,0.5337344485540569
9238,0.8937231558234919
9239,69.65491850043045
9240,-0.3892925049496565
9241,-61.47874036448363
9242,-9.4751977484217
9243,-84.10141905726678
9244,-3.564644657973897
9245,-22.6146351470124
9246,-66.47582837364145
9247,-71.53758173141283
9248,-63.06620702493197
9249,-2.856021770427445
9250,-3.327318671946648
9251,-24.53474840101084
9252,-1.5002047138991808
9253,39.42454663689296
9254,61.798001470656175
9255,64.80277087881598
9256,59.32171550381057
9257,38.9208095552322
9258,-52.455105866669086
9259,-73.92126946837404
9260,-7.974311458763895
9261,-60.58086808344965
9262,-77.96122797263274
9263,64.70015987527546
9264,-9.375849575147347
9265,-10.138145914045635
9266,-36.10897533422323
9267,-1.4712271881700767
9268,35.58191193103981
9269,65.72114559582457
9270,61.67052376326558
9271,-10.418521159731604
9272,-61.118142420217005
9273,72.88306508213368
9274,-30.85016765361079
9275,-0.6379345629118571
9276,-23.334941121707164
9277,-38.40225638981158
9278,-25.74705922360124
9279,35.3614671533432
9280,3.50227012337536
9281,60.03837239708075
9282,-23.924662493231143
9283,41.13663414562673
9284,-64.928244543772
9285,-11.074092664326836
9286,-5.953554277665363
9287,42.74205637648844
9288,-6.029424670700943
9289,-7.21673741450172
9290,-8.04805196336303
9291,-76.98630166198411
9292,69.05409327430773
9293,-30.173001332425898
9294,59.32171550381057
9295,67.56610613580803
9296,68.81224992090286
9297,39.809996258774255
9298,60.84018194844676
9299,-5.545546145360359
9300,58.55133086299018
9301,-10.418521159731604
9302,-14.321399803958212
9303,67.99644686751084
9304,41.80436650381129
9305,-2.458315766627843
9306,-10.777961679810296
9307,-10.98546513129617
9308,-4.044817995760269
9309,-2.567935130686683
9310,37.62010851885636
9311,-70.47001600576296
9312,-79.35669741741464
9313,5.395360375778548
9314,-24.35795918125813
9315,-7.21673741450172
9316,-31.86563218886508
9317,-73.150937410401
9318,-9.394950956365417
9319,-6.681825401711837
9320,39.99983062521754
9321,-3.4572761154961213
9322,67.59446586012736
9323,-30.866092697672507
9324,-6.191994084683286
9325,44.48493150510901
9326,-62.30840394513963
9327,-66.9212993219744
9328,-11.308745255447002
9329,-38.40225638981158
9330,-72.2584952670134
9331,-5.081485686594208
9332,-82.59296285152513
9333,-15.335733891426168
9334,-28.52191291484805
9335,-5.753277537145639
9336,-52.95552172715089
9337,-78.08489789558409
9338,-4.032455993622666
9339,-33.20762320071639
9340,-27.78015199179977
9341,52.63075812039184
9342,5.604009442112016
9343,-2.3469176041874986
9344,-3.4572761154961213
9345,-30.06559987608089
9346,66.35539754601334
9347,-28.918453749250425
9348,-57.54094273522083
9349,34.616107673852056
9350,-7.050250396978552
9351,-79.58346029621475
9352,-27.7881691411117
9353,-25.183822438254605
9354,-7.050250396978552
9355,70.55711694831
9356,-79.15681680171255
9357,-25.74705922360124
9358,59.69281686508907
9359,65.74637389649777
9360,-0.6105041524360137
9361,63.84472894105508
9362,-61.9115431500464
9363,-3.39256269290055
9364,-6.009665695932522
9365,60.32056287873076
9366,66.93601162640083
9367,32.946379147666434
9368,43.44906934382085
9369,59.61913650919068
9370,-56.23123539711696
9371,-71.57778022335182
9372,-24.35016321531793
9373,-67.02904189343985
9374,-3.4572761154961213
9375,4.610195112524135
9376,-64.6578409046477
9377,-65.80903703011589
9378,-79.56750752619496
9379,-2.74668371316136
9380,-64.31750424259019
9381,-83.68759355665279
9382,64.95483776502294
9383,-1.9769158930625457
9384,59.56278732115007
9385,65.00374440035976
9386,-10.98546513129617
9387,34.80483718963979
9388,-63.88835283339168
9389,-63.29752395345183
9390,-63.42961438544598
9391,35.58191193103981
9392,35.43344516318291
9393,5.079950930754438
9394,-12.051977787716462
9395,-8.853469699527487
9396,58.34270938637201
9397,-63.580774441025845
9398,-70.15173286977776
9399,1.883655657526816
9400,60.34747677326471
9401,-1.7784549921822208
9402,60.34747677326471
9403,74.53950788964355
9404,65.72684775224145
9405,-8.269538668062541
9406,-58.98555660553302
9407,-77.73989873786795
9408,-81.64507593409598
9409,-59.64762168355162
9410,-65.17624768539207
9411,-6.487975644892785
9412,-78.66407823541721
9413,62.69518393453714
9414,-2.567935130686683
9415,55.0247134823846
9416,-1.1575317206069051
9417,-4.924171726126746
9418,36.633876559298486
9419,-33.80764094512967
9420,42.77137273325659
9421,-32.725560663026066
9422,-0.5464532425718165
9423,-54.48232871493684
9424,-71.29661523942714
9425,-61.118142420217005
9426,-77.81467893744274
9427,-78.01056458194246
9428,-71.13523528720123
9429,-82.71220166906676
9430,65.82187654801423
9431,33.16786272652481
9432,40.95230236594147
9433,-60.89432427776959
9434,-6.443173776879305
9435,64.81563629739824
9436,60.32056287873076
9437,-22.08085638183909
9438,40.400486369826766
9439,-2.8657318678189228
9440,-60.96641268119785
9441,52.63075812039184
9442,60.32056287873076
9443,35.271502819362595
9444,-7.761546277166072
9445,-73.83371531650194
9446,-23.817908481682192
9447,-25.006058544860498
9448,-63.269504810954814
9449,37.476363603903096
9450,64.44273464877051
9451,-5.655629229648011
9452,-64.54353226340459
9453,64.89428273999243
9454,1.57210652840747
9455,66.2354305513756
9456,-55.34752724541109
9457,-24.54041938876085
9458,-1.6591680367228028
9459,-64.02922482635087
9460,-62.81694087915111
9461,-79.05643433569293
9462,-31.62170079213576
9463,-61.65104705002152
9464,-30.88712054592461
9465,-57.68775440238159
9466,0.1237927485367249
9467,-8.943441280161904
9468,-60.790875060332766
9469,2.87834264654381
9470,-77.55700597165003
9471,-63.13205644950455
9472,-28.902759305269832
9473,-10.04069862444732
9474,-9.18610166015612
9475,-82.59296285152513
9476,-76.85786841225945
9477,32.65821388579311
9478,-24.208260143147807
9479,-9.375849575147347
9480,-29.438354712846188
9481,39.4909419587386
9482,-57.9148799366258
9483,34.092977633368456
9484,-2.835276824732169
9485,43.18550110948173
9486,-78.88243182512242
9487,32.65821388579311
9488,-7.21673741450172
9489,-2.986140086895603
9490,-6.863870368962882
9491,-60.677923499026654
9492,-6.884739982179254
9493,-64.928244543772
9494,-12.64900590466748
9495,-30.173001332425898
9496,-78.66407823541721
9497,-24.55988223841169
9498,34.80483718963979
9499,-69.4463491574223
9500,-64.22322389921449
9501,-78.66407823541721
9502,-65.80903703011589
9503,35.271502819362595
9504,-2.856021770427445
9505,-8.79003477720734
9506,40.82336233343185
9507,-71.6867609909523
9508,60.03837239708075
9509,-56.28656563710338
9510,-0.7434314278508363
9511,35.030579017289725
9512,71.98988831957337
9513,-9.38875723107765
9514,-1.3697754078030124
9515,66.22018711334692
9516,-53.40387167121248
9517,-77.51615112230763
9518,5.1625458876792765
9519,35.84374880862988
9520,-12.128834058812156
9521,-52.80898373511564
9522,34.092977633368456
9523,-1.7328047056545175
9524,-66.9212993219744
9525,-2.629321372260597
9526,-71.42042834856302
9527,31.918904516599905
9528,35.33087058378916
9529,-4.28120269862379
9530,-6.863870368962882
9531,-2.345057057445107
9532,-71.94299010232076
9533,-28.88729492719
9534,58.55133086299018
9535,34.80483718963979
9536,68.81224992090286
9537,-9.4751977484217
9538,-12.06581513894788
9539,-6.863870368962882
9540,-10.24959355324585
9541,-2.21601200005587
9542,60.32056287873076
9543,43.25676286959983
9544,-0.5612859292642153
9545,-78.84098654444415
9546,68.28162309873937
9547,-65.28439527731184
9548,-87.06584190136827
9549,-9.6474217323402
9550,-26.82649638786379
9551,-10.62008498402087
9552,-17.321334604689014
9553,-18.55851446654845
9554,58.55133086299018
9555,-54.21702067402812
9556,0.501538507750761
9557,-5.656146802795405
9558,-71.54453731673553
9559,70.03733818483256
9560,-31.62170079213576
9561,40.1761518761277
9562,-70.62807747845909
9563,-25.253981188032945
9564,-77.42204755529535
9565,-6.322001957854647
9566,-57.94573342640494
9567,-72.2584952670134
9568,-71.1102284172263
9569,-29.02225814477688
9570,-72.12396020584508
9571,-27.728771668259444
9572,-62.67579371552038
9573,59.1405817999966
9574,-9.641073655174528
9575,1.4401529335568442
9576,-79.05643433569293
9577,-31.822151624852594
9578,35.38586981612157
9579,-12.21808408037968
9580,-61.78637824295213
9581,-5.966285005276342
9582,-75.51512095709012
9583,-54.33480741619117
9584,-33.510762944296296
9585,-4.352524213373703
9586,-32.130462689928706
9587,-52.16088427051744
9588,-32.9873229423199
9589,-10.418521159731604
9590,-65.28439527731184
9591,-8.853469699527487
9592,-79.05643433569293
9593,7.693396104513428
9594,-5.78990222254861
9595,38.98130269266319
9596,-61.4507123883736
9597,-82.24625968577911
9598,51.93232318264736
9599,-26.932715466742245
9600,-3.6608848719628666
9601,-25.183822438254605
9602,-2.555004627198519
9603,35.77387026129709
9604,-75.65621796144508
9605,-11.542899187555424
9606,-34.71444435373758
9607,-4.345166315019091
9608,-29.438354712846188
9609,37.85647918136341
9610,-77.33605955618128
9611,66.35539754601334
9612,-73.78289682237425
9613,61.67052376326558
9614,-79.40871875761671
9615,-73.56905751125613
9616,-32.725560663026066
9617,-74.2690798680846
9618,-74.66764749767066
9619,-23.499624817535604
9620,-63.42961438544598
9621,-77.33605955618128
9622,-12.21808408037968
9623,-30.866092697672507
9624,70.25690689823784
9625,-32.132748128063696
9626,-66.77189284114378
9627,73.35470333099967
9628,1.225545036625305
9629,-29.02225814477688
9630,-78.6814505291172
9631,36.61172457429024
9632,-79.31934074855354
9633,-64.928244543772
9634,-3.5467679135645
9635,37.8041409641169
9636,55.0247134823846
9637,69.20314355799908
9638,-33.80764094512967
9639,-14.321399803958212
9640,71.40422062842718
9641,-12.06581513894788
9642,40.09022810442826
9643,-56.32234174966528
9644,-69.4463491574223
9645,-12.891368308417965
9646,-73.46106046237713
9647,-78.66407823541721
9648,-8.853469699527487
9649,38.98130269266319
9650,-2.345057057445107
9651,-56.32234174966528
9652,45.4820893852506
9653,-28.52191291484805
9654,-60.23893574308307
9655,-25.79566212469846
9656,-13.231773155032627
9657,-72.26726764972821
9658,62.69475593698146
9659,-21.82955800266497
9660,33.82713415961868
9661,62.00995586785786
9662,-63.88835283339168
9663,42.5554472742447
9664,-6.649866539853311
9665,-1.9568876113253588
9666,42.24819388647964
9667,35.3614671533432
9668,-85.17905053883341
9669,-6.8414066388075785
9670,36.633876559298486
9671,-24.7390916414002
9672,62.61069959875252
9673,60.30375061880952
9674,-75.55770847309991
9675,-2.3469176041874986
9676,-7.141116515657961
9677,-24.94822578673747
9678,59.03423570538068
9679,-62.67579371552038
9680,-53.40387167121248
9681,-84.6026606025058
9682,-6.54764092507279
9683,-70.80107123976371
9684,35.84374880862988
9685,60.32056287873076
9686,62.69475593698146
9687,63.422683297858455
9688,-70.62807747845909
9689,-8.35317472779855
9690,-5.966285005276342
9691,-60.58086808344965
9692,-5.131761617347788
9693,-15.335733891426168
9694,61.615331844810456
9695,46.27101373503741
9696,-3.4572761154961213
9697,-73.56905751125613
9698,-5.656146802795405
9699,-6.356713834835742
9700,-5.131761617347788
9701,-58.54976440702547
9702,-6.695456806626906
9703,70.03417092382051
9704,-73.0251161475878
9705,-78.82572637202423
9706,-5.6678442787688486
9707,58.55133086299018
9708,-18.20906921800873
9709,-78.48369568286614
9710,-10.8903293749761
9711,-5.966285005276342
9712,39.42454663689296
9713,-70.36696199479807
9714,62.40038304590222
9715,-82.4819132082389
9716,-8.912701258273293
9717,-84.23607091292693
9718,-59.64149418486736
9719,44.01963759025018
9720,-11.308745255447002
9721,35.93904014502468
9722,-28.504600429725382
9723,70.69344423957257
9724,-9.4751977484217
9725,-64.31750424259019
9726,62.69518393453714
9727,-66.9212993219744
9728,63.67213954377361
9729,-34.71444435373758
9730,-0.8070720782008793
9731,7.962269705575908
9732,-17.80942109424255
9733,66.44264150376699
9734,-64.54353226340459
9735,-62.67579371552038
9736,2.8759311296926824
9737,-27.249798531375657
9738,-9.56537157338924
9739,-8.04805196336303
9740,-75.65621796144508
9741,-15.335733891426168
9742,64.44273464877051
9743,-76.17421699429127
9744,-18.20906921800873
9745,-55.60686923160081
9746,-34.71444435373758
9747,-64.31750424259019
9748,-27.7881691411117
9749,-58.98555660553302
9750,-21.403609161564003
9751,40.09022810442826
9752,-33.80764094512967
9753,46.53090627961882
9754,-56.65937522084148
9755,-64.6578409046477
9756,-22.588886261086103
9757,-70.62807747845909
9758,39.99983062521754
9759,-5.888428702776482
9760,-33.9092624412537
9761,67.07261742240642
9762,2.949554060654437
9763,-61.53338351725457
9764,65.72114559582457
9765,1.7758859351165015
9766,-8.503646743320747
9767,3.165103681904953
9768,36.633876559298486
9769,-34.71444435373758
9770,1.0284986632645443
9771,70.2680029622108
9772,67.68792665215557
9773,-6.383567762980142
9774,-62.80175427517043
9775,-82.78583746849172
9776,-7.131320726137928
9777,2.3490708331071986
9778,-79.0562532431371
9779,-12.059832195275158
9780,-57.68775440238159
9781,-5.535157462067021
9782,-28.504600429725382
9783,-59.85090276215848
9784,-8.863987966009388
9785,-74.66764749767066
9786,-35.53367366189829
9787,72.83049519643318
9788,67.68792665215557
9789,-1.82028101896135
9790,67.05121218571567
9791,-6.548984862859118
9792,-78.6814505291172
9793,-65.2601527961586
9794,-7.111289946213082
9795,-23.90387267544012
9796,-3.258693115213571
9797,-5.685804264570552
9798,59.61913650919068
9799,64.80277087881598
9800,60.32056287873076
9801,-77.91903220533499
9802,-81.64507593409598
9803,-1.754598287822592
9804,2.1887330674419108
9805,36.32223782013784
9806,-17.535238436251824
9807,-4.352524213373703
9808,-72.2584952670134
9809,39.52896101454392
9810,36.633876559298486
9811,34.466924814756815
9812,44.62472099307576
9813,-56.190006621685
9814,-6.728582992858678
9815,65.33548418193122
9816,-71.1381025302435
9817,-31.732892989857223
9818,38.25739987076126
9819,-62.68276427969178
9820,-57.68775440238159
9821,-4.044817995760269
9822,40.1761518761277
9823,67.95748982494075
9824,-5.656146802795405
9825,-75.22890988313637
9826,-2.555004627198519
9827,40.95230236594147
9828,-10.04069862444732
9829,-5.883615785529795
9830,-4.595237845554788
9831,-1.9568876113253588
9832,-74.5644291244963
9833,37.80711072183117
9834,-32.9873229423199
9835,35.77387026129709
9836,-2.845559498336645
9837,66.26790599200163
9838,32.619566046378786
9839,-26.033408215896586
9840,41.177416678435286
9841,-52.40811433454617
9842,-5.66337244850453
9843,-80.04828200984349
9844,-74.90941061938423
9845,-8.863987966009388
9846,3.146586814123292
9847,62.69475593698146
9848,-36.10897533422323
9849,-27.249798531375657
9850,-3.564644657973897
9851,-79.96451365861414
9852,66.66705522431766
9853,-5.26106151851932
9854,-79.58346029621475
9855,-5.63065114790337
9856,3.575305221814754
9857,-55.06704058046424
9858,-76.64113740064579
9859,4.26389500335133
9860,-24.986483381540133
9861,-4.292756039285109
9862,2.8759311296926824
9863,-77.42204755529535
9864,-27.77491770281225
9865,39.809996258774255
9866,69.4295676555846
9867,38.25830671308295
9868,60.85544510180497
9869,-59.46373203015597
9870,-2.362449490691751
9871,1.1325695308107249
9872,-12.329588265095795
9873,-12.128834058812156
9874,70.7977450572055
9875,36.633876559298486
9876,-64.31750424259019
9877,58.825111192626125
9878,-84.23607091292693
9879,66.44264150376699
9880,-70.62807747845909
9881,-12.059832195275158
9882,-77.36855871548516
9883,-6.1081567055674135
9884,65.18360511733005
9885,67.54271425999468
9886,-8.853469699527487
9887,-5.750188982026561
9888,-60.97074636307356
9889,-79.15681680171255
9890,-2.573592914947289
9891,-13.286506001565078
9892,44.86272084370288
9893,31.918904516599905
9894,-25.052722902274613
9895,-33.80764094512967
9896,-71.42992294300898
9897,-72.2584952670134
9898,67.51514710406344
9899,-77.36855871548516
9900,-6.382712414384795
9901,-62.81694087915111
9902,-76.17421699429127
9903,-32.725560663026066
9904,-27.34969792710817
9905,32.538605486289484
9906,-78.76099924325672
9907,71.18286021586589
9908,-55.60686923160081
9909,65.03702803680291
9910,-24.7390916414002
9911,59.61913650919068
9912,-4.292756039285109
9913,-60.12202533968288
9914,-36.10897533422323
9915,-34.7331746807813
9916,0.5066245340693158
9917,-5.008104909710172
9918,-27.78015199179977
9919,45.35411896096503
9920,-10.04069862444732
9921,-78.66407823541721
9922,-72.52782651269095
9923,-2.986140086895603
9924,-12.010784290543274
9925,68.75171949883753
9926,-2.835276824732169
9927,45.26330413018836
9928,-60.23893574308307
9929,-75.03928916896348
9930,64.87964239990802
9931,-27.04718146998889
9932,-2.362449490691751
9933,64.15523871345152
9934,-78.7603110566254
9935,62.53432754498186
9936,-10.707518963033769
9937,-53.72673438841952
9938,39.38646424921386
9939,63.52955682405342
9940,37.8041409641169
9941,67.26826465525232
9942,-33.80764094512967
9943,-34.71444435373758
9944,-5.131761617347788
9945,-13.500978957230938
9946,63.14166903960796
9947,-28.8150175760548
9948,-21.82955800266497
9949,-49.12497159369536
9950,-61.118142420217005
9951,-3.5467679135645
9952,-4.28120269862379
9953,-66.89376656756646
9954,-35.67694549193424
9955,37.08850595914996
9956,-64.22322389921449
9957,-6.601910566010602
9958,-17.875833624692024
9959,-61.48733495370739
9960,-81.05442787600578
9961,41.36802637831073
9962,-79.05260018261336
9963,-6.649866539853311
9964,-30.78532215516676
9965,-64.6578409046477
9966,-61.53338351725457
9967,-7.469051435225227
9968,-66.9212993219744
9969,-9.449065361342456
9970,63.72538164421776
9971,-54.927329763334846
9972,-76.66929016799304
9973,-7.81240586683241
9974,-76.76178370591276
9975,-80.35419749835793
9976,-31.62170079213576
9977,-25.82083558056032
9978,36.43080238380151
9979,-77.52545972330732
9980,-75.15562170654172
9981,0.6948509997746148
9982,-13.280915130103384
9983,-23.903325954736705
9984,-34.7331746807813
9985,-26.15433024786041
9986,32.19878076725384
9987,-4.405505252381326
9988,-62.67579371552038
9989,0.1237927485367249
9990,1.956176478478017
9991,-3.788295604073112
9992,-65.93269421014472
9993,67.99644686751084
9994,2.1887330674419108
9995,32.19878076725384
9996,-78.88243182512242
9997,-6.288165869615364
9998,-78.01056458194246
9999,-66.9212993219744
10000,-8.863987966009388
10001,-5.561454000179191
10002,43.588012595753554
10003,49.21505902397957
10004,38.90588440436829
10005,-4.7227871053395125
10006,-65.17624768539207
10007,-36.10897533422323
10008,40.48703342894605
10009,67.9333611332707
10010,32.19878076725384
10011,-29.77527269455768
10012,-76.3657314413061
10013,-4.044817995760269
10014,2.1887330674419108
10015,-65.93269421014472
10016,-10.62008498402087
10017,-74.09823434332257
10018,44.62472099307576
10019,-26.82649638786379
10020,-58.60580768534961
10021,70.68592230649998
10022,-3.788295604073112
10023,75.0199217100368
10024,-59.90806913821795
10025,0.501538507750761
10026,41.40016973982567
10027,-5.656146802795405
10028,-0.6178730293882531
10029,-24.35795918125813
10030,-77.52545972330732
10031,-62.78980130777076
10032,-24.986483381540133
10033,-73.92126946837404
10034,-76.17421699429127
10035,-4.352524213373703
10036,41.7684919096037
10037,41.84513536450284
10038,-73.92126946837404
10039,-60.51359776052188
10040,62.16279784223504
10041,0.5401909959758169
10042,60.33644873601298
10043,39.52896101454392
10044,-9.4751977484217
10045,-22.205161716200685
10046,-73.150937410401
10047,2.7738567143738413
10048,-18.768016102224387
10049,58.55133086299018
10050,66.2354305513756
10051,-79.0562532431371
10052,41.84513536450284
10053,-15.822230664673658
10054,-29.76186156678115
10055,-58.54976440702547
10056,52.664936991676925
10057,37.8041409641169
10058,42.00203475257001
10059,44.34769971449413
10060,38.93311765392118
10061,-32.75356323318299
10062,66.1283381492217
10063,-2.576161615892416
10064,-2.8657318678189228
10065,-27.249798531375657
10066,-76.82012130686287
10067,65.82187654801423
10068,-5.966285005276342
10069,35.77387026129709
10070,-26.82649638786379
10071,-5.26106151851932
10072,40.91332540710615
10073,-60.12202533968288
10074,-65.34279542086654
10075,-72.2584952670134
10076,-9.449065361342456
10077,-8.915332350031797
10078,-77.42204755529535
10079,-13.938461451479508
10080,-65.93269421014472
10081,-57.15770148113933
10082,63.59216123737371
10083,0.0255444083175016
10084,-36.10897533422323
10085,-77.52545972330732
10086,-7.513838658147339
10087,-30.78532215516676
10088,-57.78397063719625
10089,-55.87845739049834
10090,-75.65621796144508
10091,-28.3439272014764
10092,68.44404600260745
10093,-14.913006571428596
10094,34.54030483027135
10095,-64.02922482635087
10096,59.61913650919068
10097,-78.76392263189874
10098,-7.871727222917594
10099,-78.66407823541721
10100,-24.598346088843723
10101,-77.42204755529535
10102,68.44404600260745
10103,66.51245444875539
10104,-23.425102389704737
10105,31.824555175375664
10106,70.03417092382051
10107,-13.500978957230938
10108,-38.62581592437883
10109,68.92297820853511
10110,-76.76178370591276
10111,65.61282162783102
10112,2.949554060654437
10113,-8.04805196336303
10114,63.26880260095021
10115,33.16786272652481
10116,3.833439175181372
10117,-78.6814505291172
10118,-5.131630240524741
10119,-3.39256269290055
10120,-70.62807747845909
10121,4.610195112524135
10122,-10.62008498402087
10123,-62.31911811659642
10124,-14.01033359493542
10125,68.41362799415231
10126,60.59035255728758
10127,-84.23607091292693
10128,36.633876559298486
10129,-76.17421699429127
10130,-31.62170079213576
10131,43.14808534777197
10132,41.53493427141735
10133,-13.500978957230938
10134,-0.2732895642138988
10135,-14.888687732122222
10136,33.04071804615991
10137,-5.888428702776482
10138,65.87787426215269
10139,64.15523871345152
10140,-64.54353226340459
10141,-63.13205644950455
10142,62.7911700815956
10143,66.22018711334692
10144,-80.57229242499587
10145,-7.21673741450172
10146,-35.53367366189829
10147,-25.183822438254605
10148,-4.862547205319394
10149,-67.69284145059981
10150,-10.44341237686437
10151,-85.76003477392135
10152,-49.23099680662806
10153,-7.043029772312251
10154,-25.253981188032945
10155,-4.169725929164489
10156,-57.68775440238159
10157,-7.269750188267194
10158,-58.54902486584921
10159,-2.573592914947289
10160,-78.38349207185496
10161,-0.3717644005371303
10162,38.37035280174992
10163,1.618291888799722
10164,-6.356713834835742
10165,-76.17421699429127
10166,-25.69164831541676
10167,-76.64171528297506
10168,-74.59500910285104
10169,59.61913650919068
10170,-60.79199985451312
10171,-59.46373203015597
10172,-69.04992118620024
10173,66.35539754601334
10174,67.9333611332707
10175,-0.8429653944815465
10176,-18.20906921800873
10177,58.74234488194267
10178,39.15389045124374
10179,-31.822151624852594
10180,-1.6110604288822206
10181,58.33210162579121
10182,-64.54353226340459
10183,-21.04378326968809
10184,55.0247134823846
10185,-55.381611446231744
10186,61.615331844810456
10187,63.52955682405342
10188,-55.299257624438
10189,-6.27410902080069
10190,39.65837362995534
10191,64.80277087881598
10192,-72.26726764972821
10193,-6.681825401711837
10194,-75.51512095709012
10195,-57.78397063719625
10196,44.23374192084224
10197,-58.98555660553302
10198,-9.839159079223446
10199,-11.431056899752445
10200,1.5701144958833124
10201,40.95230236594147
10202,-85.99306940497182
10203,-57.04368296674731
10204,36.43080238380151
10205,36.90724875010018
10206,-59.46373203015597
10207,-2.2802854683832834
10208,32.04702752584882
10209,43.279091136042645
10210,-75.65621796144508
10211,-6.27410902080069
10212,-76.85786841225945
10213,-36.10897533422323
10214,-7.81240586683241
10215,-59.46373203015597
10216,32.19878076725384
10217,66.24084666333658
10218,-80.66615461154935
10219,-10.8903293749761
10220,37.66334943517026
10221,-30.85016765361079
10222,-74.49371571474556
10223,-5.356001452258388
10224,62.22256386667254
10225,-10.044570936341715
10226,-10.043024676072758
10227,-59.46373203015597
10228,50.79811746651101
10229,43.162815838168086
10230,-33.20762320071639
10231,0.1237927485367249
10232,-62.995151229153
10233,63.49790565135434
10234,2.8693272500978284
10235,-60.677923499026654
10236,-27.491299263432136
10237,-0.6038469190749574
10238,-73.0216634223998
10239,-66.9212993219744
10240,-60.677923499026654
10241,64.95483776502294
10242,66.19001566085183
10243,-25.216602554282428
10244,-80.35419749835793
10245,34.80483718963979
10246,56.82429358044318
10247,-25.60430520063877
10248,-4.405505252381326
10249,-24.55988223841169
10250,-74.33040692272817
10251,-10.44341237686437
10252,-6.863870368962882
10253,-81.94108441588443
10254,64.15523871345152
10255,-1.5646643772343172
10256,-32.725560663026066
10257,69.97786281311312
10258,-17.321334604689014
10259,62.53432754498186
10260,-58.046961607678455
10261,38.81933919605221
10262,-27.7881691411117
10263,-36.10897533422323
10264,64.87738633154827
10265,-3.788295604073112
10266,-23.91625613098505
10267,41.84513536450284
10268,-5.26106151851932
10269,-71.57778022335182
10270,76.03690677285317
10271,38.624136442531054
10272,62.16279784223504
10273,-78.73977283743612
10274,-59.64149418486736
10275,42.46769050309161
10276,60.30375061880952
10277,-31.33525133530256
10278,-81.64507593409598
10279,-57.54094273522083
10280,3.9591200933960096
10281,-70.7171972108746
10282,65.14301602718734
10283,-74.66145702811652
10284,37.268150777230346
10285,-14.913006571428596
10286,-1.5770069169837528
10287,-71.62005468958853
10288,-8.853469699527487
10289,46.66944973681439
10290,-29.300421652945484
10291,34.466924814756815
10292,31.39913737368663
10293,67.05121218571567
10294,61.609475495951415
10295,38.81933919605221
10296,-78.66407823541721
10297,-57.54094273522083
10298,1.2300067632527476
10299,46.02188056923937
10300,-4.254247460377429
10301,75.04491463911143
10302,-77.91903220533499
10303,-9.839159079223446
10304,-5.081485686594208
10305,-32.99469842850272
10306,66.1497963631735
10307,44.14442047819771
10308,-6.649866539853311
10309,61.38102186534446
10310,-24.35016321531793
10311,-77.91903220533499
10312,-60.12202533968288
10313,-24.86914988006376
10314,-5.848387397028673
10315,-3.39256269290055
10316,-15.637666456229272
10317,41.72881337816917
10318,70.88294490454659
10319,-80.57229242499587
10320,-58.54109939723662
10321,41.67186030462723
10322,-78.48369568286614
10323,-26.858533676138816
10324,-63.88835283339168
10325,-13.309604756031066
10326,-12.06581513894788
10327,64.87738633154827
10328,33.04071804615991
10329,-24.19206506831171
10330,4.664352411512118
10331,70.98933181606905
10332,-6.288165869615364
10333,-4.496611847350281
10334,37.6509461789867
10335,-27.78015199179977
10336,-54.52336594280208
10337,-74.99352368541953
10338,-7.317500269274378
10339,-4.749999585165436
10340,64.14906184600571
10341,-76.80441377771137
10342,-82.4819132082389
10343,-4.09008190187442
10344,-53.600879782967176
10345,1.0284986632645443
10346,-54.52336594280208
10347,-70.35467792995027
10348,-73.27344102730416
10349,-62.995151229153
10350,-56.111548895327154
10351,-76.42369840461969
10352,-25.22604265976134
10353,61.27195785042069
10354,-73.83371531650194
10355,69.39940316777265
10356,-22.13837762761902
10357,64.07035701940929
10358,-33.20762320071639
10359,-12.010784290543274
10360,1.152072721640633
10361,-75.29021361205409
10362,43.81157867441063
10363,-29.48527441725131
10364,37.66334943517026
10365,-72.0180105239816
10366,65.72114559582457
10367,-9.641073655174528
10368,-1.1485503830987298
10369,-25.34035274944516
10370,-55.87845739049834
10371,64.95483776502294
10372,-6.288165869615364
10373,-32.9873229423199
10374,72.24096498677169
10375,36.23819163934332
10376,-27.678253001797327
10377,68.44404600260745
10378,67.16706753554438
10379,-79.56750752619496
10380,-8.863987966009388
10381,-78.6814505291172
10382,-78.76392263189874
10383,-31.62170079213576
10384,-4.813522533464322
10385,38.37035280174992
10386,-63.45768549149643
10387,64.80277087881598
10388,64.07035701940929
10389,36.6675316317531
10390,45.24596962344622
10391,64.78871161714781
10392,31.816675536249363
10393,52.63075812039184
10394,1.0284986632645443
10395,-72.52782651269095
10396,-64.22322389921449
10397,-18.340431906263
10398,-33.9092624412537
10399,47.35142031804616
10400,-59.178639005509226
10401,-29.2747420308903
10402,-65.2601527961586
10403,-2.573592914947289
10404,-1.8493783643604984
10405,65.11894884291449
10406,55.0247134823846
10407,-73.60491035361702
10408,-57.9148799366258
10409,0.6849230786863694
10410,39.35732844765245
10411,-73.81624547882997
10412,-10.043024676072758
10413,-12.45462393341985
10414,1.3994433371191208
10415,-24.04277134941157
10416,44.62472099307576
10417,-49.50830818155824
10418,-65.16783141998266
10419,-63.295182610425286
10420,-73.27344102730416
10421,33.04071804615991
10422,-28.3439272014764
10423,40.48703342894605
10424,-30.05384533218941
10425,-29.82589477046748
10426,-77.55181819310177
10427,58.74234488194267
10428,-73.61815719492897
10429,-23.989619681308938
10430,-31.33525133530256
10431,-58.98555660553302
10432,-54.7556048494133
10433,-73.23911214255754
10434,42.95017190142206
10435,56.82429358044318
10436,-3.788295604073112
10437,-22.1808396701614
10438,1.815736981642602
10439,-5.348470121417023
10440,-4.28120269862379
10441,1.9643039249933312
10442,-4.481104587416878
10443,64.63989179664443
10444,-13.286506001565078
10445,61.03073114861999
10446,-9.38875723107765
10447,-1.0063739224122377
10448,-26.37715049160389
10449,-9.839159079223446
10450,41.73461149797752
10451,-31.316666003631784
10452,41.05457243604992
10453,66.35539754601334
10454,69.39131220646372
10455,-56.04992096814509
10456,-4.292756039285109
10457,-23.903325954736705
10458,-70.1654572796408
10459,-25.69164831541676
10460,39.15389045124374
10461,-70.47001600576296
10462,-57.43732664223789
10463,66.51245444875539
10464,61.18435962350256
10465,-74.8251647460608
10466,1.225545036625305
10467,67.24172192852636
10468,33.04071804615991
10469,35.73561674715444
10470,66.44264150376699
10471,39.00060670354189
10472,62.00995586785786
10473,-32.9873229423199
10474,-29.115868133737976
10475,-14.797967269166843
10476,-75.40306730541424
10477,60.33644873601298
10478,-70.81281753257825
10479,-78.48369568286614
10480,-73.27344102730416
10481,70.41309669031652
10482,-65.93635482415422
10483,-79.56750752619496
10484,70.3322972468881
10485,2.064038439804848
10486,37.66334943517026
10487,-61.221174074164296
10488,-21.99196473871748
10489,-78.35218072997509
10490,-14.913006571428596
10491,3.5739944504900354
10492,38.81933919605221
10493,-64.47651793373112
10494,-34.7331746807813
10495,-67.69284145059981
10496,67.80464976312788
10497,-76.42369840461969
10498,66.2354305513756
10499,-0.413479237455126
10500,48.0095311499982
10501,-13.286506001565078
10502,-71.62005468958853
10503,-71.62005468958853
10504,41.84513536450284
10505,-62.78980130777076
10506,69.63658346872315
10507,2.7738567143738413
10508,-39.82444903734171
10509,64.1077374716284
10510,42.16922463887869
10511,-74.49371571474556
10512,36.6675316317531
10513,62.65937146362371
10514,32.65821388579311
10515,60.32056287873076
10516,-32.725560663026066
10517,-5.189549823221753
10518,67.51514710406344
10519,-74.5644291244963
10520,-73.27344102730416
10521,-26.03363518059629
10522,-9.641073655174528
10523,-8.863987966009388
10524,-8.863987966009388
10525,-63.49763616699086
10526,-6.906679365908204
10527,-5.95913406292635
10528,-23.246861422920738
10529,-14.797967269166843
10530,-77.55178269248565
10531,46.77734370942203
10532,-62.04966051797405
10533,-10.110014737892914
10534,-4.813522533464322
10535,-78.33117570861857
10536,-23.906424172090684
10537,-68.35715245528107
10538,-6.823064256147939
10539,-14.913006571428596
10540,-64.47651793373112
10541,-12.97247789905141
10542,-30.05384533218941
10543,-9.56537157338924
10544,-61.65104705002152
10545,-80.57229242499587
10546,-72.73190544589993
10547,66.26790599200163
10548,-1.5142344582764906
10549,68.41362799415231
10550,-6.681825401711837
10551,-35.67694549193424
10552,43.91512482757064
10553,-10.44341237686437
10554,-70.34185309394604
10555,63.12879999571948
10556,64.63989179664443
10557,64.63989179664443
10558,-2.835276824732169
10559,-63.0457220357867
10560,36.633876559298486
10561,46.43206308657235
10562,62.12250624043728
10563,-6.3874369156720245
10564,-30.479869629629427
10565,-64.02922482635087
10566,65.36187867777828
10567,-32.233161939026594
10568,62.6727660246658
10569,-27.34969792710817
10570,-75.22890988313637
10571,-77.06825523733521
10572,-61.48733495370739
10573,-27.237046034713888
10574,-3.6608848719628666
10575,62.7911700815956
10576,-4.813522533464322
10577,-75.33994606161441
10578,-15.822230664673658
10579,-58.348276808441135
10580,61.615331844810456
10581,43.14808534777197
10582,69.97786281311312
10583,-5.66337244850453
10584,-62.68276427969178
10585,70.74756278488417
10586,-1.9769158930625457
10587,-28.504600429725382
10588,-23.91625613098505
10589,66.31801333258855
10590,-12.21808408037968
10591,0.5337344485540569
10592,-63.88835283339168
10593,73.81219982376454
10594,-63.179704364479306
10595,62.69475593698146
10596,-78.38349207185496
10597,68.44404600260745
10598,36.6675316317531
10599,-72.58690813159689
10600,-5.753277537145639
10601,61.615331844810456
10602,37.324492185149104
10603,-78.76392263189874
10604,56.82429358044318
10605,-76.3657314413061
10606,36.61172457429024
10607,-77.55181819310177
10608,31.021411433761624
10609,-4.595237845554788
10610,-22.75778493813993
10611,-55.640035197389246
10612,37.19947120046872
10613,-58.96553768380916
10614,64.63989179664443
10615,-24.46648902377581
10616,-61.65104705002152
10617,-9.56537157338924
10618,-5.04691717100117
10619,-66.62244615548175
10620,-63.23911127836689
10621,-6.863870368962882
10622,-60.90702356170471
10623,-30.479869629629427
10624,-23.903325954736705
10625,60.59035255728758
10626,-73.60491035361702
10627,-73.42849126800041
10628,66.40807305932513
10629,-78.73977283743612
10630,-77.73989873786795
10631,-29.48527441725131
10632,-28.89159472042284
10633,-74.90941061938423
10634,62.6727660246658
10635,-4.28120269862379
10636,-21.99196473871748
10637,40.598929828025405
10638,41.40016973982567
10639,-77.06825523733521
10640,-81.19697294443142
10641,-31.02583668420939
10642,-76.64171528297506
10643,-5.888428702776482
10644,-30.866092697672507
10645,-72.7341577236204
10646,0.6849230786863694
10647,64.44273464877051
10648,5.402433577379065
10649,68.41362799415231
10650,-27.10869308487076
10651,-1.3528319269448832
10652,-76.3657314413061
10653,-69.22677167853784
10654,68.14229968910864
10655,-35.53367366189829
10656,-29.77998781269765
10657,-63.29752395345183
10658,-61.221174074164296
10659,-63.45768549149643
10660,-58.046961607678455
10661,44.96786970375077
10662,-60.15711265370673
10663,38.81933919605221
10664,-30.479869629629427
10665,-73.18562220633373
10666,63.422683297858455
10667,63.4282840652146
10668,-30.51315204445697
10669,-61.14526847782489
10670,-79.31934074855354
10671,-55.46129334411943
10672,-65.34279542086654
10673,0.4483511544921237
10674,-27.77491770281225
10675,-4.34003996570415
10676,-55.270478894409166
10677,-72.52782651269095
10678,-29.69489507115156
10679,-26.858533676138816
10680,32.04702752584882
10681,66.44264150376699
10682,60.85544510180497
10683,-66.26719328803952
10684,45.993282581934494
10685,-9.839159079223446
10686,-74.66145702811652
10687,-11.817850057054256
10688,61.18435962350256
10689,3.119897256112325
10690,-24.986483381540133
10691,-78.73977283743612
10692,-21.316260189214542
10693,-76.64113740064579
10694,40.82336233343185
10695,-16.567911126715845
10696,-10.110014737892914
10697,63.84472894105508
10698,-62.81694087915111
10699,-54.927329763334846
10700,-3.788295604073112
10701,-29.82589477046748
10702,-1.1575317206069051
10703,-24.32633207410201
10704,-8.863987966009388
10705,-30.680903926073736
10706,-2.89238593027853
10707,-59.13471362451587
10708,-17.321334604689014
10709,-18.20906921800873
10710,-6.79207553907505
10711,66.03528632220707
10712,2.064038439804848
10713,-26.932715466742245
10714,-1.229849625094131
10715,-0.8429653944815465
10716,76.95564595493512
10717,34.80483718963979
10718,-8.04805196336303
10719,-3.6968252457586575
10720,-4.044817995760269
10721,-70.61349123177251
10722,-10.44341237686437
10723,71.9936871170651
10724,-30.479869629629427
10725,-4.28120269862379
10726,32.65821388579311
10727,1.2300067632527476
10728,34.80483718963979
10729,33.15297041300278
10730,42.32273953550517
10731,33.04071804615991
10732,59.61913650919068
10733,-68.9598070709154
10734,-64.6578409046477
10735,-14.797967269166843
10736,40.00386997279973
10737,-5.656146802795405
10738,-79.96451365861414
10739,-16.567911126715845
10740,-21.648146145550708
10741,66.50080840682232
10742,65.61282162783102
10743,-55.06704058046424
10744,-7.21673741450172
10745,46.53090627961882
10746,67.68792665215557
10747,-60.58086808344965
10748,-84.6026606025058
10749,-26.436726549097465
10750,-55.82879225565655
10751,-13.286506001565078
10752,-3.258693115213571
10753,62.7911700815956
10754,-5.301833428349916
10755,-14.888687732122222
10756,-61.6049673174072
10757,-14.01033359493542
10758,37.6509461789867
10759,-0.1119836281224075
10760,-70.62807747845909
10761,-76.42369840461969
10762,-62.78980130777076
10763,60.83001992683164
10764,-30.479869629629427
10765,-4.779082560453088
10766,66.1283381492217
10767,43.279091136042645
10768,-57.43732664223789
10769,-30.25643021745738
10770,-30.78532215516676
10771,36.6675316317531
10772,-58.54109939723662
10773,-61.09698654182781
10774,36.633876559298486
10775,-78.35218072997509
10776,-76.42369840461969
10777,34.54030483027135
10778,35.93904014502468
10779,-2.494386794866561
10780,31.40964530099154
10781,31.816675536249363
10782,-76.89287515492157
10783,-76.89287515492157
10784,-56.51707079805835
10785,-80.66615461154935
10786,-84.3203445416039
10787,-19.57893227428828
10788,-12.091926941540631
10789,66.44264150376699
10790,58.74234488194267
10791,-5.26106151851932
10792,-18.945553518202622
10793,-1.9769158930625457
10794,-80.35419749835793
10795,16.874892018203184
10796,70.03417092382051
10797,36.14856123043596
10798,43.30107954295751
10799,-77.55178269248565
10800,-64.6578409046477
10801,-34.75207550136435
10802,-21.81237290637205
10803,-26.98508696168356
10804,-6.909221687008747
10805,-31.33525133530256
10806,-86.21444728630547
10807,-4.813522533464322
10808,-53.12370357012595
10809,-8.53967744233619
10810,-18.20906921800873
10811,-15.822230664673658
10812,66.22018711334692
10813,-81.94108441588443
10814,-10.110014737892914
10815,-73.75682635921301
10816,-9.26150164170671
10817,-21.75021306979223
10818,56.82429358044318
10819,44.401368395040734
10820,-26.327004412537004
10821,30.55992394426628
10822,65.72114559582457
10823,-54.888768874259554
10824,-27.249798531375657
10825,-30.78532215516676
10826,-16.567911126715845
10827,38.81933919605221
10828,-33.9687721859561
10829,69.88839811288372
10830,-78.73977283743612
10831,-5.353484465518308
10832,-74.59500910285104
10833,-50.90083513136463
10834,-22.77055692807029
10835,-19.88496612324776
10836,-5.385895475940269
10837,-0.2193115361812714
10838,-28.902759305269832
10839,-6.79207553907505
10840,-11.431056899752445
10841,-35.67694549193424
10842,-12.06581513894788
10843,42.0894501932948
10844,-1.3255973848096856
10845,-35.67694549193424
10846,67.68792665215557
10847,-14.42844988017126
10848,-65.93269421014472
10849,-24.947008990220645
10850,-16.899000280426968
10851,-39.82444903734171
10852,-5.753277537145639
10853,-30.78532215516676
10854,33.04071804615991
10855,-72.52782651269095
10856,-63.0457220357867
10857,-52.803399642747465
10858,-67.02904189343985
10859,72.42552781814756
10860,35.43344516318291
10861,33.04071804615991
10862,-63.88835283339168
10863,-17.573303527897913
10864,-24.19206506831171
10865,-7.236238321967068
10866,-11.651280165434788
10867,-73.33069224892745
10868,-5.6678442787688486
10869,4.128010300944629
10870,-10.98546513129617
10871,36.6675316317531
10872,-84.3203445416039
10873,-63.295182610425286
10874,-2.21601200005587
10875,-77.55178269248565
10876,-81.88059784204277
10877,-2.801533213562731
10878,38.25739987076126
10879,-62.78980130777076
10880,-4.813522533464322
10881,-73.27344102730416
10882,-14.321399803958212
10883,-14.26032041486885
10884,-76.42369840461969
10885,4.424750677647163
10886,63.617554743560966
10887,41.05457243604992
10888,-33.80764094512967
10889,-82.4819132082389
10890,-13.500978957230938
10891,6.727079349717688
10892,-15.30164506206392
10893,42.95242339394297
10894,62.65937146362371
10895,-24.196511021400354
10896,-30.25688318672117
10897,-68.35715245528107
10898,-24.358480153683487
10899,-75.95345369850317
10900,66.07105104085304
10901,50.79811746651101
10902,-32.20955899038406
10903,45.3860681098959
10904,-2.21601200005587
10905,-13.500978957230938
10906,33.16786272652481
10907,-36.2506641136971
10908,-74.36479679833107
10909,-7.317500269274378
10910,-82.24625968577911
10911,33.15297041300278
10912,64.87964239990802
10913,-4.813522533464322
10914,60.30375061880952
10915,38.99039231883357
10916,-80.35419749835793
10917,-82.4819132082389
10918,-77.55181819310177
10919,33.15297041300278
10920,69.46867804937153
10921,-7.21673741450172
10922,31.816675536249363
10923,67.51514710406344
10924,-25.41306194113016
10925,-59.46503769422805
10926,39.35732844765245
10927,44.34769971449413
10928,-75.40306730541424
10929,-64.06998419903516
10930,-78.7603110566254
10931,-30.78532215516676
10932,-26.37715049160389
10933,38.99039231883357
10934,44.78753608865312
10935,-5.656146802795405
10936,69.46867804937153
10937,-33.9687721859561
10938,58.74234488194267
10939,-7.317500269274378
10940,-10.44341237686437
10941,-6.341688182397083
10942,70.03417092382051
10943,-24.32633207410201
10944,-3.788295604073112
10945,70.67321329433442
10946,70.80047115670733
10947,2.2153652166822173
10948,-24.196511021400354
10949,50.79811746651101
10950,39.809996258774255
10951,28.03581078942329
10952,-5.535157462067021
10953,40.2072656148781
10954,-60.79199985451312
10955,-64.02922482635087
10956,-5.26106151851932
10957,-70.35467792995027
10958,-4.230841487142506
10959,33.15297041300278
10960,60.59035255728758
10961,45.52395534739282
10962,56.82429358044318
10963,-76.64171528297506
10964,-33.9092624412537
10965,67.49171214111543
10966,-7.549638485187982
10967,41.301942508613216
10968,33.04071804615991
10969,-61.09698654182781
10970,4.664352411512118
10971,-23.22548659554949
10972,37.53467778174393
10973,-56.04992096814509
10974,1.5701144958833124
10975,-30.29926333182145
10976,-74.99352368541953
10977,-84.3203445416039
10978,-60.15711265370673
10979,-10.043024676072758
10980,-32.20955899038406
10981,-77.88227991825796
10982,62.65937146362371
10983,-69.22677167853784
10984,-71.97866473285633
10985,-6.906679365908204
10986,-59.183499111015415
10987,3.819580021265174
10988,-82.71220166906676
10989,-81.98253527950904
10990,-6.739091549021689
10991,-7.24584180171002
10992,-14.73223448860248
10993,-77.06825523733521
10994,62.65937146362371
10995,61.615331844810456
10996,-10.116138093908727
10997,-15.822230664673658
10998,-1.6110604288822206
10999,58.74234488194267
11000,-81.88059784204277
11001,-63.88835283339168
11002,-14.797967269166843
11003,62.65937146362371
11004,-13.500978957230938
11005,-14.913006571428596
11006,-50.90083513136463
11007,-61.575950687085125
11008,-8.863987966009388
11009,-71.68218132548446
11010,-22.68224419055513
11011,-21.38530487108354
11012,-56.190006621685
11013,-3.533620055146886
11014,-6.681825401711837
11015,-33.9687721859561
11016,37.6509461789867
11017,-10.777961679810296
11018,38.90588440436829
11019,-23.425102389704737
11020,43.162815838168086
11021,42.28317809980437
11022,41.66281739342487
11023,33.04071804615991
11024,-0.6038469190749574
11025,31.816675536249363
11026,69.88839811288372
11027,-57.52520045616266
11028,39.348651732555226
11029,4.066100122005003
11030,-22.763031617576065
11031,-15.30164506206392
11032,-23.903325954736705
11033,41.74409029888496
11034,-6.322001957854647
11035,-25.49235761099135
11036,-1.7784549921822208
11037,67.08197165416448
11038,-62.67579371552038
11039,64.5312461111391
11040,-74.90941061938423
11041,-8.915332350031797
11042,72.83842745902686
11043,38.81933919605221
11044,35.030579017289725
11045,-75.40306730541424
11046,-5.26106151851932
11047,-1.4712271881700767
11048,-28.653198580817552
11049,-62.28754654782394
11050,43.279091136042645
11051,-6.383567762980142
11052,45.91090099518526
11053,-32.54486747759891
11054,37.61617419567595
11055,33.04071804615991
11056,35.77387026129709
11057,-26.69831764003489
11058,-23.906424172090684
11059,60.12785740423607
11060,-6.356713834835742
11061,-10.942753634644344
11062,-80.35419749835793
11063,6.0455217574297695
11064,-31.90202286928289
11065,-31.33525133530256
11066,32.65821388579311
11067,38.81933919605221
11068,45.24596962344622
11069,-5.63065114790337
11070,41.05457243604992
11071,-23.891435521781663
11072,61.38102186534446
11073,51.23253582364282
11074,65.6004730328591
11075,36.23819163934332
11076,-28.918453749250425
11077,-33.80764094512967
11078,44.71365683631129
11079,-4.247837062022258
11080,-54.927329763334846
11081,-10.707518963033769
11082,-7.21673741450172
11083,-57.43732664223789
11084,-33.80764094512967
11085,5.402433577379065
11086,65.87787426215269
11087,-73.27344102730416
11088,68.41362799415231
11089,62.10158009052127
11090,-3.6608848719628666
11091,-73.3609587892573
11092,-73.27344102730416
11093,-33.9092624412537
11094,-6.463611132673803
11095,-28.89159472042284
11096,-23.817908481682192
11097,-1.7784549921822208
11098,62.74531074041898
11099,-34.365616815568345
11100,-5.358545301203243
11101,50.79811746651101
11102,-81.19697294443142
11103,-9.28821769422264
11104,-16.567911126715845
11105,-74.59500910285104
11106,-62.995151229153
11107,-10.44341237686437
11108,42.32273953550517
11109,42.00203475257001
11110,-36.10897533422323
11111,-57.899078844106
11112,-8.943441280161904
11113,47.85690100050025
11114,40.156584788649056
11115,-75.13283001228429
11116,41.177416678435286
11117,-24.04277134941157
11118,6.531601016073376
11119,-21.844900950650487
11120,-56.01713301308456
11121,-50.95193810419465
11122,-4.7702224487329925
11123,-36.2506641136971
11124,-54.22274732388421
11125,-66.26719328803952
11126,66.03528632220707
11127,-7.81240586683241
11128,-10.110014737892914
11129,-3.9363346976255578
11130,-8.431222317814182
11131,-76.37724509941121
11132,-58.94706074903729
11133,73.11642653787344
11134,40.400486369826766
11135,-73.61815719492897
11136,42.09106995556809
11137,-21.470359107804235
11138,69.79531059709234
11139,35.84374880862988
11140,-26.858533676138816
11141,-57.78397063719625
11142,36.6675316317531
11143,52.63075812039184
11144,-4.271132009872629
11145,-66.62244615548175
11146,41.91036512092126
11147,-3.9363346976255578
11148,40.598929828025405
11149,-78.6814505291172
11150,-54.41640725119849
11151,-3.679805363055943
11152,-73.55728480090703
11153,32.946379147666434
11154,31.816675536249363
11155,32.619566046378786
11156,-12.891368308417965
11157,1.6926493625929466
11158,3.614542395063149
11159,-55.495128984464216
11160,-7.549638485187982
11161,-3.81207919215946
11162,60.37201171167298
11163,-30.866092697672507
11164,-56.32234174966528
11165,-79.05260018261336
11166,60.12785740423607
11167,0.9519504033784348
11168,-60.79199985451312
11169,-1.3255973848096856
11170,36.40070262303901
11171,-26.82031870175287
11172,-10.724756096169603
11173,-58.75300516644356
11174,41.66281739342487
11175,58.5013549551754
11176,-16.567911126715845
11177,44.80361278365878
11178,38.41630457574613
11179,-21.99196473871748
11180,65.82187654801423
11181,-64.02922482635087
11182,-10.62008498402087
11183,67.80464976312788
11184,-74.15915480645697
11185,-60.15711265370673
11186,-64.54353226340459
11187,-8.515695951844302
11188,-10.724756096169603
11189,67.98893717024579
11190,-32.20955899038406
11191,-73.91762256795305
11192,-58.54109939723662
11193,-17.535238436251824
11194,-10.110014737892914
11195,-74.15915480645697
11196,-24.986483381540133
11197,-25.052722902274613
11198,-1.872126773295657
11199,-62.81694087915111
11200,-9.26150164170671
11201,-82.39847383538947
11202,39.809996258774255
11203,-79.83906269535584
11204,-1.7784549921822208
11205,-12.06581513894788
11206,-25.34035274944516
11207,36.633876559298486
11208,-24.598346088843723
11209,-60.79199985451312
11210,-3.9363346976255578
11211,-2.359578238440982
11212,36.6675316317531
11213,-27.34969792710817
11214,-32.808383022611295
11215,-1.7784549921822208
11216,65.29836423440496
11217,2.355386813545593
11218,-6.331491352026927
11219,-22.24263914838269
11220,-24.947008990220645
11221,-54.29988847326347
11222,-56.01713301308456
11223,-58.60580768534961
11224,-32.20955899038406
11225,-2.856021770427445
11226,48.85778421675226
11227,-64.24361040707795
11228,-8.915332350031797
11229,-80.66615461154935
11230,-72.52782651269095
11231,-52.77311539818591
11232,36.6675316317531
11233,-76.80441377771137
11234,-59.178639005509226
11235,37.6509461789867
11236,-5.535157462067021
11237,41.6274163324015
11238,65.14849956532252
11239,-7.597968478434276
11240,-32.75356323318299
11241,-61.53338351725457
11242,-76.37724509941121
11243,33.04071804615991
11244,-75.95345369850317
11245,-56.5670288551573
11246,-68.35715245528107
11247,37.6509461789867
11248,3.43024114306144
11249,46.66944973681439
11250,-77.93996739355033
11251,-10.20136555778766
11252,-75.13283001228429
11253,-10.44341237686437
11254,-5.719304009303055
11255,39.92690641686816
11256,-35.53367366189829
11257,35.77387026129709
11258,-26.858533676138816
11259,-7.687470070862501
11260,69.20417134267065
11261,-1.4712271881700767
11262,-5.530388332058466
11263,-4.779082560453088
11264,0.9519504033784348
11265,48.255316020249225
11266,-79.34297332252365
11267,37.6509461789867
11268,-8.04805196336303
11269,66.2354305513756
11270,40.09022810442826
11271,7.308491098185909
11272,-24.54860532883253
11273,-1.702770544021364
11274,-15.30164506206392
11275,-75.13283001228429
11276,-2.8145698371027184
11277,-34.365616815568345
11278,-74.2690798680846
11279,-70.15173286977776
11280,-74.59500910285104
11281,-77.88227991825796
11282,-27.34969792710817
11283,35.074693805432055
11284,-83.14154573496097
11285,44.96786970375077
11286,39.2322599081036
11287,-74.90941061938423
11288,-62.78980130777076
11289,-3.0697043040178924
11290,44.84104997235519
11291,63.732156273041454
11292,-74.66764749767066
11293,-26.86401478010967
11294,39.38646424921386
11295,-54.888768874259554
11296,-78.7954009082239
11297,-12.45462393341985
11298,-64.22322389921449
11299,-3.327318671946648
11300,41.84513536450284
11301,65.94571679344138
11302,33.04071804615991
11303,-6.356713834835742
11304,46.53090627961882
11305,51.23253582364282
11306,46.38910529995261
11307,63.0670495000672
11308,-12.091926941540631
11309,-73.91958162515299
11310,-31.90202286928289
11311,-78.29142237467562
11312,30.55992394426628
11313,-0.6038469190749574
11314,-79.15681680171255
11315,68.95932799205673
11316,41.83413848275086
11317,-79.05260018261336
11318,-77.55212920091338
11319,38.98130269266319
11320,-6.463611132673803
11321,-49.96278747583913
11322,-59.69716793518104
11323,62.69475593698146
11324,1.629305813817334
11325,1.815736981642602
11326,-4.748950115941199
11327,45.99583818904029
11328,66.1283381492217
11329,70.80047115670733
11330,42.16922463887869
11331,-14.888687732122222
11332,-15.30164506206392
11333,-6.463611132673803
11334,-63.13205644950455
11335,-12.21808408037968
11336,-59.69716793518104
11337,-6.909221687008747
11338,-59.3976753634658
11339,-12.64900590466748
11340,-4.7702224487329925
11341,43.62238143341724
11342,-30.683159486424103
11343,-72.46940893124065
11344,-60.90702356170471
11345,-54.837642427753735
11346,30.55992394426628
11347,-12.45462393341985
11348,37.62010851885636
11349,-9.689881501846768
11350,1.815736981642602
11351,-70.17978853392736
11352,-31.02583668420939
11353,-27.3573511551938
11354,-32.54486747759891
11355,40.28387499553769
11356,-24.54860532883253
11357,-63.23911127836689
11358,-3.776511127964637
11359,-8.016318777398299
11360,66.22018711334692
11361,-11.431056899752445
11362,67.98893717024579
11363,-57.15770148113933
11364,-37.01682792487814
11365,-63.23911127836689
11366,-13.500978957230938
11367,37.116330984893
11368,-14.73223448860248
11369,-29.77527269455768
11370,-26.98508696168356
11371,-74.28059594776445
11372,67.89415940338353
11373,-75.29021361205409
11374,-11.651280165434788
11375,-34.7331746807813
11376,-6.04557790752836
11377,-13.231773155032627
11378,65.14301602718734
11379,-31.009929664137708
11380,-74.10263009760334
11381,-31.02583668420939
11382,46.38910529995261
11383,36.23819163934332
11384,-30.05384533218941
11385,-23.982254493150904
11386,43.62238143341724
11387,-24.44534794485861
11388,31.816675536249363
11389,-69.73443133263335
11390,58.05810244991597
11391,-54.7556048494133
11392,39.65837362995534
11393,61.615331844810456
11394,-8.010188358003843
11395,41.05457243604992
11396,-25.052722902274613
11397,-76.89287515492157
11398,-3.8490356178180622
11399,40.48703342894605
11400,-56.87781303552666
11401,-1.3833108222134074
11402,-64.24361040707795
11403,2.7738567143738413
11404,60.59035255728758
11405,-78.41756999405827
11406,-66.26719328803952
11407,-26.513956182792683
11408,60.33644873601298
11409,52.63075812039184
11410,-7.469051435225227
11411,-66.62244615548175
11412,32.57916129292066
11413,-3.332832829296308
11414,-11.817850057054256
11415,44.49417969893682
11416,36.40070262303901
11417,-10.44341237686437
11418,39.00060670354189
11419,-68.89919108666818
11420,65.29836423440496
11421,-29.48527441725131
11422,-60.79199985451312
11423,-8.103362324167488
11424,39.96488127357527
11425,-60.79199985451312
11426,-58.2644945354391
11427,62.10158009052127
11428,-0.6038469190749574
11429,-24.208260143147807
11430,50.79811746651101
11431,34.80483718963979
11432,39.96488127357527
11433,-3.150576609020957
11434,-6.398349548347476
11435,-57.783851269247855
11436,-34.365616815568345
11437,61.38102186534446
11438,-58.54109939723662
11439,-11.817850057054256
11440,66.2354305513756
11441,-10.151083847045982
11442,16.874892018203184
11443,-17.535238436251824
11444,-59.46373203015597
11445,-11.651280165434788
11446,-76.38432485167684
11447,-21.472520593686266
11448,-85.76003477392135
11449,69.20417134267065
11450,-36.2506641136971
11451,-74.90941061938423
11452,-85.17905053883341
11453,37.62010851885636
11454,-17.535238436251824
11455,-79.05771380702649
11456,65.61282162783102
11457,-70.25050713997979
11458,-12.06581513894788
11459,-0.2652432220024314
11460,-25.82083558056032
11461,-0.1119836281224075
11462,-76.17421699429127
11463,-12.21808408037968
11464,69.97786281311312
11465,65.94571679344138
11466,69.18556899193706
11467,64.87738633154827
11468,-10.116138093908727
11469,42.46769050309161
11470,-21.648146145550708
11471,35.77387026129709
11472,-65.32926152464594
11473,-81.94108441588443
11474,-23.891435521781663
11475,-6.463611132673803
11476,-58.07837524286647
11477,-0.6081082511542446
11478,1.2300067632527476
11479,46.02188056923937
11480,-32.808383022611295
11481,35.313820741546124
11482,62.53432754498186
11483,-5.868432261460283
11484,-24.46648902377581
11485,-27.27128348007557
11486,68.41362799415231
11487,-62.995151229153
11488,40.400486369826766
11489,67.0865915391513
11490,-2.74668371316136
11491,-30.655634648631768
11492,-76.66929016799304
11493,-60.41965467394374
11494,-23.982254493150904
11495,61.38102186534446
11496,-39.82444903734171
11497,-4.582603724073719
11498,-5.898090535292034
11499,-77.06825523733521
11500,-24.35016321531793
11501,-13.081717466003909
11502,-34.71444435373758
11503,-1.9460907163707075
11504,-11.651280165434788
11505,71.979843050443
11506,-66.62244615548175
11507,-33.85664609122695
11508,-80.52716380666656
11509,-13.081717466003909
11510,50.79811746651101
11511,-21.35899997498504
11512,-23.891435521781663
11513,-69.98770049831629
11514,-83.63645810571482
11515,-25.34035274944516
11516,61.69232381114795
11517,-78.52782107347683
11518,42.09106995556809
11519,-4.189991809542812
11520,-10.44341237686437
11521,-7.871727222917594
11522,2.084529163216759
11523,-25.34035274944516
11524,-15.229202638163436
11525,37.324492185149104
11526,-59.46373203015597
11527,-17.321334604689014
11528,-61.14526847782489
11529,63.59216123737371
11530,67.0865915391513
11531,-14.321399803958212
11532,32.04702752584882
11533,-70.6451093259942
11534,-77.3211647520528
11535,-60.00281925629682
11536,-59.90806913821795
11537,-6.260040584461047
11538,37.22113691288863
11539,-29.48527441725131
11540,66.67478428733567
11541,5.001624995360058
11542,-73.83371531650194
11543,36.14856123043596
11544,43.754741884614056
11545,-75.06573709786888
11546,37.66334943517026
11547,-34.75207550136435
11548,-62.134378253499385
11549,-29.02225814477688
11550,-6.728582992858678
11551,-85.99306940497182
11552,-17.321334604689014
11553,-39.82444903734171
11554,-13.500978957230938
11555,-27.603012286540743
11556,-22.89112226076802
11557,-7.8814595924492
11558,-81.88059784204277
11559,64.87738633154827
11560,-2.21601200005587
11561,67.89415940338353
11562,-7.894610341298489
11563,-10.878576378735852
11564,-23.74834582794513
11565,-63.45768549149643
11566,-3.258693115213571
11567,-7.513838658147339
11568,-63.11009071415076
11569,-24.54860532883253
11570,60.83001992683164
11571,-28.504600429725382
11572,-25.314707728133964
11573,-0.5612859292642153
11574,-71.9816851992954
11575,45.92977203957047
11576,39.92690641686816
11577,30.76826394708793
11578,-55.46129334411943
11579,-22.973311088766785
11580,-32.20955899038406
11581,-24.46648902377581
11582,-0.5612859292642153
11583,-57.899078844106
11584,65.61282162783102
11585,-54.72716947041746
11586,-20.32728101839888
11587,-11.521861632467786
11588,35.84374880862988
11589,61.03073114861999
11590,-15.08215182921515
11591,-8.915332350031797
11592,-3.903842079430181
11593,-26.03363518059629
11594,62.69475593698146
11595,0.9519504033784348
11596,0.9519504033784348
11597,-71.40065619820173
11598,-7.043029772312251
11599,46.99742305571528
11600,67.51514710406344
11601,-74.59500910285104
11602,-57.75073360420938
11603,-26.98508696168356
11604,-6.04557790752836
11605,28.03581078942329
11606,63.0670495000672
11607,0.5066245340693158
11608,-58.55087519116943
11609,-62.93896580826474
11610,-12.31269446045438
11611,0.52827457619515
11612,-10.259449481655505
11613,-57.50365183966853
11614,0.1355178294431984
11615,-69.73443133263335
11616,-13.231773155032627
11617,71.52388232726737
11618,-4.862547205319394
11619,-7.469051435225227
11620,59.44947674683025
11621,-74.4369917503365
11622,-65.93635482415422
11623,-8.563487581044463
11624,-67.02904189343985
11625,-30.680903926073736
11626,-8.915332350031797
11627,61.38102186534446
11628,-5.398747750420188
11629,-27.603012286540743
11630,41.05457243604992
11631,-3.5467679135645
11632,-60.90702356170471
11633,-73.79638449879943
11634,-4.283847650391428
11635,-77.55181819310177
11636,72.55687738201006
11637,-8.231733014275257
11638,42.51347727075292
11639,-14.913006571428596
11640,-13.081717466003909
11641,-29.48527441725131
11642,31.816675536249363
11643,-30.479869629629427
11644,-74.01057130750671
11645,-31.009929664137708
11646,0.304081176127789
11647,-64.22322389921449
11648,-82.39847383538947
11649,-3.424492023723308
11650,73.11642653787344
11651,-16.589755208823476
11652,-5.95913406292635
11653,3.113105680124135
11654,-58.52262251764809
11655,-18.20906921800873
11656,-31.664938095832248
11657,-30.655634648631768
11658,-5.180803404550008
11659,-70.55449112975737
11660,-75.29021361205409
11661,0.4049001306051099
11662,38.32264891257132
11663,-68.9598070709154
11664,-21.81237290637205
11665,-5.246984678327791
11666,-5.468131031697727
11667,-10.151083847045982
11668,-5.868432261460283
11669,-10.44341237686437
11670,-10.878576378735852
11671,40.71776160623419
11672,-6.739091549021689
11673,-78.01056458194246
11674,-14.888687732122222
11675,-59.24233276416102
11676,61.53739400135536
11677,-27.249798531375657
11678,52.63075812039184
11679,-0.8070720782008793
11680,-38.289760840839065
11681,-24.44534794485861
11682,-27.34969792710817
11683,-60.15711265370673
11684,-60.97074636307356
11685,44.08164387124957
11686,-60.90702356170471
11687,-6.383567762980142
11688,-16.589755208823476
11689,-72.43638287798247
11690,-6.260040584461047
11691,-16.589755208823476
11692,35.32502772527348
11693,-24.129126841634385
11694,-2.555004627198519
11695,-24.35195500257644
11696,34.616107673852056
11697,0.6328150550729714
11698,-27.34969792710817
11699,-24.04277134941157
11700,38.90588440436829
11701,-75.29021361205409
11702,62.10158009052127
11703,-9.750433782486157
11704,-10.62008498402087
11705,-56.82785815666358
11706,-22.1808396701614
11707,66.93590578641333
11708,4.347229783291881
11709,56.82429358044318
11710,-24.179492266010776
11711,-2.8145698371027184
11712,-12.31269446045438
11713,-25.34035274944516
11714,-5.356001452258388
11715,-23.42565210184555
11716,40.598929828025405
11717,-75.13283001228429
11718,-82.1034553430552
11719,-2.216745012657656
11720,39.348651732555226
11721,33.16786272652481
11722,-77.88227991825796
11723,53.76754856205086
11724,68.44404600260745
11725,-22.42890791938005
11726,-55.42167706566052
11727,-58.53106197740909
11728,-58.94706074903729
11729,59.079395071992494
11730,-6.383193395253522
11731,-11.521861632467786
11732,-63.0457220357867
11733,-77.06825523733521
11734,65.61282162783102
11735,-73.08582938334993
11736,0.4655771268272803
11737,-27.27128348007557
11738,-26.34579813973273
11739,4.12978192535323
11740,-1.7555445584771403
11741,-20.736326189740566
11742,44.71365683631129
11743,-8.010188358003843
11744,34.616107673852056
11745,-2.270835708647909
11746,-7.513838658147339
11747,-82.4819132082389
11748,71.84068869241797
11749,5.001624995360058
11750,-73.27344102730416
11751,-74.10263009760334
11752,37.66334943517026
11753,-30.62860488636636
11754,62.53432754498186
11755,40.71776160623419
11756,-57.097777703122176
11757,-1.916828103898372
11758,-75.06573709786888
11759,63.59216123737371
11760,-55.47896182789778
11761,-2.432397399502493
11762,-77.46581004632583
11763,-14.888687732122222
11764,-75.33994606161441
11765,-82.4819132082389
11766,47.30448474967473
11767,-69.18985090900694
11768,16.874892018203184
11769,16.874892018203184
11770,37.6509461789867
11771,-63.49763616699086
11772,-66.26719328803952
11773,-15.30164506206392
11774,58.5013549551754
11775,38.624136442531054
11776,63.72538164421776
11777,-69.73443133263335
11778,-57.716975848809575
11779,-9.839159079223446
11780,2.873075998428152
11781,37.567340389793365
11782,-14.298401163078736
11783,-59.69716793518104
11784,-10.8903293749761
11785,-80.04828200984349
11786,-34.75207550136435
11787,-27.3573511551938
11788,-9.568379448211743
11789,-66.26719328803952
11790,-2.03864039094241
11791,35.074693805432055
11792,51.23253582364282
11793,0.52827457619515
11794,-23.50853686610404
11795,-61.4428911709382
11796,66.03528632220707
11797,-63.179704364479306
11798,-25.253981188032945
11799,46.2734092540487
11800,-5.561454000179191
11801,48.49824867968026
11802,42.05097262893496
11803,-13.081717466003909
11804,-29.48527441725131
11805,-0.088023828700841
11806,65.72967183443176
11807,40.00386997279973
11808,-75.13283001228429
11809,-0.2652432220024314
11810,44.71365683631129
11811,-78.6814505291172
11812,2.355386813545593
11813,60.83001992683164
11814,-29.43973754511513
11815,-74.46060894727624
11816,-2.801533213562731
11817,-32.54486747759891
11818,50.79811746651101
11819,-27.47913072767732
11820,-0.2719681714668835
11821,42.18437378677539
11822,-23.33685172174213
11823,-23.064441944041462
11824,-2.437335776208183
11825,-59.0247792559835
11826,64.15523871345152
11827,-13.342616098789204
11828,-26.311050966139344
11829,-57.04694547262409
11830,1.629305813817334
11831,-2.076031374470319
11832,-58.99516831809066
11833,-4.813522533464322
11834,-28.653198580817552
11835,46.36051437435837
11836,-6.909221687008747
11837,-5.263435100171252
11838,-34.365616815568345
11839,-71.54453731673553
11840,42.05097262893496
11841,-74.10263009760334
11842,61.99969329287027
11843,-69.73443133263335
11844,-60.47984449950588
11845,-65.1076563584069
11846,-34.75207550136435
11847,-4.53511661443231
11848,68.44404600260745
11849,-73.08582938334993
11850,-26.311050966139344
11851,-56.63224980514666
11852,-5.246984678327791
11853,33.04071804615991
11854,46.19269900122548
11855,-63.23911127836689
11856,-76.17421699429127
11857,-82.24625968577911
11858,-30.29926333182145
11859,60.83001992683164
11860,52.63075812039184
11861,-79.05260018261336
11862,-60.79192058872656
11863,45.6679417880725
11864,-0.8070720782008793
11865,36.23819163934332
11866,36.23819163934332
11867,-8.016318777398299
11868,-75.13283001228429
11869,-6.7898923178447
11870,31.021411433761624
11871,51.23253582364282
11872,-73.08582938334993
11873,40.13364504464395
11874,-1.8560462790925063
11875,-30.29926333182145
11876,39.92690641686816
11877,-5.930460410088149
11878,-71.59419573239421
11879,-81.19697294443142
11880,-59.90806913821795
11881,-3.150576609020957
11882,-32.808383022611295
11883,36.40070262303901
11884,-31.316666003631784
11885,-68.75910244649562
11886,-58.52450799803128
11887,-6.7898923178447
11888,-9.839159079223446
11889,-4.283847650391428
11890,62.588752788032245
11891,61.69232381114795
11892,63.72538164421776
11893,-72.81394901663056
11894,-1.9460907163707075
11895,61.99969329287027
11896,68.78561206305038
11897,-61.4428911709382
11898,-55.933091274996215
11899,68.44404600260745
11900,33.04071804615991
11901,-22.41570175829293
11902,40.59946480269019
11903,-82.4819132082389
11904,-20.02876403029737
11905,-66.62244615548175
11906,-3.4601017457105367
11907,31.824555175375664
11908,38.81933919605221
11909,43.32793361991718
11910,-1.0457976258055544
11911,-74.29069465840236
11912,67.74650370189025
11913,-65.34279542086654
11914,-77.8525995114669
11915,36.74462873010074
11916,-25.34035274944516
11917,-0.819235743934887
11918,-57.716975848809575
11919,-15.229202638163436
11920,-23.246861422920738
11921,-19.61190863071192
11922,-24.54860532883253
11923,-65.34279542086654
11924,-13.286506001565078
11925,62.65937146362371
11926,-31.85847872841079
11927,-10.151083847045982
11928,68.89414552939621
11929,43.91512482757064
11930,-20.681366834368184
11931,-76.66929016799304
11932,-63.11009071415076
11933,-16.567911126715845
11934,-13.081717466003909
11935,1.569422930972434
11936,-26.89459412615388
11937,-76.98079232056003
11938,-17.321334604689014
11939,42.95242339394297
11940,-29.43973754511513
11941,-60.790875060332766
11942,39.427593790999154
11943,-7.525741961220431
11944,42.719931003803104
11945,-6.823064256147939
11946,-0.6038469190749574
11947,-13.286506001565078
11948,-74.10263009760334
11949,66.50080840682232
11950,-15.324458969358902
11951,-3.4601017457105367
11952,-77.73989873786795
11953,-15.08215182921515
11954,-54.888768874259554
11955,37.53467778174393
11956,-1.3255973848096856
11957,-30.29520417700252
11958,-7.879216612763271
11959,-12.891368308417965
11960,-10.44341237686437
11961,37.567340389793365
11962,47.29035871409008
11963,65.94571679344138
11964,55.0247134823846
11965,-75.54743905566333
11966,-14.42844988017126
11967,-66.10108831655752
11968,38.97969637869537
11969,-6.3874369156720245
11970,-34.75207550136435
11971,-76.38432485167684
11972,-9.951828432204634
11973,-5.26106151851932
11974,-17.321334604689014
11975,-8.915332350031797
11976,-13.081717466003909
11977,41.301942508613216
11978,-15.822230664673658
11979,58.05810244991597
11980,69.22346375518472
11981,-63.0457220357867
11982,16.874892018203184
11983,-71.05774315745671
11984,65.61282162783102
11985,-75.54743905566333
11986,-10.259449481655505
11987,-4.251175272817319
11988,-14.888687732122222
11989,-14.70943842438786
11990,-86.51512641274144
11991,-2.657138739898328
11992,-73.60491035361702
11993,62.906686684153385
11994,71.61269821729097
11995,-79.15681680171255
11996,37.02925286174907
11997,-78.29142237467562
11998,67.74650370189025
11999,-21.318583743773328
12000,65.6700975969629
12001,-54.72716947041746
12002,62.23488338788029
12003,2.2274451214022664
12004,-83.14154573496097
12005,45.96577785718984
12006,-82.0510019612437
12007,-74.3727286188944
12008,-31.90202286928289
12009,-62.93896580826474
12010,-3.025497088445316
12011,-58.43303727699042
12012,-11.698665879085343
12013,-39.82444903734171
12014,37.53467778174393
12015,-60.41965467394374
12016,42.06069971522363
12017,-3.332832829296308
12018,56.72433994447442
12019,-35.67694549193424
12020,-72.77856783709676
12021,40.85595516859276
12022,66.84721717294155
12023,-74.01057130750671
12024,1.2300067632527476
12025,-0.3881472980835525
12026,0.401690333000313
12027,-3.6608848719628666
12028,-66.62244615548175
12029,-3.3448503552667512
12030,67.89415940338353
12031,-79.08562209597514
12032,-56.93891196786496
12033,-59.64149418486736
12034,32.04702752584882
12035,-60.65091299602855
12036,-59.5318622454142
12037,36.32223782013784
12038,-33.15674849548624
12039,67.55399052552343
12040,-6.04557790752836
12041,-73.08582938334993
12042,-22.43360202658749
12043,-3.332832829296308
12044,-7.601566248922341
12045,-31.009929664137708
12046,-20.262099411519102
12047,-5.358545301203243
12048,70.84073871794872
12049,70.88294490454659
12050,-7.976562163263443
12051,-26.37715049160389
12052,-64.80558489225213
12053,-34.75207550136435
12054,-9.352761801597046
12055,-6.3874369156720245
12056,-24.44534794485861
12057,-1.8047820342062648
12058,44.71365683631129
12059,-62.04966051797405
12060,-71.10164948645162
12061,-61.53338351725457
12062,-24.179492266010776
12063,1.712980394888361
12064,-23.42565210184555
12065,-12.97247789905141
12066,-2.1565931961397125
12067,-25.253981188032945
12068,33.025157911301285
12069,-15.30164506206392
12070,-72.77793127523853
12071,2.873075998428152
12072,-74.8251647460608
12073,-58.54109939723662
12074,-30.680903926073736
12075,-26.03363518059629
12076,58.5013549551754
12077,-26.69831764003489
12078,-73.91762256795305
12079,44.23374192084224
12080,-26.311050966139344
12081,-17.321334604689014
12082,-5.246984678327791
12083,37.02925286174907
12084,-56.51707079805835
12085,-7.836675450892335
12086,-26.07243635821772
12087,72.05005592876225
12088,66.71324545207723
12089,-12.06581513894788
12090,66.50080840682232
12091,-73.59310591501057
12092,65.61282162783102
12093,35.73561674715444
12094,40.85392694082381
12095,-8.289784301005522
12096,-27.10869308487076
12097,-15.30164506206392
12098,-81.98253527950904
12099,-60.79192058872656
12100,-1.0457976258055544
12101,-54.22274732388421
12102,-74.18647628041738
12103,0.4655771268272803
12104,-12.010784290543274
12105,-73.0216634223998
12106,-26.71016505881566
12107,61.00027522353713
12108,-2.270835708647909
12109,-4.271132009872629
12110,-28.08677622878706
12111,0.6608546787969205
12112,-17.47412473915537
12113,-73.08582938334993
12114,-32.20955899038406
12115,-4.779082560453088
12116,-16.567911126715845
12117,-75.35534353549944
12118,-62.134378253499385
12119,-69.18985090900694
12120,-26.69831764003489
12121,-5.246984678327791
12122,-70.56072348085257
12123,69.18556899193706
12124,-32.54486747759891
12125,-21.58032454885356
12126,-4.748950115941199
12127,-9.491081868191886
12128,30.76826394708793
12129,-14.298401163078736
12130,73.11642653787344
12131,-54.5222800934327
12132,37.19947120046872
12133,-57.04694547262409
12134,61.99969329287027
12135,-74.2690798680846
12136,-1.811173881204443
12137,-73.4645720175736
12138,-2.437335776208183
12139,-78.7954009082239
12140,-82.0510019612437
12141,-23.74834582794513
12142,-81.88059784204277
12143,41.07142814633667
12144,38.97969637869537
12145,-15.822230664673658
12146,31.816675536249363
12147,58.5013549551754
12148,45.345541419991775
12149,-78.7954009082239
12150,3.012324215433562
12151,39.96488127357527
12152,-59.94882361695452
12153,-74.10263009760334
12154,-3.150576609020957
12155,-7.525741961220431
12156,44.84104997235519
12157,64.9317179013089
12158,-60.15513277901261
12159,-26.858533676138816
12160,-31.02583668420939
12161,-26.03363518059629
12162,-5.131630240524741
12163,-25.34035274944516
12164,-69.04626547997135
12165,-2.47663704243964
12166,-55.381611446231744
12167,1.292686649129236
12168,40.7413050551993
12169,40.85392694082381
12170,-2.956496434290812
12171,-53.65153632242907
12172,-8.722455159006676
12173,-24.066795719299183
12174,-30.25643021745738
12175,-66.43935787169306
12176,-7.236238321967068
12177,-8.431222317814182
12178,-5.898090535292034
12179,-3.1723688428075247
12180,75.29998696082382
12181,-66.43935787169306
12182,-58.205776515675055
12183,-58.25986872681954
12184,-80.32120137290202
12185,68.99984682776726
12186,-24.54860532883253
12187,-31.009929664137708
12188,-26.69831764003489
12189,43.14808534777197
12190,-81.88059784204277
12191,-74.01057130750671
12192,-5.301833428349916
12193,73.11642653787344
12194,-74.99352368541953
12195,-30.19408707370652
12196,-20.171666291089977
12197,-30.655634648631768
12198,-14.42844988017126
12199,-10.151083847045982
12200,35.65310194615565
12201,-61.14526847782489
12202,-79.53541804957115
12203,-25.142613473540607
12204,-17.25224584932822
12205,-11.98707763750205
12206,-2.902980803306185
12207,69.39645044262603
12208,-55.31080982620168
12209,33.15297041300278
12210,-83.14154573496097
12211,-73.39699277243034
12212,60.02378546198624
12213,41.53493427141735
12214,-33.912158161500194
12215,33.04071804615991
12216,60.59035255728758
12217,69.39645044262603
12218,-81.76047258796626
12219,68.99984682776726
12220,-21.839610296900105
12221,-54.72716947041746
12222,-4.247837062022258
12223,67.98893717024579
12224,44.148316780724194
12225,2.7738567143738413
12226,-25.49235761099135
12227,-0.5612859292642153
12228,-72.02578662442261
12229,-3.393205147057441
12230,-3.6608848719628666
12231,40.00386997279973
12232,-83.14154573496097
12233,-32.75356323318299
12234,-26.436726549097465
12235,-3.1723688428075247
12236,-84.3203445416039
12237,62.15102143096463
12238,-25.34035274944516
12239,-75.35534353549944
12240,-55.51339155950623
12241,43.64426389384448
12242,-26.02696714588651
12243,61.24862097151186
12244,-14.42844988017126
12245,61.24862097151186
12246,37.53467778174393
12247,-74.15915480645697
12248,-73.4727168849343
12249,39.348651732555226
12250,-27.237046034713888
12251,-60.63322266980335
12252,-56.95898269460638
12253,-26.03363518059629
12254,-6.260040584461047
12255,-30.25688318672117
12256,-30.255600391191173
12257,-8.722455159006676
12258,-26.436726549097465
12259,-15.30164506206392
12260,60.83001992683164
12261,-68.35715245528107
12262,-80.7708887974194
12263,59.44947674683025
12264,71.90006925723117
12265,-82.4819132082389
12266,63.732156273041454
12267,-73.51706328121551
12268,-1.8388641400924508
12269,-23.982254493150904
12270,65.61282162783102
12271,-62.93896580826474
12272,-8.231733014275257
12273,36.69825801118296
12274,-21.896649755721107
12275,-0.2652432220024314
12276,-56.14039683426672
12277,-8.429184846580124
12278,-32.54486747759891
12279,-1.7555445584771403
12280,-61.05136887601967
12281,-26.800174087824782
12282,-60.55393117468784
12283,-63.179704364479306
12284,65.14301602718734
12285,-55.42167706566052
12286,-6.823064256147939
12287,-66.26719328803952
12288,-29.502529034853524
12289,40.71776160623419
12290,-76.80441377771137
12291,53.76754856205086
12292,-70.10022952165906
12293,-68.35715245528107
12294,69.39645044262603
12295,-74.46060894727624
12296,-60.63322266980335
12297,16.874892018203184
12298,-75.54743905566333
12299,0.304081176127789
12300,-30.680903926073736
12301,-1.200595439121682
12302,-62.93896580826474
12303,-66.62244615548175
12304,-70.9502247059935
12305,-30.023637476192924
12306,-71.3127739919004
12307,62.906686684153385
12308,-4.189991809542812
12309,35.313820741546124
12310,-5.225260766838419
12311,59.44947674683025
12312,-63.179704364479306
12313,41.177416678435286
12314,-72.75028075280426
12315,-14.73223448860248
12316,-65.32926152464594
12317,39.348651732555226
12318,-74.84462456212782
12319,43.070402782240286
12320,-79.34297332252365
12321,-13.286506001565078
12322,-31.009929664137708
12323,-70.57040174676213
12324,-65.93635482415422
12325,-14.73223448860248
12326,69.41267148922188
12327,-58.600494818388825
12328,-71.05774315745671
12329,-80.52716380666656
12330,-80.52716380666656
12331,43.223411624611806
12332,-74.46060894727624
12333,-0.3445949151644472
12334,-4.774049458063917
12335,-8.544192347501902
12336,-3.1723688428075247
12337,-26.69831764003489
12338,-24.25177708213096
12339,-39.82444903734171
12340,-33.15674849548624
12341,-62.80175227953763
12342,-39.82444903734171
12343,2.4784226176577664
12344,-35.97928367832518
12345,-58.00329735355264
12346,1.0165903450760294
12347,-8.429184846580124
12348,-15.30164506206392
12349,-63.2274305441953
12350,-7.607414679225895
12351,-78.60802017699265
12352,-62.134378253499385
12353,43.279091136042645
12354,-14.42844988017126
12355,-74.01057130750671
12356,-78.01056458194246
12357,-4.34003996570415
12358,-53.04244477787015
12359,-3.776511127964637
12360,-58.99516831809066
12361,1.0709673168544334
12362,-6.372874922026387
12363,-14.797967269166843
12364,38.32264891257132
12365,41.95024971909406
12366,0.3482799612079055
12367,41.66281739342487
12368,-25.052722902274613
12369,64.5312461111391
12370,70.48179220685147
12371,-16.567911126715845
12372,-10.44341237686437
12373,-15.822230664673658
12374,-72.71628638508206
12375,-56.74164734739789
12376,-79.53541804957115
12377,33.493049300661426
12378,53.76754856205086
12379,-72.71503549781069
12380,-26.69831764003489
12381,61.38102186534446
12382,40.156584788649056
12383,-8.010188358003843
12384,-10.236682880803835
12385,-65.3557518476913
12386,-32.54486747759891
12387,-83.63645810571482
12388,-75.33994606161441
12389,68.95932799205673
12390,66.93590578641333
12391,42.09106995556809
12392,-1.4432151541442035
12393,-73.61815719492897
12394,36.141632938980734
12395,-23.070883280189467
12396,63.48057925387402
12397,1.0709673168544334
12398,-4.748950115941199
12399,-10.724756096169603
12400,-9.951828432204634
12401,-13.286506001565078
12402,62.97807334150333
12403,-76.5006816508024
12404,-24.913851634426045
12405,46.30345007472099
12406,-54.884656917757454
12407,-8.854627928675276
12408,-56.28656563710338
12409,0.6038350657174631
12410,-2.1565931961397125
12411,-28.643994861955512
12412,-54.41640725119849
12413,-10.140969392443695
12414,69.18556899193706
12415,-2.270835708647909
12416,-2.8391149234762367
12417,16.874892018203184
12418,-62.134378253499385
12419,-63.40183371930632
12420,69.20417134267065
12421,-10.043024676072758
12422,-57.04694547262409
12423,-60.15711265370673
12424,63.72538164421776
12425,62.906686684153385
12426,-4.251175272817319
12427,-10.14742596647451
12428,35.074693805432055
12429,-13.342616098789204
12430,-12.743430990593728
12431,-58.80790165910087
12432,31.40964530099154
12433,-9.839159079223446
12434,-26.69831764003489
12435,-5.180803404550008
12436,-2.03864039094241
12437,69.88839811288372
12438,-8.245649748120048
12439,-27.3573511551938
12440,41.6274163324015
12441,-83.63645810571482
12442,-22.639699449653648
12443,31.021411433761624
12444,-26.327004412537004
12445,-25.5797293056115
12446,40.71776160623419
12447,-84.3203445416039
12448,-5.95913406292635
12449,-8.35317472779855
12450,-63.179704364479306
12451,61.00027522353713
12452,-52.1157131535375
12453,68.80182102495841
12454,-4.247837062022258
12455,62.906686684153385
12456,37.66334943517026
12457,-54.66595102013397
12458,-74.46060894727624
12459,-23.903325954736705
12460,-73.27344102730416
12461,-69.0923396251115
12462,-1.9833153429572403
12463,-72.42710877689989
12464,35.32502772527348
12465,-69.18985090900694
12466,-14.70943842438786
12467,-74.8251647460608
12468,37.02925286174907
12469,-35.97928367832518
12470,-69.18985090900694
12471,-70.93513688241684
12472,-58.53106197740909
12473,-31.822151624852594
12474,-78.7954009082239
12475,-10.236682880803835
12476,67.98893717024579
12477,-27.892191188080503
12478,43.754741884614056
12479,-2.216745012657656
12480,64.9317179013089
12481,-29.77998781269765
12482,61.00027522353713
12483,-10.724756096169603
12484,-10.707518963033769
12485,42.719931003803104
12486,-59.78782121988366
12487,47.63016509036563
12488,-9.421502047211298
12489,-25.17649539658119
12490,-77.66971807364594
12491,-2.048801350401363
12492,36.32223782013784
12493,40.13364504464395
12494,-73.00214762544334
12495,44.14442047819771
12496,-77.46581004632583
12497,-58.53106197740909
12498,-1.9460907163707075
12499,-66.26719328803952
12500,69.97786281311312
12501,61.24862097151186
12502,-56.14039683426672
12503,-78.01056458194246
12504,40.73779458984957
12505,62.6727660246658
12506,60.37201171167298
12507,-10.14742596647451
12508,40.85595516859276
12509,60.37201171167298
12510,-74.57860916555946
12511,62.15102143096463
12512,-80.7708887974194
12513,-7.05037444408276
12514,-29.730487360327665
12515,-62.207435232749866
12516,38.015446054939154
12517,-3.150576609020957
12518,42.05097262893496
12519,-17.47412473915537
12520,-27.27128348007557
12521,-25.51606733045768
12522,64.88815718477922
12523,46.27101373503741
12524,-81.88059784204277
12525,-4.813522533464322
12526,66.43112616480408
12527,-67.32730147082836
12528,45.345541419991775
12529,62.23488338788029
12530,0.4483511544921237
12531,-6.345998713390401
12532,-14.692909349188888
12533,-59.75861266646975
12534,66.4335283544127
12535,39.65837362995534
12536,-13.286506001565078
12537,-75.1062470790597
12538,-18.20906921800873
12539,31.146226883040423
12540,44.14651692822074
12541,-6.7898923178447
12542,65.14301602718734
12543,-23.98679926464581
12544,-1.442852981229469
12545,44.84104997235519
12546,-78.7954009082239
12547,68.74160927040315
12548,-1.9460907163707075
12549,-5.225260766838419
12550,4.185151296235483
12551,-27.559523289462334
12552,-56.93891196786496
12553,-58.25986872681954
12554,3.5908168204242554
12555,-5.719304009303055
12556,-76.37724509941121
12557,64.5312461111391
12558,-24.358480153683487
12559,39.348651732555226
12560,33.15297041300278
12561,-71.42992294300898
12562,-4.381085227819204
12563,-3.749129760014567
12564,-51.92262641831236
12565,-66.78484999671099
12566,-4.176137164945787
12567,-30.023637476192924
12568,-3.776511127964637
12569,-23.18831076683793
12570,-14.360615227641048
12571,-23.50853686610404
12572,-31.033226670297687
12573,-6.322001957854647
12574,-35.97928367832518
12575,-77.8525995114669
12576,41.40016973982567
12577,-61.54765931755569
12578,68.89414552939621
12579,-34.75207550136435
12580,-57.80520744188176
12581,-22.183504062887884
12582,63.617554743560966
12583,-7.563351623876057
12584,54.87140601491724
12585,-9.689881501846768
12586,-24.52673868328872
12587,31.63577326312054
12588,-74.15915480645697
12589,-26.236557499842576
12590,-14.42844988017126
12591,-10.151083847045982
12592,-57.24786544563366
12593,-76.1948264973353
12594,-9.689881501846768
12595,-14.298401163078736
12596,-32.42542651404585
12597,-5.414210935370065
12598,-7.607414679225895
12599,-29.69489507115156
12600,-59.10027743800536
12601,51.23253582364282
12602,-75.49775041535486
12603,67.26826465525232
12604,-85.17905053883341
12605,64.5312461111391
12606,-23.98679926464581
12607,68.00912730651211
12608,59.44947674683025
12609,-4.247837062022258
12610,1.751107256941249
12611,-39.82444903734171
12612,51.23253582364282
12613,-10.916027017435564
12614,-72.16337976270796
12615,38.82714861336957
12616,-15.229202638163436
12617,-8.429184846580124
12618,62.53432754498186
12619,-5.131630240524741
12620,-0.3445949151644472
12621,-13.171124687278844
12622,-16.589755208823476
12623,0.4483511544921237
12624,45.04479488502965
12625,-7.597968478434276
12626,-23.15821300433393
12627,65.3970822005654
12628,-73.65942196294344
12629,-23.899484846827136
12630,-13.104377219297188
12631,-72.42710877689989
12632,62.6727660246658
12633,-4.176137164945787
12634,-5.301833428349916
12635,6.791268979584254
12636,62.15102143096463
12637,-75.84100069502517
12638,63.617554743560966
12639,-77.88227991825796
12640,-77.55212920091338
12641,-6.260040584461047
12642,-5.301833428349916
12643,-1.9460907163707075
12644,31.824555175375664
12645,-30.29926333182145
12646,-74.18647628041738
12647,-8.429184846580124
12648,0.6038350657174631
12649,-79.05771380702649
12650,-8.429184846580124
12651,-2.437335776208183
12652,-8.431222317814182
12653,64.9317179013089
12654,-26.212099487431363
12655,-74.15915480645697
12656,40.85595516859276
12657,63.59216123737371
12658,66.26307197998982
12659,-93.86975340588243
12660,-26.07243635821772
12661,-6.04557790752836
12662,-29.961102247144098
12663,39.348651732555226
12664,38.32264891257132
12665,-5.131630240524741
12666,-73.08582938334993
12667,-31.85847872841079
12668,-33.90807547489561
12669,-60.47984449950588
12670,41.40016973982567
12671,-76.66929016799304
12672,-55.90160849989046
12673,64.5312461111391
12674,65.6700975969629
12675,-54.62608757177197
12676,61.27195785042069
12677,66.80394700549844
12678,65.72114559582457
12679,-9.689881501846768
12680,-6.739091549021689
12681,-7.9663651545843965
12682,-24.440646884473768
12683,-74.80720856661937
12684,-80.32120137290202
12685,-80.32120137290202
12686,-80.7708887974194
12687,62.53432754498186
12688,-24.44534794485861
12689,-93.86975340588243
12690,-23.393462339007783
12691,-14.298401163078736
12692,-8.010188358003843
12693,-74.18647628041738
12694,-78.29142237467562
12695,-76.89287515492157
12696,-11.521861632467786
12697,-27.237046034713888
12698,-58.83413370594289
12699,35.73561674715444
12700,-25.253981188032945
12701,43.279091136042645
12702,50.79811746651101
12703,-74.18647628041738
12704,-11.414378119501269
12705,-6.322001957854647
12706,-69.10753123042889
12707,-21.648146145550708
12708,1.6863563482821349
12709,-16.589755208823476
12710,-39.82444903734171
12711,-23.070883280189467
12712,43.95492486082691
12713,40.71776160623419
12714,64.88815718477922
12715,-4.779082560453088
12716,-7.8814595924492
12717,40.71776160623419
12718,45.6679417880725
12719,61.00027522353713
12720,-83.63645810571482
12721,-26.283832156944456
12722,-25.943455872032903
12723,-28.504600429725382
12724,-58.99516831809066
12725,-75.42730118010475
12726,61.24862097151186
12727,64.14782711653496
12728,-30.25688318672117
12729,-68.99640585397745
12730,-83.63645810571482
12731,65.72967183443176
12732,-77.88227991825796
12733,-75.54743905566333
12734,-16.567911126715845
12735,-14.298401163078736
12736,67.20318397376178
12737,-8.010188358003843
12738,62.15102143096463
12739,-78.41756999405827
12740,35.32502772527348
12741,61.00027522353713
12742,42.86138250768079
12743,-73.5703528441006
12744,-3.9732341526730175
12745,41.7684919096037
12746,33.94842494567163
12747,-57.651300763507
12748,-30.29520417700252
12749,0.8175601817804079
12750,-72.33743964154552
12751,-69.0923396251115
12752,-31.959011156587778
12753,-78.41756999405827
12754,-61.69220243275275
12755,31.021411433761624
12756,-30.680903926073736
12757,-11.945332196122758
12758,-60.91183961555698
12759,-5.468131031697727
12760,-61.54765931755569
12761,44.64964356023391
12762,61.69475087726055
12763,-23.766855432403933
12764,42.694554967830975
12765,-56.66831657244629
12766,61.69232381114795
12767,-5.358545301203243
12768,-63.69930414187169
12769,-5.868432261460283
12770,41.782155356496176
12771,65.5545912598744
12772,-3.258693115213571
12773,62.61895765573136
12774,43.64426389384448
12775,-84.12958028697955
12776,-2.8145698371027184
12777,-0.3445949151644472
12778,-15.08215182921515
12779,-54.2835966044189
12780,-77.55212920091338
12781,-26.327004412537004
12782,61.03073114861999
12783,37.53467778174393
12784,-21.470359107804235
12785,73.34748624903554
12786,-15.408683797458856
12787,-7.976562163263443
12788,-78.7954009082239
12789,-77.3059515037836
12790,-69.18985090900694
12791,0.6038350657174631
12792,65.14849956532252
12793,-26.858533676138816
12794,-25.1507181065697
12795,-31.601108550798745
12796,-6.372874922026387
12797,-7.879216612763271
12798,-73.90679557912834
12799,-29.77998781269765
12800,-55.42167706566052
12801,-60.63322266980335
12802,65.8573382242938
12803,40.7413050551993
12804,-29.02225814477688
12805,-27.10869308487076
12806,68.00912730651211
12807,-54.64627986758038
12808,-10.57779365517985
12809,-22.639688277097417
12810,64.61950936585046
12811,-74.09168593788294
12812,40.37093939594315
12813,36.617213900686814
12814,-15.995783196660916
12815,-83.56342506330306
12816,62.97807334150333
12817,-78.01056458194246
12818,30.76826394708793
12819,45.6679417880725
12820,45.81215404367345
12821,-31.664938095832248
12822,-31.959011156587778
12823,-60.63322266980335
12824,35.51129873531497
12825,-6.341688182397083
12826,-13.104377219297188
12827,-11.817850057054256
12828,65.5545912598744
12829,-14.048665711411392
12830,1.0165903450760294
12831,-22.41228609402664
12832,-26.77665597342337
12833,44.23693399701468
12834,61.00027522353713
12835,43.91820094954121
12836,-0.2506205692692376
12837,-56.51707079805835
12838,-0.2156950558293537
12839,-79.08562209597514
12840,43.754741884614056
12841,-60.55393117468784
12842,72.05005592876225
12843,-33.186650072897656
12844,-8.722455159006676
12845,-74.18647628041738
12846,1.0709673168544334
12847,-60.47984449950588
12848,68.86276207969517
12849,-61.4428911709382
12850,-26.800174087824782
12851,-15.408683797458856
12852,-71.05774315745671
12853,-15.995783196660916
12854,-12.067432013347938
12855,-3.9363346976255578
12856,-62.81593244976687
12857,-14.298401163078736
12858,-79.53541804957115
12859,-12.996496233298268
12860,-11.414378119501269
12861,-71.9816851992954
12862,-82.4819132082389
12863,58.5013549551754
12864,-3.0697043040178924
12865,31.824555175375664
12866,65.30383928161156
12867,-62.867267064128896
12868,-26.738341850357106
12869,-77.50705837573882
12870,-63.11009071415076
12871,-56.87781303552666
12872,-82.16647966703239
12873,61.69232381114795
12874,-2.8439821518886266
12875,-15.421109794120706
12876,-7.9663651545843965
12877,-5.6742271937970905
12878,64.89740148526103
12879,71.75855487280502
12880,-59.75861266646975
12881,-14.692909349188888
12882,-25.49235761099135
12883,-17.47412473915537
12884,-1.7555445584771403
12885,-15.30164506206392
12886,-30.01362032784838
12887,-2.165594371624228
12888,39.96488127357527
12889,-58.43303727699042
12890,73.50014712513875
12891,-15.324458969358902
12892,31.40964530099154
12893,-59.24233276416102
12894,-69.0923396251115
12895,67.89415940338353
12896,-12.8783189775135
12897,-30.19408707370652
12898,-15.421109794120706
12899,-63.53711004888276
12900,40.32164405999736
12901,58.33210162579121
12902,0.9604201335664976
12903,-51.92262641831236
12904,-15.08215182921515
12905,-72.1582083373385
12906,-73.5703528441006
12907,-79.08562209597514
12908,-31.875963109025022
12909,38.55044675236282
12910,-6.04557790752836
12911,-85.17905053883341
12912,-71.79027385665637
12913,-26.17408276044156
12914,68.89414552939621
12915,-62.134378253499385
12916,-2.432397399502493
12917,-8.915332350031797
12918,-50.51807546086891
12919,-3.3972567741266904
12920,-1.7410701221840668
12921,-22.24263914838269
12922,-3.9732341526730175
12923,-55.46129334411943
12924,75.04641573307765
12925,65.00485690439079
12926,-30.655634648631768
12927,58.71130940176808
12928,-0.2156950558293537
12929,-0.2506205692692376
12930,-58.52520368082308
12931,41.07142814633667
12932,-33.186650072897656
12933,-58.21351632057632
12934,-71.57511871338396
12935,-73.64919379789808
12936,-59.46503769422805
12937,-15.08215182921515
12938,33.94842494567163
12939,42.48419870991895
12940,2.2022673433799445
12941,-14.692909349188888
12942,-80.35745968060027
12943,-74.33040692272817
12944,38.31164014981709
12945,-4.774049458063917
12946,-6.070596660468011
12947,-25.348907282145145
12948,-25.348907282145145
12949,66.50080840682232
12950,43.95492486082691
12951,-8.34562811202003
12952,45.36726013982159
12953,-56.91411129948467
12954,31.021411433761624
12955,65.72967183443176
12956,39.36338164237954
12957,-3.3972567741266904
12958,-68.9598070709154
12959,-77.55178269248565
12960,-65.3557518476913
12961,-38.2304942310374
12962,-80.35745968060027
12963,-75.33810611542602
12964,63.55171566641505
12965,-10.259449481655505
12966,-14.692909349188888
12967,-25.26127351007629
12968,-23.703591615976805
12969,-13.592397191560469
12970,65.36187867777828
12971,-32.54486747759891
12972,-7.879216612763271
12973,-82.0510019612437
12974,-66.10108831655752
12975,-66.62244615548175
12976,-13.171124687278844
12977,-10.14742596647451
12978,-59.5318622454142
12979,-65.68103067459464
12980,-62.81593244976687
12981,-29.502529034853524
12982,-9.951828432204634
12983,-28.30373588427101
12984,-11.521861632467786
12985,-23.93460256907553
12986,-29.82589477046748
12987,-60.65091299602855
12988,3.62411707218052
12989,-25.016148695986377
12990,-23.703591615976805
12991,42.86138250768079
12992,58.71130940176808
12993,-73.08582938334993
12994,-53.19496642183513
12995,5.320350583800024
12996,-16.5346339822707
12997,-14.692909349188888
12998,-10.236682880803835
12999,43.279091136042645
13000,60.83001992683164
13001,38.22523162673215
13002,58.5013549551754
13003,-83.63645810571482
13004,-3.754918329150023
13005,-6.345998713390401
13006,-23.877544851493447
13007,-71.40065619820173
13008,-17.674988036596766
13009,-58.783118010286806
13010,-10.140969392443695
13011,-7.549638485187982
13012,31.146226883040423
13013,-1.673056201981959
13014,-11.521861632467786
13015,-38.289760840839065
13016,-70.17978853392736
13017,-83.56342506330306
13018,-22.68224419055513
13019,-80.52716380666656
13020,39.427593790999154
13021,-26.05839731189692
13022,-7.9663651545843965
13023,-66.62244615548175
13024,0.6888287806445625
13025,-3.9363346976255578
13026,-75.06573709786888
13027,38.32264891257132
13028,-72.6555691887932
13029,-24.291475347292064
13030,-78.18443959944142
13031,-75.6822663236241
13032,68.89414552939621
13033,-51.69191952882741
13034,-6.3874369156720245
13035,64.1077374716284
13036,-4.53511661443231
13037,-31.90202286928289
13038,-9.068316801617062
13039,43.05713473658541
13040,-76.56914506864244
13041,-14.106363015966831
13042,37.62953426017312
13043,-4.189991809542812
13044,-21.316260189214542
13045,66.37082705209141
13046,37.62953426017312
13047,-30.655634648631768
13048,1.5096236801886072
13049,-15.822230664673658
13050,-23.18831076683793
13051,-83.63645810571482
13052,-59.75861266646975
13053,-1.370299743358073
13054,43.4343334779446
13055,1.0618675654426455
13056,60.37201171167298
13057,-12.091926941540631
13058,-80.7708887974194
13059,34.70726361438135
13060,-31.959011156587778
13061,62.196500759714816
13062,-5.225260766838419
13063,-58.23938121889108
13064,-71.9816851992954
13065,58.509900201109744
13066,-61.53338351725457
13067,-75.6822663236241
13068,-8.722455159006676
13069,47.12960571242528
13070,35.73561674715444
13071,-12.996496233298268
13072,-2.801533213562731
13073,58.509900201109744
13074,-8.65247529677855
13075,61.24862097151186
13076,-10.259449481655505
13077,-6.345998713390401
13078,-11.13908358834746
13079,-74.80720856661937
13080,48.91031452220596
13081,69.22346375518472
13082,45.14683810908858
13083,-55.82879225565655
13084,-31.08719514412763
13085,-60.15513277901261
13086,-10.774195417203288
13087,-20.897223336003663
13088,65.21000574066169
13089,68.86276207969517
13090,-86.51512641274144
13091,65.30383928161156
13092,-10.541349870802918
13093,28.03581078942329
13094,-26.71016505881566
13095,-39.82444903734171
13096,-0.3399459120126105
13097,-12.980224718050025
13098,-59.65981270407525
13099,-9.421502047211298
13100,-49.63943599720656
13101,-5.414210935370065
13102,-11.414378119501269
13103,-71.98253122620505
13104,-2.567935130686683
13105,-65.68103067459464
13106,-13.592397191560469
13107,31.021411433761624
13108,-27.278708459089422
13109,62.196500759714816
13110,40.7413050551993
13111,5.506662192358442
13112,-76.84498900586591
13113,62.53432754498186
13114,-29.77527269455768
13115,-14.099144654718756
13116,-62.80175227953763
13117,66.36317768692943
13118,-3.956292718414215
13119,-72.19394074393148
13120,1.2300067632527476
13121,-56.42854009505885
13122,39.96488127357527
13123,-31.08719514412763
13124,-4.405095214607833
13125,-55.18940211405126
13126,-57.651300763507
13127,65.30383928161156
13128,-5.246984678327791
13129,38.024767619149486
13130,-10.140969392443695
13131,-5.225260766838419
13132,-7.697195681007859
13133,-75.33810611542602
13134,-15.30164506206392
13135,-2.6134320562735915
13136,38.97969637869537
13137,31.146226883040423
13138,41.782155356496176
13139,-80.52716380666656
13140,-22.41228609402664
13141,-0.2719681714668835
13142,-13.104377219297188
13143,39.30051515922217
13144,-58.708040149255325
13145,-80.7708887974194
13146,37.710932336642855
13147,-72.19394074393148
13148,-29.27852496392582
13149,-7.168334768431345
13150,-61.14526847782489
13151,-59.97781631690449
13152,-65.3557518476913
13153,-24.196511021400354
13154,-58.83413370594289
13155,-12.31269446045438
13156,-79.53541804957115
13157,58.509900201109744
13158,-3.4514319544328007
13159,-81.76047258796626
13160,38.77620711535965
13161,-65.93635482415422
13162,40.85595516859276
13163,-12.067432013347938
13164,-5.246984678327791
13165,-54.41640725119849
13166,-4.283847650391428
13167,-25.231776854846405
13168,-12.067432013347938
13169,63.732156273041454
13170,-65.1076563584069
13171,-4.230841487142506
13172,42.13069777541188
13173,-5.719304009303055
13174,-2.6134320562735915
13175,-30.023637476192924
13176,38.72253561127416
13177,61.00027522353713
13178,40.51630571704301
13179,33.6643513890497
13180,66.37082705209141
13181,-7.9663651545843965
13182,-69.0923396251115
13183,-71.9816851992954
13184,-30.29520417700252
13185,-63.40183371930632
13186,-22.72010785788281
13187,-77.55212920091338
13188,-29.961102247144098
13189,-6.238484058941584
13190,-79.76074203767243
13191,-54.905220074477946
13192,63.55171566641505
13193,-6.192812606737838
13194,-59.97781631690449
13195,39.427593790999154
13196,38.024767619149486
13197,43.223411624611806
13198,3.328971567170583
13199,-57.87331040939829
13200,7.980249761468127
13201,-73.4727168849343
13202,-82.36398595517299
13203,-10.151083847045982
13204,-11.370289322067585
13205,65.70340756814426
13206,37.62953426017312
13207,-31.664938095832248
13208,47.35983904305588
13209,-7.871727222917594
13210,-10.14742596647451
13211,-4.682244403369971
13212,-5.999307855895872
13213,-78.7954009082239
13214,-73.96952948374972
13215,-82.1034553430552
13216,-15.421109794120706
13217,-59.97747709851521
13218,-5.568494253422903
13219,-69.98770049831629
13220,-3.0697043040178924
13221,-73.61815719492897
13222,42.694554967830975
13223,-61.14526847782489
13224,-57.15770148113933
13225,-77.06825523733521
13226,-73.55728480090703
13227,-10.236682880803835
13228,66.43112616480408
13229,-72.19394074393148
13230,-78.03054150432251
13231,-8.34562811202003
13232,-49.54795851505955
13233,-13.342616098789204
13234,-12.980224718050025
13235,-73.4645720175736
13236,64.88815718477922
13237,-16.589755208823476
13238,-63.00284301175658
13239,-30.023637476192924
13240,63.6571359444764
13241,-63.0457220357867
13242,-4.748950115941199
13243,-58.66351335105506
13244,-73.96952948374972
13245,44.756285169121895
13246,-10.116138093908727
13247,-75.06573709786888
13248,-66.26719328803952
13249,-29.27852496392582
13250,-33.39863657601486
13251,58.509900201109744
13252,-69.0923396251115
13253,-72.06674240681828
13254,-69.0923396251115
13255,-68.9598070709154
13256,68.80182102495841
13257,-54.15833703013644
13258,-24.14015275552712
13259,-82.16647966703239
13260,-3.3972567741266904
13261,-9.421502047211298
13262,-76.1948264973353
13263,30.730059663868307
13264,-23.099330940114392
13265,0.9757652376606998
13266,-40.263029164484735
13267,-1.855117054549564
13268,-14.298401163078736
13269,-63.08754246971269
13270,-0.2506205692692376
13271,62.806729588960806
13272,42.20728651605376
13273,-11.044946325024986
13274,-4.230841487142506
13275,-0.3881472980835525
13276,-77.55212920091338
13277,-25.016148695986377
13278,53.76754856205086
13279,1.6863563482821349
13280,-3.776511127964637
13281,-14.106363015966831
13282,-25.943455872032903
13283,-22.60497945275493
13284,-33.15674849548624
13285,-69.93984105213632
13286,-11.899360220990571
13287,-84.71803885281211
13288,-28.08677622878706
13289,31.146226883040423
13290,68.86276207969517
13291,61.27195785042069
13292,44.225055173855154
13293,66.14101828893452
13294,-78.7954009082239
13295,-27.559523289462334
13296,-3.0697043040178924
13297,-7.396861410920819
13298,-26.05839731189692
13299,35.73561674715444
13300,35.074693805432055
13301,-6.238484058941584
13302,44.99308854804514
13303,66.80394700549844
13304,44.225055173855154
13305,-40.263029164484735
13306,-25.51606733045768
13307,16.874892018203184
13308,34.70726361438135
13309,-39.82444903734171
13310,-58.66351335105506
13311,-27.559523289462334
13312,-24.196511021400354
13313,-74.48840855225316
13314,-4.539459234256015
13315,-26.17408276044156
13316,40.156584788649056
13317,-26.17408276044156
13318,-82.16647966703239
13319,-76.84498900586591
13320,-88.25986352571931
13321,-59.70113610311457
13322,-31.009929664137708
13323,-65.3557518476913
13324,-4.638868567527799
13325,-27.39437142848117
13326,56.72433994447442
13327,-30.023637476192924
13328,0.4696959272594339
13329,45.69920934053228
13330,-24.14015275552712
13331,-14.70943842438786
13332,31.021411433761624
13333,48.81970714419566
13334,-11.698665879085343
13335,-63.4401368933723
13336,-10.878576378735852
13337,38.18885839778411
13338,-33.39863657601486
13339,-11.698665879085343
13340,-64.47651793373112
13341,64.88815718477922
13342,68.28858806807267
13343,-70.95203941912631
13344,-32.54486747759891
13345,-24.52673868328872
13346,41.96056757544266
13347,65.30383928161156
13348,-61.4428911709382
13349,38.14097491907049
13350,-66.43935787169306
13351,6.743239926532712
13352,61.69475087726055
13353,-86.51512641274144
13354,-12.067432013347938
13355,40.37093939594315
13356,-55.85998263108206
13357,42.05097262893496
13358,-54.2835966044189
13359,51.23253582364282
13360,-76.11952915909391
13361,-8.65247529677855
13362,-25.16462184979197
13363,-15.995783196660916
13364,-83.63645810571482
13365,41.53341699781831
13366,-8.515695951844302
13367,-33.39863657601486
13368,44.620249572872176
13369,-58.205776515675055
13370,-31.601108550798745
13371,-31.601108550798745
13372,0.646537719321417
13373,-69.53284692276269
13374,-66.62244615548175
13375,-75.6822663236241
13376,59.44947674683025
13377,-73.670177505673
13378,38.50777150391818
13379,-29.43973754511513
13380,-75.68767331842476
13381,62.93845698629771
13382,-62.134378253499385
13383,41.66956410137111
13384,59.44947674683025
13385,-8.429184846580124
13386,-4.638868567527799
13387,62.23488338788029
13388,-8.65247529677855
13389,-57.55320823876653
13390,45.42185056940372
13391,-93.86975340588243
13392,-54.837642427753735
13393,-30.62860488636636
13394,63.91702476825551
13395,-25.524944613582093
13396,-2.4293958964358247
13397,-11.414378119501269
13398,-53.022493074831
13399,-73.51706328121551
13400,-8.289784301005522
13401,-70.68088696270311
13402,-61.42094879028748
13403,-1.673056201981959
13404,37.64389233697129
13405,68.86276207969517
13406,-29.69489507115156
13407,-58.80790165910087
13408,-74.13198000786247
13409,-26.44680165751749
13410,-24.67836535879368
13411,-93.86975340588243
13412,-1.673056201981959
13413,-31.959011156587778
13414,-73.4645720175736
13415,69.52774022085192
13416,-1.7555445584771403
13417,-74.46060894727624
13418,-12.8783189775135
13419,-11.899360220990571
13420,-1.370299743358073
13421,-29.43973754511513
13422,63.55171566641505
13423,-58.40137163545002
13424,-3.0697043040178924
13425,6.289347606463368
13426,-7.607414679225895
13427,58.5013549551754
13428,-27.892191188080503
13429,-70.93513688241684
13430,-18.48336239573766
13431,-69.53284692276269
13432,-72.71503549781069
13433,-74.80720856661937
13434,-63.2274305441953
13435,-26.311050966139344
13436,-18.777255170004818
13437,-31.04711185370257
13438,23.995980538397347
13439,-11.899360220990571
13440,-7.697195681007859
13441,-69.84777302523403
13442,-14.048665711411392
13443,-8.515695951844302
13444,-12.51008355052618
13445,-4.924641845730807
13446,-5.414210935370065
13447,0.3773791509247277
13448,-4.636713800025559
13449,-7.2500248881780704
13450,-58.6809209105902
13451,-15.408683797458856
13452,-2.437335776208183
13453,37.62953426017312
13454,43.15561659540836
13455,-70.29144377165677
13456,-25.5797293056115
13457,53.76754856205086
13458,-76.1948264973353
13459,-71.05774315745671
13460,-14.298401163078736
13461,65.30383928161156
13462,65.53569347196776
13463,-62.33392194035631
13464,-7.563351623876057
13465,-2.6134320562735915
13466,-26.05839731189692
13467,-76.21992280052731
13468,-79.08562209597514
13469,-40.263029164484735
13470,-59.75861266646975
13471,-78.67337208083642
13472,-78.67337208083642
13473,-0.3881472980835525
13474,-11.044946325024986
13475,-24.52673868328872
13476,46.04883053181161
13477,-33.15674849548624
13478,-9.068316801617062
13479,-9.421502047211298
13480,-23.703591615976805
13481,-77.66971807364594
13482,-74.61539339164788
13483,-76.84500994619452
13484,-76.53708287354354
13485,-30.680903926073736
13486,-66.62244615548175
13487,0.176846917668866
13488,-60.55393117468784
13489,50.39516777909152
13490,57.011273535907975
13491,-83.56342506330306
13492,36.69825801118296
13493,-54.426011593027006
13494,6.048015489809613
13495,-65.32926152464594
13496,-27.035429563107787
13497,-5.301833428349916
13498,-11.323753382571406
13499,61.24862097151186
13500,-51.43305387912772
13501,-83.14154573496097
13502,-25.49235761099135
13503,-72.19394074393148
13504,-25.943455872032903
13505,-14.692909349188888
13506,-4.582603724073719
13507,42.694554967830975
13508,-71.05774315745671
13509,-76.98079232056003
13510,62.81104552825667
13511,-58.28481835043792
13512,-5.478941185391588
13513,-79.2709072515973
13514,33.94842494567163
13515,39.96488127357527
13516,-71.98253122620505
13517,65.3970822005654
13518,8.263960504207123
13519,-62.81593244976687
13520,-8.65247529677855
13521,-77.66971807364594
13522,58.509900201109744
13523,-0.3445949151644472
13524,-1.9833153429572403
13525,-75.2805443735094
13526,-78.8603863537772
13527,-7.836675450892335
13528,-10.043024676072758
13529,-72.06152062763334
13530,-84.12958028697955
13531,-24.325099566905177
13532,61.69232381114795
13533,-8.012687037496153
13534,-70.45490039138735
13535,-3.776511127964637
13536,-25.26127351007629
13537,-78.03054150432251
13538,-72.19394074393148
13539,-73.4645720175736
13540,40.98287041835194
13541,-15.408683797458856
13542,-6.462867475193379
13543,-77.52999099264724
13544,-58.83413370594289
13545,-1.19357177870739
13546,43.30488209681164
13547,44.99308854804514
13548,62.61895765573136
13549,-65.29185300850884
13550,-3.1723688428075247
13551,-65.32926152464594
13552,63.90490472183123
13553,-60.65091299602855
13554,64.29636774172897
13555,-7.05037444408276
13556,-86.7668901187437
13557,-35.592042403875
13558,-10.236682880803835
13559,-7.525741961220431
13560,49.886936916778346
13561,42.28317809980437
13562,-2.590475175540788
13563,-30.680903926073736
13564,-24.050380527075983
13565,-31.08719514412763
13566,33.025157911301285
13567,-82.1034553430552
13568,62.906686684153385
13569,-79.51207152985141
13570,0.0867167523632157
13571,-57.14527671587277
13572,-75.90588055896622
13573,-26.212099487431363
13574,62.15102143096463
13575,-82.36398595517299
13576,-74.48840855225316
13577,37.53467778174393
13578,-2.6134320562735915
13579,0.4794027054132139
13580,40.13364504464395
13581,-9.664503394236345
13582,-8.339669554420515
13583,-60.41965467394374
13584,-72.68778694314996
13585,43.91820094954121
13586,-61.42094879028748
13587,-10.140969392443695
13588,39.96488127357527
13589,-59.97747709851521
13590,-11.370289322067585
13591,-3.679841531419658
13592,-28.878419635848704
13593,-14.692909349188888
13594,44.06690044543806
13595,-7.24584180171002
13596,-9.068316801617062
13597,62.81104552825667
13598,62.15102143096463
13599,-71.03540023933097
13600,0.6948509997746148
13601,-83.63645810571482
13602,40.13364504464395
13603,-86.90623078382006
13604,-10.942753634644344
13605,-72.75028075280426
13606,-6.739091549021689
13607,-72.19394074393148
13608,31.146226883040423
13609,-0.2391516584084261
13610,-63.40183371930632
13611,-11.899360220990571
13612,-66.51545808644183
13613,-75.49775041535486
13614,39.427593790999154
13615,58.5013549551754
13616,0.4483511544921237
13617,3.4751110113976265
13618,-61.4428911709382
13619,-31.08719514412763
13620,30.55992394426628
13621,31.63577326312054
13622,47.708295590779954
13623,-58.205776515675055
13624,-21.59459459650674
13625,-63.40183371930632
13626,38.18885839778411
13627,-76.21992280052731
13628,-75.33994606161441
13629,66.10954786950468
13630,-11.899360220990571
13631,-54.80116045730041
13632,-54.426011593027006
13633,-54.82080931406132
13634,-62.81593244976687
13635,37.324492185149104
13636,-88.25986352571931
13637,-80.80679756920996
13638,-14.73223448860248
13639,-9.689881501846768
13640,-15.421109794120706
13641,43.30691938884797
13642,-33.90807547489561
13643,-26.7942308246416
13644,44.64964356023391
13645,63.40513875347811
13646,-14.692909349188888
13647,34.70726361438135
13648,59.079395071992494
13649,-28.18891166686015
13650,2.146191351128141
13651,-10.916027017435564
13652,60.37201171167298
13653,43.623940913193685
13654,58.509900201109744
13655,-65.3557518476913
13656,-58.55924234963131
13657,-59.46503769422805
13658,-4.405095214607833
13659,38.14097491907049
13660,-62.28754654782394
13661,37.116330984893
13662,-5.344778146087565
13663,-60.55393117468784
13664,-75.90588055896622
13665,-59.2115208009447
13666,-38.2304942310374
13667,-14.298401163078736
13668,69.18556899193706
13669,-58.40137163545002
13670,31.146226883040423
13671,-28.03050645702107
13672,64.066215400721
13673,64.01096549482449
13674,0.4696959272594339
13675,-38.2304942310374
13676,-69.0923396251115
13677,-8.34562811202003
13678,-8.515695951844302
13679,-27.60359985182725
13680,1.1587949728078826
13681,-38.289760840839065
13682,41.07142814633667
13683,-12.207747507873194
13684,-31.08719514412763
13685,-70.45490039138735
13686,63.48057925387402
13687,61.00027522353713
13688,-28.03050645702107
13689,-23.099330940114392
13690,-11.254076425993022
13691,-9.503109215952271
13692,-4.726567084502232
13693,39.427593790999154
13694,36.13173465403289
13695,-1.246135753670227
13696,44.45666612321483
13697,62.93845698629771
13698,-14.692909349188888
13699,-2.117420611492829
13700,-1.3253647867380298
13701,-15.995783196660916
13702,65.14849956532252
13703,40.13364504464395
13704,-21.707854914421265
13705,-22.183504062887884
13706,44.71974148837769
13707,-6.751473346349122
13708,43.05713473658541
13709,-1.370299743358073
13710,42.694554967830975
13711,-12.067432013347938
13712,-84.07394538431515
13713,-74.48840855225316
13714,-56.59421684104882
13715,-5.414210935370065
13716,58.33210162579121
13717,-5.819555358071737
13718,-3.762015801542247
13719,-73.1775591501748
13720,-8.969239100314532
13721,35.51129873531497
13722,23.995980538397347
13723,38.22523162673215
13724,-36.75854093568037
13725,44.225055173855154
13726,31.146226883040423
13727,-63.69930414187169
13728,-60.63322266980335
13729,-3.7867989733559337
13730,-59.0247792559835
13731,-15.08215182921515
13732,45.22690652244201
13733,-31.04711185370257
13734,-27.892191188080503
13735,-69.59438479362218
13736,-73.00214762544334
13737,-75.42730118010475
13738,-6.48509068279441
13739,-4.53511661443231
13740,4.54790133349588
13741,-12.067432013347938
13742,-31.25124235175416
13743,-76.84332067185541
13744,-21.253816276483107
13745,-28.903507516241064
13746,-88.25986352571931
13747,-48.11502500451751
13748,39.16730489722398
13749,44.573258915102805
13750,35.73561674715444
13751,37.116330984893
13752,-23.784323481350352
13753,-84.07394538431515
13754,-6.241485215668581
13755,-23.98679926464581
13756,0.2690222541964959
13757,-5.225260766838419
13758,38.55044675236282
13759,-78.60802017699265
13760,-15.324458969358902
13761,-12.34733779649763
13762,-12.34733779649763
13763,2.493285739955593
13764,41.386592478375626
13765,-72.99297614076433
13766,66.43112616480408
13767,-36.416480874396406
13768,-4.138258893089451
13769,-7.601566248922341
13770,-2.530101914289702
13771,-58.80790165910087
13772,-8.34562811202003
13773,-65.32926152464594
13774,-72.16337976270796
13775,-5.414210935370065
13776,-24.07758000774568
13777,-59.58473897566001
13778,-8.401946334381103
13779,-3.679841531419658
13780,43.64426389384448
13781,62.588752788032245
13782,-1.9833153429572403
13783,-4.682244403369971
13784,72.03569258768634
13785,-7.860187389055934
13786,62.61895765573136
13787,-33.19172815985006
13788,-22.72039951707604
13789,-57.87331040939829
13790,-70.51410853069882
13791,-29.961102247144098
13792,58.509900201109744
13793,-25.348907282145145
13794,-3.025497088445316
13795,-5.257389767473997
13796,43.30488209681164
13797,-36.416480874396406
13798,-78.18443959944142
13799,68.07723617822565
13800,-69.98770049831629
13801,-76.86102489934986
13802,-76.53708287354354
13803,-29.730487360327665
13804,-6.166406032510396
13805,-4.498661017727796
13806,-31.90674981286439
13807,38.015446054939154
13808,-10.541349870802918
13809,-75.06573709786888
13810,-58.80790165910087
13811,-72.7683985225548
13812,64.88815718477922
13813,-59.56946299449948
13814,-74.0976358528179
13815,-75.6822663236241
13816,41.82209722862367
13817,-15.408683797458856
13818,-3.679841531419658
13819,-3.237999308187316
13820,-75.06573709786888
13821,-12.55241926536868
13822,-75.10424611407676
13823,-81.55385030960502
13824,-69.25351384477844
13825,58.71130940176808
13826,23.995980538397347
13827,-5.712280750962922
13828,-29.60477369867385
13829,-58.40137163545002
13830,36.13173465403289
13831,-28.00491135546381
13832,-58.28481835043792
13833,-81.9082756592914
13834,57.30861918771014
13835,63.73453743498676
13836,-70.93513688241684
13837,-72.19394074393148
13838,-7.563351623876057
13839,40.32164405999736
13840,-3.749129760014567
13841,-51.984825472745456
13842,69.87213687938464
13843,-63.40183371930632
13844,-36.416480874396406
13845,-26.05839731189692
13846,-11.254076425993022
13847,-8.969239100314532
13848,-12.207747507873194
13849,-31.664938095832248
13850,38.024767619149486
13851,70.29389816279114
13852,-26.77665597342337
13853,38.18885839778411
13854,-78.18443959944142
13855,-26.283832156944456
13856,63.732156273041454
13857,-10.916027017435564
13858,-1.370299743358073
13859,62.196500759714816
13860,-4.381085227819204
13861,-74.46060894727624
13862,37.22113691288863
13863,-82.36398595517299
13864,-62.80175227953763
13865,-31.959011156587778
13866,-79.96838782550662
13867,-26.181443298418944
13868,64.066215400721
13869,-7.563351623876057
13870,68.05027133157476
13871,-60.27978702699981
13872,-70.68088696270311
13873,-74.18647628041738
13874,-28.903507516241064
13875,68.28858806807267
13876,64.066215400721
13877,-76.21992280052731
13878,-77.52999099264724
13879,-54.93625616643014
13880,-27.924774080003488
13881,-62.91598401812129
13882,-14.298401163078736
13883,37.324492185149104
13884,33.025157911301285
13885,-64.16003805539282
13886,-63.69930414187169
13887,-74.61539339164788
13888,-2.4293958964358247
13889,-30.25688318672117
13890,-6.192812606737838
13891,-70.17978853392736
13892,-30.48882683249501
13893,-78.89190179920479
13894,63.90490472183123
13895,-7.05037444408276
13896,-27.049286582231364
13897,-35.592042403875
13898,-21.34606351178765
13899,-83.425136434926
13900,38.82714861336957
13901,-29.502529034853524
13902,-38.31666404855487
13903,-77.3059515037836
13904,-31.875963109025022
13905,-74.36479679833107
13906,-7.563351623876057
13907,43.070402782240286
13908,-79.96838782550662
13909,-6.070596660468011
13910,-50.66940913857025
13911,-60.91183961555698
13912,-70.23914348026298
13913,38.22523162673215
13914,-7.607414679225895
13915,-80.2007531693996
13916,32.07475422394707
13917,-26.17408276044156
13918,-62.207435232749866
13919,38.72253561127416
13920,44.15013649889832
13921,31.40964530099154
13922,-64.16461038471822
13923,38.80079189125222
13924,-61.54765931755569
13925,-27.39437142848117
13926,-60.91183961555698
13927,0.0867167523632157
13928,1.2381732203806388
13929,-9.068316801617062
13930,63.91702476825551
13931,-7.9663651545843965
13932,-19.351874441533266
13933,-78.67337208083642
13934,63.91702476825551
13935,2.5658508043278534
13936,-60.612010272288224
13937,-6.238484058941584
13938,-15.457152817705998
13939,-75.64659710146239
13940,-60.00281925629682
13941,-56.42785041083662
13942,49.48352537167244
13943,69.4061850760405
13944,65.15175474119582
13945,-5.898090535292034
13946,0.8955298359510777
13947,-21.59459459650674
13948,-10.236682880803835
13949,-73.49825596372575
13950,-10.916027017435564
13951,62.05022186955342
13952,-5.712280750962922
13953,-75.33994606161441
13954,-27.84737188831645
13955,-9.71787197247992
13956,61.41507933913082
13957,5.038510683305542
13958,37.02925286174907
13959,-0.2170078894711549
13960,-75.33810611542602
13961,-8.012687037496153
13962,-73.51706328121551
13963,69.3946036271567
13964,59.224345502698895
13965,-69.6388204382478
13966,-76.10017516081511
13967,36.74462873010074
13968,-71.98253122620505
13969,-93.86975340588243
13970,-30.655634648631768
13971,-50.51807546086891
13972,34.70726361438135
13973,-65.76521599598667
13974,41.595804055545926
13975,-4.636713800025559
13976,-31.959011156587778
13977,62.05022186955342
13978,-56.91411129948467
13979,-74.67894505904209
13980,4.542699170108547
13981,66.10954786950468
13982,-62.91598401812129
13983,-63.53711004888276
13984,-69.73443133263335
13985,-72.43638287798247
13986,65.70340756814426
13987,-59.0247792559835
13988,-26.17408276044156
13989,-0.2391516584084261
13990,-28.22095932993653
13991,-5.131630240524741
13992,49.05615441907452
13993,-3.679841531419658
13994,33.94842494567163
13995,35.074693805432055
13996,-28.08677622878706
13997,-59.70113610311457
13998,-6.48509068279441
13999,-4.405095214607833
14000,-58.40137163545002
14001,-40.263029164484735
14002,-70.29577754964635
14003,63.55171566641505
14004,6.4496580661592
14005,-78.41756999405827
14006,42.62243523436442
14007,-2.658749438861149
14008,-54.837642427753735
14009,-3.149359251178566
14010,35.73561674715444
14011,-3.032915936711205
14012,-25.5797293056115
14013,62.93845698629771
14014,0.5119166651763463
14015,-32.64979124265535
14016,-3.7867989733559337
14017,43.51090508081185
14018,65.01144712617034
14019,-32.64979124265535
14020,-11.414378119501269
14021,64.066215400721
14022,-76.53006230410502
14023,38.024767619149486
14024,71.14306560540241
14025,-80.35745968060027
14026,33.94842494567163
14027,-14.048665711411392
14028,-25.5797293056115
14029,-8.65247529677855
14030,-58.40137163545002
14031,-1.623289693444283
14032,63.6571359444764
14033,43.93960417464481
14034,-59.55695539309107
14035,54.87140601491724
14036,47.70270334977785
14037,63.91702476825551
14038,-58.90457580252615
14039,-62.867267064128896
14040,-52.57521499157592
14041,63.24345911460737
14042,-64.22288357339555
14043,-2.2994277662606235
14044,-31.959011156587778
14045,-69.53284692276269
14046,-38.289760840839065
14047,-5.712280750962922
14048,-3.776511127964637
14049,-5.226857124310353
14050,41.95564663461676
14051,37.19947120046872
14052,-76.63985719790637
14053,-66.26719328803952
14054,-60.41965467394374
14055,-8.010188358003843
14056,-11.899360220990571
14057,1.077007323907357
14058,65.30383928161156
14059,63.17407712594248
14060,56.72433994447442
14061,42.12825482547745
14062,62.23488338788029
14063,59.44947674683025
14064,-70.45490039138735
14065,64.5312461111391
14066,-12.34733779649763
14067,-32.00043248637353
14068,-12.980224718050025
14069,-58.26452439469805
14070,-28.903507516241064
14071,-59.99383063922158
14072,-26.34579813973273
14073,48.608715640780645
14074,42.48981537372532
14075,-1.5748617966263074
14076,-60.219029585471375
14077,6.743239926532712
14078,-33.186650072897656
14079,-30.48882683249501
14080,65.15175474119582
14081,68.80182102495841
14082,63.48057925387402
14083,54.87140601491724
14084,-76.53708287354354
14085,-63.90999387029581
14086,-74.18647628041738
14087,-69.31113898539574
14088,38.31164014981709
14089,-58.80790165910087
14090,-71.85257045715349
14091,-5.285231062968303
14092,-26.870665029134244
14093,-78.18443959944142
14094,65.8573382242938
14095,-25.36342485364972
14096,-11.81461615781755
14097,45.29860831745866
14098,-31.90674981286439
14099,-65.76521599598667
14100,-35.592042403875
14101,-8.505119957630754
14102,-2.6134320562735915
14103,-75.54743905566333
14104,-24.07758000774568
14105,0.3959196788243324
14106,66.10954786950468
14107,38.024767619149486
14108,72.71695983934927
14109,-61.69922029441774
14110,-31.04711185370257
14111,-30.29926333182145
14112,31.63577326312054
14113,67.35941981867032
14114,-11.414378119501269
14115,-69.53284692276269
14116,-26.44680165751749
14117,-59.97747709851521
14118,-78.18443959944142
14119,-4.924641845730807
14120,44.71974148837769
14121,44.323361818561466
14122,37.710932336642855
14123,64.89740148526103
14124,-62.992269583051126
14125,-4.405095214607833
14126,-75.25464937545578
14127,-79.96838782550662
14128,68.99984682776726
14129,75.62783807446061
14130,2.7441516006746145
14131,-82.36398595517299
14132,-72.89132250186391
14133,-35.592042403875
14134,-66.28226276691967
14135,-17.86690399692242
14136,-27.035429563107787
14137,-65.60906423394935
14138,-26.77665597342337
14139,-56.57581585882054
14140,-51.64992484466406
14141,-1.4432151541442035
14142,65.00485690439079
14143,48.41645988443008
14144,66.64864688512324
14145,-31.90202286928289
14146,-65.76521599598667
14147,-30.25643021745738
14148,-74.18647628041738
14149,-30.01362032784838
14150,-26.283832156944456
14151,-77.52999099264724
14152,66.32691399793903
14153,1.2381732203806388
14154,-6.341688182397083
14155,43.63723557041693
14156,-79.2709072515973
14157,-31.033226670297687
14158,-12.067432013347938
14159,42.28908780389423
14160,-36.03933110767888
14161,-31.0147814692714
14162,-73.96952948374972
14163,-15.421109794120706
14164,-28.643994861955512
14165,70.29389816279114
14166,31.63577326312054
14167,-38.31666404855487
14168,61.41507933913082
14169,-2.143006646232017
14170,-5.1800058934651565
14171,37.22113691288863
14172,62.81104552825667
14173,-58.49337764555049
14174,-31.35183592392426
14175,65.72998962855755
14176,-18.49379338539269
14177,-59.97747709851521
14178,35.65310194615565
14179,61.41507933913082
14180,-1.5356398928676087
14181,-58.783118010286806
14182,-64.9132971226569
14183,-14.048665711411392
14184,-5.137177960748414
14185,-5.615505937343697
14186,63.96363055626872
14187,-9.28821769422264
14188,-77.68952628576717
14189,-76.35234050644988
14190,-26.44680165751749
14191,-76.53708287354354
14192,-25.95119343290656
14193,-81.55617938517004
14194,-66.43935787169306
14195,60.85863015200236
14196,40.05305787900917
14197,-67.69819048631462
14198,-31.08719514412763
14199,-40.263029164484735
14200,71.75855487280502
14201,-79.96838782550662
14202,-31.601108550798745
14203,-26.05839731189692
14204,-12.980224718050025
14205,42.694554967830975
14206,65.89241025329488
14207,0.6280090738232902
14208,1.072116431811331
14209,-24.57016327852717
14210,-3.4514319544328007
14211,-2.5252057536189234
14212,-63.90999387029581
14213,0.7292486145421537
14214,-1.246135753670227
14215,-56.57581585882054
14216,-67.69819048631462
14217,-80.2007531693996
14218,-4.557186407157561
14219,-74.29069465840236
14220,-9.951828432204634
14221,4.461836373006964
14222,-77.28759614653931
14223,37.116330984893
14224,-56.5485923963245
14225,-55.36341813212215
14226,65.8573382242938
14227,32.82049670958371
14228,-74.04980425330353
14229,-65.76521599598667
14230,-59.55695539309107
14231,66.4335283544127
14232,-80.35745968060027
14233,34.70726361438135
14234,-56.72024966062942
14235,33.76914550184595
14236,-78.18443959944142
14237,-29.763383999776664
14238,-9.411085518990332
14239,53.76754856205086
14240,-5.335430452437999
14241,-76.84332067185541
14242,-75.6822663236241
14243,66.36317768692943
14244,-10.72909265410946
14245,-33.186650072897656
14246,-4.405095214607833
14247,40.98287041835194
14248,-10.774195417203288
14249,-72.19394074393148
14250,33.98677165170219
14251,-69.74143643451788
14252,-7.821777491670581
14253,-22.946913446813177
14254,-25.417089798934096
14255,-81.1010910139273
14256,-33.39863657601486
14257,-62.81593244976687
14258,-2.677485168238164
14259,-69.53284692276269
14260,-82.16647966703239
14261,40.85744241428318
14262,-14.26032041486885
14263,65.70340756814426
14264,-15.457152817705998
14265,-15.995783196660916
14266,43.93960417464481
14267,43.223411624611806
14268,-4.122738822437446
14269,-64.07776335092572
14270,63.96363055626872
14271,-71.47787848911017
14272,69.87213687938464
14273,-3.053389787646088
14274,62.51063567136785
14275,-10.541349870802918
14276,-22.24263914838269
14277,-1.1083592771552533
14278,-29.27852496392582
14279,-59.46503769422805
14280,-25.38819519084943
14281,-10.774195417203288
14282,42.694554967830975
14283,-81.76047258796626
14284,57.30861918771014
14285,-7.431267637792356
14286,-1.1993846194535314
14287,40.37093939594315
14288,-38.289760840839065
14289,32.07475422394707
14290,-10.541349870802918
14291,46.134786862569385
14292,-12.980224718050025
14293,-33.39863657601486
14294,-75.1062470790597
14295,-80.80679756920996
14296,-26.870665029134244
14297,-59.94882361695452
14298,-29.081720905363447
14299,-6.730298563309443
14300,-10.160069145470596
14301,-6.29501248257905
14302,-25.808280998745484
14303,-2.735615617412545
14304,-70.84174198905316
14305,66.32691399793903
14306,-82.36398595517299
14307,-30.29520417700252
14308,-28.66037414843268
14309,-10.916027017435564
14310,66.51603997809273
14311,-2.6134320562735915
14312,-10.541349870802918
14313,-55.51339155950623
14314,44.81836512306513
14315,62.24548056760761
14316,-26.800174087824782
14317,37.64389233697129
14318,-76.1948264973353
14319,-3.679841531419658
14320,-4.0918645657113215
14321,-1.1993846194535314
14322,42.28908780389423
14323,-4.06696144226066
14324,41.00837675584922
14325,64.88815718477922
14326,-5.9363067494031405
14327,-72.06149666904277
14328,-35.592042403875
14329,-1.855117054549564
14330,44.449223105282776
14331,-24.425246313676976
14332,-80.35745968060027
14333,76.3066407775008
14334,-14.048665711411392
14335,69.3946036271567
14336,-26.188974714470188
14337,-9.068316801617062
14338,-75.42730118010475
14339,-74.82528358614302
14340,43.05713473658541
14341,62.18631152590764
14342,-10.116138093908727
14343,-6.596715586806627
14344,74.6363577981755
14345,-36.75854093568037
14346,58.509900201109744
14347,-27.10745598262377
14348,-80.96832305310993
14349,-7.668344414437762
14350,41.45334838966922
14351,-8.245649748120048
14352,-36.75854093568037
14353,34.70726361438135
14354,40.7413050551993
14355,37.51187480005024
14356,63.55171566641505
14357,31.556409505185933
14358,-31.959011156587778
14359,-59.2115208009447
14360,-21.755275826255577
14361,-64.9132971226569
14362,-5.478941185391588
14363,-77.6905206127511
14364,-62.91598401812129
14365,65.69257882848316
14366,29.05862710582332
14367,46.04883053181161
14368,-66.28226276691967
14369,-29.40639082355972
14370,44.01081317091915
14371,-27.559523289462334
14372,33.94842494567163
14373,39.30051515922217
14374,-6.596715586806627
14375,-17.47412473915537
14376,-8.34562811202003
14377,-53.559394924046
14378,-29.27852496392582
14379,52.098809096565134
14380,-65.3557518476913
14381,-29.69489507115156
14382,47.453388964764166
14383,-78.60946594809188
14384,-2.143006646232017
14385,-76.63985719790637
14386,-75.90588055896622
14387,-76.11952915909391
14388,-82.40051840708722
14389,-80.52686489660583
14390,-62.992269583051126
14391,62.68091719348635
14392,-74.74581905567803
14393,-5.315328626284029
14394,0.7100576861962216
14395,-62.232744218363024
14396,-8.908047438012867
14397,-31.601108550798745
14398,-2.220152378584106
14399,59.079395071992494
14400,-65.76521599598667
14401,37.324492185149104
14402,-55.182952012431706
14403,1.1587949728078826
14404,65.89241025329488
14405,-26.05839731189692
14406,-56.93094432767317
14407,-64.22288357339555
14408,-29.60477369867385
14409,-58.600494818388825
14410,36.07701446037292
14411,41.74757353227488
14412,65.72998962855755
14413,-11.044946325024986
14414,-5.021505477537873
14415,-65.68103067459464
14416,-78.89190179920479
14417,-7.864544375758991
14418,61.76962692107463
14419,-69.00202507384496
14420,-9.750433782486157
14421,-33.19172815985006
14422,-11.873872966955885
14423,-64.58826624382701
14424,-80.52686489660583
14425,-31.90674981286439
14426,-12.45462393341985
14427,1.041150752249632
14428,-81.55617938517004
14429,-29.27852496392582
14430,-5.5068303067349245
14431,-29.763383999776664
14432,-59.56946299449948
14433,-7.05037444408276
14434,36.74462873010074
14435,-2.220152378584106
14436,5.855290102728526
14437,-4.230841487142506
14438,-10.916027017435564
14439,39.16730489722398
14440,35.65310194615565
14441,-80.52686489660583
14442,-59.65981270407525
14443,36.07701446037292
14444,-74.86971984589562
14445,-7.864544375758991
14446,-1.9833153429572403
14447,-64.16003805539282
14448,-77.79078909340525
14449,-85.30615444511946
14450,-0.1832070403068164
14451,-68.61643154321395
14452,-78.18443959944142
14453,45.81215404367345
14454,61.69475087726055
14455,64.26215031515505
14456,-23.393462339007783
14457,63.17407712594248
14458,-57.87331040939829
14459,37.51187480005024
14460,-7.157322687848996
14461,58.509900201109744
14462,-5.568494253422903
14463,-8.830824176828699
14464,-14.048665711411392
14465,-74.13198000786247
14466,-62.80175227953763
14467,-11.044946325024986
14468,-30.62860488636636
14469,-0.269722134006173
14470,-8.401946334381103
14471,-81.55385030960502
14472,-75.33810611542602
14473,-62.77144168279721
14474,-5.9363067494031405
14475,-21.707854914421265
14476,70.47625013561813
14477,62.68091719348635
14478,-8.505119957630754
14479,-8.908047438012867
14480,32.39583916385706
14481,-10.541349870802918
14482,-77.98750959129596
14483,-73.5273088830337
14484,-69.836549681663
14485,-4.405095214607833
14486,-64.9132971226569
14487,-75.33994606161441
14488,-26.242724786388088
14489,-81.55385030960502
14490,-2.590475175540788
14491,-8.339669554420515
14492,-81.9082756592914
14493,69.32561289518252
14494,-29.43973754511513
14495,38.82714861336957
14496,-26.588632847128945
14497,34.70726361438135
14498,-12.207747507873194
14499,64.9317179013089
14500,-63.09328071911037
14501,37.2498623537676
14502,3.076515570884081
14503,-14.996848802411948
14504,-84.71803885281211
14505,-1.8047820342062648
14506,36.13173465403289
14507,-79.51207152985141
14508,-28.66037414843268
14509,62.93845698629771
14510,-25.555198746389607
14511,64.066215400721
14512,-25.779346162564742
14513,41.03368468750984
14514,-81.55385030960502
14515,0.2690222541964959
14516,37.22113691288863
14517,34.495696531699394
14518,-25.38819519084943
14519,68.00912730651211
14520,-7.198984806553479
14521,40.52438093149576
14522,35.51129873531497
14523,-75.11680061228411
14524,-85.30615444511946
14525,-23.784323481350352
14526,-7.702414305326926
14527,-29.763383999776664
14528,69.85414576709468
14529,65.04527218071553
14530,40.85744241428318
14531,43.84910026865296
14532,44.14651692822074
14533,-80.80679756920996
14534,-38.31666404855487
14535,-10.541349870802918
14536,-82.36398595517299
14537,-13.104377219297188
14538,33.025157911301285
14539,-69.9940955828067
14540,-24.14015275552712
14541,-13.342616098789204
14542,-12.067432013347938
14543,40.05305787900917
14544,43.30488209681164
14545,-1.2712977334200213
14546,-9.71787197247992
14547,-6.372874922026387
14548,37.62953426017312
14549,-60.39396325413938
14550,-78.67337208083642
14551,-6.372874922026387
14552,71.59064987079951
14553,-63.69930414187169
14554,-25.32911049062509
14555,-9.750433782486157
14556,-7.431267637792356
14557,-63.90999387029581
14558,38.44600212079311
14559,-3.237999308187316
14560,-70.84174198905316
14561,-58.80790165910087
14562,-55.48664156116306
14563,-65.21656768089206
14564,45.23293707645593
14565,0.6888287806445625
14566,-79.76074203767243
14567,-52.57521499157592
14568,39.27602942538476
14569,-84.12958028697955
14570,-77.79078909340525
14571,-58.57922829247644
14572,-23.14876713364592
14573,-75.4699660249055
14574,-4.53511661443231
14575,-67.54623358872377
14576,-71.44078307961107
14577,-82.40051840708722
14578,65.5545912598744
14579,-57.07713385759523
14580,-5.478941185391588
14581,37.64389233697129
14582,-9.068316801617062
14583,-8.19037813132204
14584,36.13173465403289
14585,-4.706522892414652
14586,-54.62608757177197
14587,-9.068316801617062
14588,-60.219029585471375
14589,37.51187480005024
14590,56.72433994447442
14591,-3.776511127964637
14592,-6.730298563309443
14593,44.291339224647686
14594,-76.53753197998643
14595,-8.401946334381103
14596,37.05775058463085
14597,70.47625013561813
14598,43.30488209681164
14599,-9.411085518990332
14600,-77.6905206127511
14601,-3.4514319544328007
14602,-56.59421684104882
14603,-2.6134320562735915
14604,-81.55385030960502
14605,-66.10108831655752
14606,-5.1800058934651565
14607,71.73450508874576
14608,40.37093939594315
14609,60.85863015200236
14610,-82.40051840708722
14611,-78.67337208083642
14612,-6.070596660468011
14613,-10.926612936824103
14614,-62.91598401812129
14615,65.00501239915242
14616,0.176846917668866
14617,-66.75637336229117
14618,-60.27978702699981
14619,-10.14742596647451
14620,66.42166111165739
14621,41.588250001390506
14622,-81.9082756592914
14623,68.23719244848964
14624,-64.29539892981533
14625,-3.776511127964637
14626,-74.48840855225316
14627,-31.959011156587778
14628,-2.6134320562735915
14629,-38.289760840839065
14630,-59.2151894461318
14631,62.97656698281667
14632,-36.75854093568037
14633,37.05775058463085
14634,-88.25986352571931
14635,-54.53608136028894
14636,-2.4293958964358247
14637,-27.10745598262377
14638,-65.95296955675866
14639,64.26215031515505
14640,40.43263552139006
14641,-9.421502047211298
14642,38.55044675236282
14643,-76.53006230410502
14644,-74.67894505904209
14645,57.30861918771014
14646,-3.0788244022454263
14647,70.42550604765933
14648,0.9757652376606998
14649,-79.76074203767243
14650,36.141632938980734
14651,-85.30615444511946
14652,-12.55241926536868
14653,0.0300626072368204
14654,-15.457152817705998
14655,1.0165903450760294
14656,-61.23701126691434
14657,43.05713473658541
14658,-79.2556544558028
14659,32.07475422394707
14660,-61.40715265847752
14661,-31.80803399076036
14662,35.65310194615565
14663,64.9317179013089
14664,-6.462867475193379
14665,-79.76074203767243
14666,65.31859179814161
14667,-10.942753634644344
14668,-60.27978702699981
14669,60.85863015200236
14670,-62.77144168279721
14671,63.48040502374969
14672,-7.110654011959582
14673,61.76962692107463
14674,39.27602942538476
14675,-54.6946606163356
14676,44.45666612321483
14677,-1.2712977334200213
14678,1.8000416586890604
14679,-76.84332067185541
14680,-11.370289322067585
14681,-9.421502047211298
14682,-4.0918645657113215
14683,41.57539315234752
14684,-62.207435232749866
14685,-9.47590194313502
14686,-36.75854093568037
14687,-55.16163153811053
14688,71.60557070186472
14689,35.65310194615565
14690,-9.42416452999666
14691,-13.568633220979317
14692,-31.08719514412763
14693,38.77620711535965
14694,66.42166111165739
14695,46.66843273561196
14696,-1.2712977334200213
14697,-80.96832305310993
14698,-11.81461615781755
14699,-14.996848802411948
14700,-75.08474020259523
14701,-82.40051840708722
14702,-23.007246593018174
14703,-28.871508462154708
14704,67.35941981867032
14705,62.61895765573136
14706,-6.730298563309443
14707,5.406773577143051
14708,-3.7867989733559337
14709,54.87140601491724
14710,-8.83369904215633
14711,-10.541349870802918
14712,-12.067432013347938
14713,-27.871512195608915
14714,38.67075251468253
14715,36.69825801118296
14716,-58.80790165910087
14717,-5.1800058934651565
14718,62.05022186955342
14719,-0.736862753291974
14720,-32.05304744875304
14721,-59.5318622454142
14722,65.00501239915242
14723,-29.961102247144098
14724,5.605629011604654
14725,-82.36398595517299
14726,-3.7867989733559337
14727,37.05775058463085
14728,71.11359836195976
14729,65.53374587992406
14730,66.56274735727925
14731,-6.48509068279441
14732,-29.081720905363447
14733,46.134786862569385
14734,-63.58705267320541
14735,-26.181443298418944
14736,-76.35234050644988
14737,-54.6946606163356
14738,-34.52467559054617
14739,-77.28759614653931
14740,-28.878419635848704
14741,-25.95119343290656
14742,3.076515570884081
14743,-60.64547959014373
14744,34.70726361438135
14745,-0.6895438430115917
14746,-71.98253122620505
14747,35.6853901499652
14748,68.74798901315427
14749,39.30051515922217
14750,-7.702414305326926
14751,-77.28759614653931
14752,-29.40639082355972
14753,-58.49337764555049
14754,-54.46864014687432
14755,-11.044946325024986
14756,33.76805923159104
14757,42.75025316219538
14758,39.36338164237954
14759,-3.5357483942494965
14760,-1.2712977334200213
14761,34.91382269695195
14762,-4.349188452056213
14763,61.93504310826117
14764,-11.81461615781755
14765,-12.720642569117889
14766,-53.9580893770022
14767,-2.376669210031688
14768,43.15561659540836
14769,-37.05484573914689
14770,71.55496386501822
14771,-7.668344414437762
14772,71.14306560540241
14773,-63.90999387029581
14774,-81.55385030960502
14775,-9.47590194313502
14776,-1.2712977334200213
14777,45.478687047074445
14778,-78.71911783830963
14779,-25.95119343290656
14780,-84.12958028697955
14781,-72.33743964154552
14782,69.22814191319826
14783,1.6967632831449508
14784,-2.344087655982676
14785,61.41507933913082
14786,-63.90999387029581
14787,-8.908047438012867
14788,-9.85035204819044
14789,42.75025316219538
14790,57.65426869822588
14791,-31.959011156587778
14792,-21.817420762163355
14793,-56.95898269460638
14794,-32.05304744875304
14795,-6.973369898253004
14796,-21.59459459650674
14797,39.70767120678016
14798,-5.285231062968303
14799,-25.51606733045768
14800,-23.703591615976805
14801,-66.43935787169306
14802,61.93504310826117
14803,44.34665726312506
14804,36.07701446037292
14805,39.27602942538476
14806,57.65426869822588
14807,1.2381732203806388
14808,40.40739635910904
14809,35.074693805432055
14810,-8.88580999714594
14811,39.78514760749165
14812,-6.192812606737838
14813,-65.93635482415422
14814,-2.0428215560030374
14815,68.05027133157476
14816,39.16730489722398
14817,-4.405095214607833
14818,-81.27858427546516
14819,-28.858920879763502
14820,-7.668344414437762
14821,47.64046925558711
14822,-80.52686489660583
14823,-76.84500994619452
14824,-29.40639082355972
14825,-65.60263785950121
14826,-76.1948264973353
14827,62.94762985606721
14828,-59.28456687711529
14829,36.69825801118296
14830,41.45334838966922
14831,-28.497082372757685
14832,7.317924612427595
14833,64.066215400721
14834,-56.643158905411575
14835,63.96363055626872
14836,38.56664570965325
14837,62.18631152590764
14838,-0.736862753291974
14839,-56.5485923963245
14840,-5.76569708896619
14841,-84.07394538431515
14842,69.61412919798462
14843,66.56274735727925
14844,33.76914550184595
14845,-9.379626694228902
14846,-35.42921581408613
14847,-77.79078909340525
14848,4.201182082918052
14849,65.81953537175905
14850,-9.85035204819044
14851,62.15102143096463
14852,-72.92386303222452
14853,-12.091762079200112
14854,-26.181443298418944
14855,-25.92253258736533
14856,48.41645988443008
14857,-80.52686489660583
14858,40.80648586922674
14859,-38.31666404855487
14860,66.98436959269858
14861,-69.53284692276269
14862,-29.19483036898142
14863,-75.08474020259523
14864,-11.873872966955885
14865,-0.736862753291974
14866,-66.75637336229117
14867,65.81953537175905
14868,63.24345911460737
14869,-56.27975621631333
14870,-5.161694333846842
14871,-55.48664156116306
14872,-54.62608757177197
14873,-6.596715586806627
14874,-76.63985719790637
14875,61.58877634946076
14876,-64.9132971226569
14877,-8.830824176828699
14878,-61.21598658438365
14879,-77.6905206127511
14880,-3.88624558134798
14881,-4.557186407157561
14882,-63.4401368933723
14883,-24.61292534897964
14884,-24.78435046250319
14885,-59.68233874469167
14886,-53.66710266125753
14887,63.91702476825551
14888,44.45666612321483
14889,-67.72506767060736
14890,68.4951402771731
14891,-63.4401368933723
14892,38.14097491907049
14893,-84.71803885281211
14894,-80.52686489660583
14895,-5.344778146087565
14896,-67.69819048631462
14897,-60.219029585471375
14898,3.209526634735276
14899,66.51603997809273
14900,38.0589426763689
14901,64.959791721204
14902,63.96363055626872
14903,-81.1010910139273
14904,-26.34579813973273
14905,32.82049670958371
14906,-76.11952915909391
14907,-21.854540303943228
14908,61.69475087726055
14909,-29.15120399320296
14910,-7.198984806553479
14911,-69.53284692276269
14912,-5.478941185391588
14913,42.46858841810198
14914,-64.58826624382701
14915,-65.95296955675866
14916,-26.7292903918999
14917,-62.28754654782394
14918,59.921964203434754
14919,-4.792785637527022
14920,-60.219029585471375
14921,-66.10108831655752
14922,-33.39863657601486
14923,-22.313134209481035
14924,40.37093939594315
14925,-75.58165887413512
14926,56.216992126998925
14927,-62.207435232749866
14928,42.75025316219538
14929,65.72998962855755
14930,-7.697195681007859
14931,-81.9082756592914
14932,-5.76569708896619
14933,-7.396861410920819
14934,-72.48059600281765
14935,-65.88234153244957
14936,-8.830824176828699
14937,43.63723557041693
14938,-2.886831076037007
14939,-33.39863657601486
14940,-62.91598401812129
14941,-69.6651526046994
14942,-28.04935549131985
14943,37.05775058463085
14944,-4.706522892414652
14945,48.41645988443008
14946,-20.698272581997195
14947,36.13173465403289
14948,-8.830824176828699
14949,37.62906922802445
14950,63.48040502374969
14951,-73.90679557912834
14952,-2.886831076037007
14953,-83.48107220618496
14954,-78.60946594809188
14955,-7.744890926237835
14956,63.17407712594248
14957,-13.104377219297188
14958,-76.35234050644988
14959,-30.66751613232394
14960,-11.323753382571406
14961,60.98859579202931
14962,-24.241118126928324
14963,63.17407712594248
14964,-36.75854093568037
14965,-78.18443959944142
14966,-6.510634763067767
14967,-22.65267583612513
14968,-67.69819048631462
14969,38.77620711535965
14970,-82.36398595517299
14971,-77.04633008578185
14972,65.01144712617034
14973,61.58877634946076
14974,-59.31363698665989
14975,-75.4898971449067
14976,-8.012687037496153
14977,69.22814191319826
14978,0.2330608419046993
14979,-7.2500248881780704
14980,-1.3253647867380298
14981,53.76754856205086
14982,1.4621416112319825
14983,-32.79309621417888
14984,63.4282840652146
14985,-4.69364714280825
14986,-77.3059515037836
14987,-8.83369904215633
14988,63.766940549644815
14989,-64.16461038471822
14990,0.0867167523632157
14991,38.56664570965325
14992,-76.53006230410502
14993,-68.83074597823597
14994,-2.886831076037007
14995,-11.899360220990571
14996,-59.56946299449948
14997,-25.417089798934096
14998,0.7100576861962216
14999,61.41507933913082
15000,-79.2556544558028
15001,-82.40051840708722
15002,-60.45146431927914
15003,2.076836175022585
15004,-74.36518235128221
15005,-76.53708287354354
15006,-62.10486611308126
15007,-60.219029585471375
15008,37.710932336642855
15009,35.65310194615565
15010,65.31859179814161
15011,-58.57922829247644
15012,-77.98750959129596
15013,-3.0788244022454263
15014,-27.049286582231364
15015,-26.870665029134244
15016,70.22152397407564
15017,-24.14015275552712
15018,-29.15120399320296
15019,33.93240112053927
15020,-67.54623358872377
15021,-29.13236451155949
15022,-59.40740749361418
15023,-73.59310591501057
15024,-73.5703528441006
15025,-23.29309862467265
15026,-29.27852496392582
15027,-61.40715265847752
15028,44.643416951148666
15029,-8.854627928675276
15030,-4.924641845730807
15031,-6.372874922026387
15032,40.40739635910904
15033,-62.80175227953763
15034,63.48057925387402
15035,38.14097491907049
15036,-75.6822663236241
15037,38.72253561127416
15038,65.31859179814161
15039,-4.209076231097155
15040,-0.1335937111160413
15041,-2.658749438861149
15042,65.45689067357362
15043,63.86800363823704
15044,-14.97404002832448
15045,37.090949580581054
15046,-22.149205606142857
15047,-60.219029585471375
15048,-54.32939929873464
15049,-63.58705267320541
15050,34.91382269695195
15051,65.31859179814161
15052,-11.606632905000613
15053,0.176846917668866
15054,40.32164405999736
15055,-79.2556544558028
15056,-78.89190179920479
15057,-0.3828285699620363
15058,-54.98378812085036
15059,-52.18238344464459
15060,-5.895536575115985
15061,-72.19394074393148
15062,-27.10745598262377
15063,-73.38480612221115
15064,-60.91183961555698
15065,-74.47652560683528
15066,-38.2304942310374
15067,-6.730298563309443
15068,-5.224889995032712
15069,-2.9414330647702887
15070,66.84721717294155
15071,68.67324134596984
15072,-6.29501248257905
15073,-3.6537920387099794
15074,-0.2391516584084261
15075,-74.6331172166282
15076,-77.52999099264724
15077,-25.449320104923693
15078,-7.15529199906461
15079,-25.779346162564742
15080,-23.29309862467265
15081,-76.98079232056003
15082,41.58748603623839
15083,41.40553440256449
15084,-21.492583843157103
15085,-78.5709511913441
15086,48.608715640780645
15087,39.03010072004927
15088,48.62438622536355
15089,-4.480862697803834
15090,-23.92720833908516
15091,-78.71911783830963
15092,-36.75854093568037
15093,70.66754475344447
15094,-0.3253192690534199
15095,-80.52686489660583
15096,40.37093939594315
15097,-27.587701808526887
15098,-78.60946594809188
15099,-28.22095932993653
15100,-8.245649748120048
15101,65.53374587992406
15102,-9.068316801617062
15103,-57.07713385759523
15104,-79.2556544558028
15105,-60.81871392275352
15106,-77.09571078305727
15107,-74.67894505904209
15108,40.40739635910904
15109,-7.668344414437762
15110,-6.733120718715297
15111,-77.04633008578185
15112,-61.97884181384025
15113,-64.30221838875516
15114,47.17038987722906
15115,-12.720642569117889
15116,-74.86971984589562
15117,-4.400150783893626
15118,-27.60359985182725
15119,-64.16003805539282
15120,68.5939062594223
15121,61.93504310826117
15122,-11.13908358834746
15123,-59.2151894461318
15124,-60.845656499068056
15125,-72.67936042204306
15126,-7.431267637792356
15127,-66.75637336229117
15128,-74.13198000786247
15129,-18.77006275655645
15130,-26.181443298418944
15131,40.82860426053089
15132,-8.245649748120048
15133,-82.36398595517299
15134,64.80075402765097
15135,63.85562574260193
15136,38.82714861336957
15137,65.15175474119582
15138,-59.58473897566001
15139,-7.864544375758991
15140,61.61257741495453
15141,-57.871333800683615
15142,-12.55241926536868
15143,-15.198140486736062
15144,-5.478941185391588
15145,-67.69819048631462
15146,-15.457152817705998
15147,59.224345502698895
15148,-27.871512195608915
15149,33.98677165170219
15150,-67.54623358872377
15151,69.1507022845857
15152,65.89241025329488
15153,-27.84737188831645
15154,42.326925046782165
15155,-15.198140486736062
15156,-1.1234059863804475
15157,9.958071983947438
15158,-72.76964325914504
15159,-78.8603863537772
15160,-31.80803399076036
15161,-78.75790599010374
15162,-62.80175227953763
15163,-20.145628896988327
15164,-75.64659710146239
15165,44.60918605618478
15166,47.33386794359061
15167,0.2690222541964959
15168,44.86552261184366
15169,-67.54623358872377
15170,-2.2994277662606235
15171,44.4777328592365
15172,-26.44680165751749
15173,-75.11680061228411
15174,-57.27246714358462
15175,65.01144712617034
15176,-63.4401368933723
15177,-3.0552884747532048
15178,39.02997167321645
15179,-78.18443959944142
15180,-8.830824176828699
15181,66.55867243790382
15182,-82.16647966703239
15183,34.70726361438135
15184,-6.425757724650489
15185,36.07701446037292
15186,2.348452248383838
15187,63.94093770041281
15188,-26.87810264452627
15189,-5.6742271937970905
15190,-29.15120399320296
15191,2.634260406767853
15192,62.61895765573136
15193,-28.338860745472587
15194,-2.476402692281285
15195,-2.886831076037007
15196,-2.5618051503427743
15197,57.60909039187541
15198,-64.22288357339555
15199,31.27216517502363
15200,68.22015236069682
15201,-62.33392194035631
15202,67.35941981867032
15203,-63.4401368933723
15204,64.26215031515505
15205,-12.067432013347938
15206,41.57539315234752
15207,-74.36518235128221
15208,31.556409505185933
15209,2.802805787888304
15210,38.22523162673215
15211,-11.414378119501269
15212,70.19664768300551
15213,-60.64547959014373
15214,-16.63548084260176
15215,-8.012687037496153
15216,-9.42416452999666
15217,43.23674997756231
15218,-4.852568266111711
15219,-7.864544375758991
15220,-61.990080853796215
15221,42.48981537372532
15222,64.066215400721
15223,-74.65412014930483
15224,-29.19483036898142
15225,-5.9363067494031405
15226,0.5284015403645945
15227,66.51603997809273
15228,-67.54623358872377
15229,57.65426869822588
15230,-55.85423451917411
15231,-80.52686489660583
15232,-3.762015801542247
15233,-65.29185300850884
15234,63.08973766173885
15235,-61.54442573556059
15236,-23.007246593018174
15237,40.37093939594315
15238,-14.996848802411948
15239,-52.66954013636107
15240,-38.289760840839065
15241,-11.13908358834746
15242,-0.3863085695962032
15243,-64.84942368898264
15244,73.89232810334491
15245,-29.206080935824005
15246,-64.16461038471822
15247,-0.2391516584084261
15248,-5.137177960748414
15249,-10.541349870802918
15250,60.30278813376276
15251,-8.366355879497274
15252,63.96363055626872
15253,-31.959011156587778
15254,-7.697195681007859
15255,-10.41713732142938
15256,-34.52467559054617
15257,-8.33314127965221
15258,32.39583916385706
15259,-9.42416452999666
15260,39.30051515922217
15261,-9.42416452999666
15262,61.90849452082455
15263,36.28371566299834
15264,-62.77144168279721
15265,-21.8382891306631
15266,-28.497082372757685
15267,31.27216517502363
15268,-35.79285405192533
15269,60.85863015200236
15270,-2.220152378584106
15271,33.656601235907765
15272,-66.75637336229117
15273,-63.09328071911037
15274,-29.206080935824005
15275,-35.199738273347386
15276,68.00912730651211
15277,-22.97786963149429
15278,-5.834434049444045
15279,-58.6809209105902
15280,29.314573875009344
15281,54.87140601491724
15282,-29.879520401546102
15283,-66.28226276691967
15284,-24.497900939090364
15285,-7.94058376546899
15286,-60.64547959014373
15287,0.3482799612079055
15288,69.61412919798462
15289,-67.54623358872377
15290,-6.372874922026387
15291,-4.638868567527799
15292,-64.58826624382701
15293,61.84293179984744
15294,-3.747419935093149
15295,-80.80679756920996
15296,62.05022186955342
15297,-8.88580999714594
15298,64.959791721204
15299,-28.08677622878706
15300,-60.219029585471375
15301,-61.69922029441774
15302,-29.961102247144098
15303,-32.64979124265535
15304,-61.54442573556059
15305,-0.890972092456209
15306,57.65426869822588
15307,0.8198713398809212
15308,-63.09328071911037
15309,-58.57922829247644
15310,44.643416951148666
15311,0.032469049564419
15312,-59.55093285661956
15313,-9.421502047211298
15314,-58.87387227910907
15315,38.34402991405718
15316,-79.2556544558028
15317,-76.21992280052731
15318,-32.00043248637353
15319,65.69257882848316
15320,64.0313407247174
15321,-9.85035204819044
15322,59.224345502698895
15323,-58.90457580252615
15324,-73.90750354382773
15325,-81.27858427546516
15326,-64.16461038471822
15327,-54.542509870848896
15328,48.608715640780645
15329,-23.007246593018174
15330,62.68091719348635
15331,49.25285538401555
15332,31.63577326312054
15333,-60.219029585471375
15334,0.7100576861962216
15335,-55.72245114763296
15336,-62.068547876076
15337,-53.49908159205607
15338,-75.6822663236241
15339,-74.06626858779529
15340,-53.02470425257828
15341,36.28371566299834
15342,41.63514551062149
15343,-3.237999308187316
15344,61.93504310826117
15345,1.7542172021216365
15346,-59.2115208009447
15347,-56.93094432767317
15348,-30.73868875387925
15349,-30.5896293864867
15350,47.55046651741928
15351,38.55044675236282
15352,-2.810613024972114
15353,38.67075251468253
15354,-29.206080935824005
15355,-59.31363698665989
15356,-66.28226276691967
15357,-30.73868875387925
15358,-23.05614235102733
15359,-78.5709511913441
15360,-54.884656917757454
15361,63.24086933845946
15362,-5.76569708896619
15363,34.91382269695195
15364,36.76593340582296
15365,-2.952479107268374
15366,-48.11502500451751
15367,-9.379626694228902
15368,-15.198140486736062
15369,-55.85423451917411
15370,65.1896437480137
15371,-58.67964344088848
15372,-26.50590179164353
15373,-2.239239704808485
15374,-5.929614115957341
15375,6.447911391380015
15376,-5.615505937343697
15377,68.74798901315427
15378,-66.6414584648823
15379,-8.830824176828699
15380,-4.582603724073719
15381,-82.40051840708722
15382,-71.06729304034144
15383,42.62243523436442
15384,-0.2621271495747637
15385,-65.52837865361151
15386,63.95516254184481
15387,33.98677165170219
15388,-73.90679557912834
15389,-0.2391516584084261
15390,1.835055988677134
15391,63.24086933845946
15392,-63.19535057165078
15393,-76.84498900586591
15394,-28.497082372757685
15395,29.05862710582332
15396,-7.247548336202339
15397,-9.379626694228902
15398,68.00912730651211
15399,-74.04980425330353
15400,31.63577326312054
15401,-78.65863190851086
15402,59.921964203434754
15403,-29.27852496392582
15404,52.098809096565134
15405,73.01011012769344
15406,-67.54623358872377
15407,38.0589426763689
15408,-36.50523468709352
15409,41.74757353227488
15410,-67.54623358872377
15411,-3.7867989733559337
15412,-62.80175227953763
15413,-82.36398595517299
15414,-7.864544375758991
15415,-62.25629523523449
15416,-5.76569708896619
15417,-61.990080853796215
15418,-71.53320421737617
15419,-7.668344414437762
15420,-53.5302990046364
15421,-8.88580999714594
15422,36.86946380619902
15423,39.03010072004927
15424,65.15175474119582
15425,39.37689867482332
15426,-60.81871392275352
15427,52.46997525999706
15428,-1.1083592771552533
15429,62.68091719348635
15430,-12.720642569117889
15431,-59.2151894461318
15432,64.26215031515505
15433,-63.09328071911037
15434,-1.1522132370205511
15435,73.41312713038748
15436,-4.381085227819204
15437,-2.4293958964358247
15438,-65.52837865361151
15439,-58.87387227910907
15440,-79.97850449925723
15441,40.80648586922674
15442,66.55867243790382
15443,-79.2556544558028
15444,-11.606632905000613
15445,-28.43479035170235
15446,-59.68233874469167
15447,-76.53708287354354
15448,-72.73105165427418
15449,-2.9414330647702887
15450,-65.95296955675866
15451,-7.860187389055934
15452,-28.30373588427101
15453,-27.84737188831645
15454,40.80648586922674
15455,-82.40051840708722
15456,-77.04633008578185
15457,31.556409505185933
15458,-12.51008355052618
15459,-35.715887726564475
15460,62.024221612762815
15461,-11.905909080070456
15462,-64.16003805539282
15463,34.90067324606688
15464,-4.73170587679086
15465,44.45666612321483
15466,-76.84332067185541
15467,-80.24983797395078
15468,56.72433994447442
15469,-63.98632369894128
15470,0.0619109145309328
15471,-76.46412091206015
15472,-56.775721985543086
15473,-28.553178608620392
15474,-32.05304744875304
15475,36.28371566299834
15476,-74.36518235128221
15477,33.98677165170219
15478,-8.33314127965221
15479,44.60918605618478
15480,-75.4898971449067
15481,-70.84174198905316
15482,-25.43622183624269
15483,63.40513875347811
15484,39.08797667678875
15485,65.31859179814161
15486,-3.053389787646088
15487,-62.839733967886936
15488,29.05862710582332
15489,-6.510634763067767
15490,-65.55578539918059
15491,7.873954013980557
15492,2.3085659189417083
15493,67.43705984198002
15494,-29.27852496392582
15495,-32.05304744875304
15496,-66.75637336229117
15497,61.816404151055416
15498,70.0112958744458
15499,38.50777150391818
15500,-9.795275343158124
15501,-61.7632306726356
15502,-6.730298563309443
15503,-18.14161152276709
15504,36.86946380619902
15505,-6.379223064234124
15506,-66.6414584648823
15507,-5.315328626284029
15508,-23.10401152197852
15509,-76.53708287354354
15510,-24.956511565739103
15511,-4.638868567527799
15512,-66.51545808644183
15513,-0.3253192690534199
15514,-29.763383999776664
15515,36.13173465403289
15516,70.34266333959367
15517,-57.78079270755151
15518,61.76962692107463
15519,-35.199738273347386
15520,-4.73170587679086
15521,-11.044946325024986
15522,-75.4898971449067
15523,56.216992126998925
15524,-2.979442905041017
15525,-60.81871392275352
15526,64.066215400721
15527,-75.42730118010475
15528,58.0290989548202
15529,-55.72245114763296
15530,-29.19483036898142
15531,41.95564663461676
15532,-86.90623078382006
15533,-58.16749128614836
15534,-0.6453219931352416
15535,66.99718438962087
15536,-77.52999099264724
15537,-85.30615444511946
15538,-8.88580999714594
15539,-28.40063372986669
15540,32.82049670958371
15541,39.78514760749165
15542,63.766940549644815
15543,39.83671372396141
15544,-5.568494253422903
15545,40.52438093149576
15546,-36.75854093568037
15547,68.05027133157476
15548,-76.35234050644988
15549,-12.55241926536868
15550,-75.79726018509194
15551,-5.478941185391588
15552,-60.845656499068056
15553,36.86946380619902
15554,-8.88580999714594
15555,-3.237999308187316
15556,57.65426869822588
15557,-10.72909265410946
15558,-74.960949151342
15559,-82.36398595517299
15560,-58.30344473219359
15561,66.55867243790382
15562,-29.40639082355972
15563,-28.43479035170235
15564,66.04934884046541
15565,-74.14577597138582
15566,-83.49469975886973
15567,-63.58705267320541
15568,9.516264552159717
15569,-77.52999099264724
15570,-2.353078386643684
15571,-31.90674981286439
15572,31.27216517502363
15573,68.04779795764074
15574,-28.871508462154708
15575,60.85863015200236
15576,66.18861559868415
15577,-30.06447878150209
15578,62.77879497715671
15579,-38.31666404855487
15580,45.632226624100106
15581,35.7175301725199
15582,-74.65412014930483
15583,65.00501239915242
15584,-12.207747507873194
15585,-61.975730038567775
15586,-75.64659710146239
15587,-64.16461038471822
15588,68.82511798863322
15589,38.771879875671104
15590,-2.5763981814313315
15591,-1.5356398928676087
15592,5.612164260873271
15593,-4.1237789601349615
15594,-30.62860488636636
15595,-64.22288357339555
15596,-12.55241926536868
15597,-4.405263027309621
15598,-82.40051840708722
15599,60.85863015200236
15600,-79.2556544558028
15601,-86.7668901187437
15602,-11.13908358834746
15603,-54.75572463055551
15604,3.2913767870927013
15605,-11.873872966955885
15606,-58.74370195571287
15607,36.993736928227385
15608,42.62243523436442
15609,-57.14527671587277
15610,-76.53006230410502
15611,-64.22288357339555
15612,-8.88580999714594
15613,41.57539315234752
15614,-65.52837865361151
15615,7.4472499388171425
15616,-5.285231062968303
15617,-64.30221838875516
15618,41.42268870930243
15619,61.58877634946076
15620,64.959791721204
15621,-60.39396325413938
15622,-76.08088498956586
15623,65.31859179814161
15624,-60.91183961555698
15625,-86.90623078382006
15626,-5.13293363828876
15627,-81.9082756592914
15628,-7.375331166315614
15629,41.00837675584922
15630,-76.53006230410502
15631,-61.54442573556059
15632,-8.34562811202003
15633,-77.04633008578185
15634,-8.728792099744012
15635,3.568061667091955
15636,68.99661547463914
15637,67.90754867433685
15638,-37.05484573914689
15639,1.4621416112319825
15640,-27.47339362439568
15641,-76.46412091206015
15642,-71.98253122620505
15643,-10.995280956706615
15644,-61.990080853796215
15645,63.2308092109467
15646,61.84293179984744
15647,-20.893959579168616
15648,63.08973766173885
15649,66.04934884046541
15650,23.995980538397347
15651,-4.73170587679086
15652,-56.69822298546556
15653,-71.98253122620505
15654,35.6853901499652
15655,-31.80803399076036
15656,-35.715887726564475
15657,38.048664881988735
15658,-7.208943117442962
15659,-37.05484573914689
15660,63.40513875347811
15661,63.86800363823704
15662,63.85562574260193
15663,-77.93204540354544
15664,58.0277555882826
15665,-31.16610082911268
15666,-8.88580999714594
15667,-29.15120399320296
15668,-24.95862188930664
15669,60.70594047138769
15670,63.08973766173885
15671,-58.30344473219359
15672,-62.77144168279721
15673,-25.32911049062509
15674,-62.16510173829362
15675,63.73453743498676
15676,-27.35531385806086
15677,-20.62166040712216
15678,54.87140601491724
15679,-64.84942368898264
15680,-61.990080853796215
15681,-9.067145785883874
15682,-76.08088498956586
15683,3.2913767870927013
15684,63.94093770041281
15685,-1.623289693444283
15686,35.6853901499652
15687,-84.07394538431515
15688,-75.0520613691839
15689,67.0220027306072
15690,-77.09571078305727
15691,-63.09328071911037
15692,-37.05484573914689
15693,-37.05484573914689
15694,48.608715640780645
15695,-4.122738822437446
15696,-83.48107220618496
15697,-60.46743723250786
15698,-7.110654011959582
15699,-29.19483036898142
15700,-26.212099487431363
15701,61.84293179984744
15702,69.17226034822036
15703,-28.04935549131985
15704,-63.00284301175658
15705,-23.74547128560524
15706,-54.99985239843331
15707,-80.24983797395078
15708,44.68224602217717
15709,-11.873872966955885
15710,-55.12161185783043
15711,-64.9132971226569
15712,-6.389326600000408
15713,-77.98750959129596
15714,3.835676412766934
15715,38.14097491907049
15716,-78.47420644879766
15717,1.8000416586890604
15718,39.08797667678875
15719,32.82049670958371
15720,-60.64547959014373
15721,-79.2556544558028
15722,-74.6331172166282
15723,70.8102691093439
15724,48.608715640780645
15725,-1.623289693444283
15726,-3.747419935093149
15727,60.03995710361875
15728,-61.990080853796215
15729,-26.309075936558383
15730,-9.068316801617062
15731,-76.53708287354354
15732,-73.38480612221115
15733,-81.55617938517004
15734,57.7431413488117
15735,63.34275046047471
15736,-55.88334024356169
15737,-74.31051794057096
15738,44.34665726312506
15739,-16.353018501585346
15740,-63.98632369894128
15741,-61.21598658438365
15742,-9.65043775098157
15743,-76.08088498956586
15744,0.7680268805507677
15745,-78.65863190851086
15746,-57.337916719863394
15747,-81.55617938517004
15748,29.75207044541952
15749,-70.84174198905316
15750,-77.41836570857613
15751,-86.90623078382006
15752,-32.64979124265535
15753,-60.39396325413938
15754,-69.6651526046994
15755,-4.73170587679086
15756,37.02200338479472
15757,-59.09159175490824
15758,41.45334838966922
15759,68.63930613011989
15760,42.75025316219538
15761,-30.66751613232394
15762,62.68091719348635
15763,59.921964203434754
15764,0.9595493978677196
15765,63.558068889278346
15766,-33.09863513987849
15767,-7.697195681007859
15768,-56.60565769500823
15769,-82.40051840708722
15770,-28.12619289854407
15771,42.694554967830975
15772,-1.623289693444283
15773,38.50777150391818
15774,-3.484374082342346
15775,-5.803841342292989
15776,-11.370289322067585
15777,40.40739635910904
15778,63.48040502374969
15779,33.98164809859834
15780,-32.64979124265535
15781,-24.440646884473768
15782,-31.0147814692714
15783,69.15393557264157
15784,-16.63548084260176
15785,-75.11680061228411
15786,36.07701446037292
15787,-3.237999308187316
15788,-74.22151982053005
15789,-58.57922829247644
15790,-7.770610938028991
15791,-28.878419635848704
15792,-74.960949151342
15793,32.39583916385706
15794,38.0589426763689
15795,1.5502760496209569
15796,-63.4401368933723
15797,-60.39396325413938
15798,33.76805923159104
15799,38.14097491907049
15800,-5.568494253422903
15801,-9.503109215952271
15802,63.17407712594248
15803,-57.07713385759523
15804,-68.7375662993491
15805,-5.526745414003988
15806,-59.55695539309107
15807,-58.55924234963131
15808,66.64864688512324
15809,-56.35721274444841
15810,-2.677485168238164
15811,-85.30615444511946
15812,-77.33783647381033
15813,-57.09457567744215
15814,37.02200338479472
15815,-74.82528358614302
15816,66.26307197998982
15817,-89.71217942825265
15818,-77.6905206127511
15819,-2.952479107268374
15820,42.278470132188914
15821,-57.70097138764075
15822,42.48981537372532
15823,66.98436959269858
15824,-4.122738822437446
15825,-78.28641866459044
15826,65.1896437480137
15827,-11.606632905000613
15828,-5.711964811557621
15829,-0.3269819388709969
15830,-8.88580999714594
15831,-75.40096365325456
15832,-28.449159155277435
15833,43.4343334779446
15834,-79.97850449925723
15835,67.08939365201879
15836,72.5249223023363
15837,-9.068316801617062
15838,68.4951402771731
15839,-9.42416452999666
15840,66.81721933274119
15841,-78.75790599010374
15842,-27.587701808526887
15843,-58.49337764555049
15844,51.21694913600259
15845,-61.40715265847752
15846,58.0290989548202
15847,-10.536859963307284
15848,-26.870665029134244
15849,57.60909039187541
15850,68.74798901315427
15851,60.70594047138769
15852,68.74798901315427
15853,-2.952479107268374
15854,-3.7867989733559337
15855,-73.36944001526484
15856,-32.05304744875304
15857,-11.606632905000613
15858,-7.864544375758991
15859,-67.69819048631462
15860,-31.0147814692714
15861,-84.12958028697955
15862,40.52438093149576
15863,-71.98253122620505
15864,-29.60477369867385
15865,-7.702414305326926
15866,-28.497082372757685
15867,47.70270334977785
15868,-3.7987576617929246
15869,-1.6270409301244633
15870,-25.07842425662288
15871,-71.98253122620505
15872,-74.26550008173017
15873,65.2113213856392
15874,-2.810613024972114
15875,62.024221612762815
15876,32.07475422394707
15877,-29.879520401546102
15878,-2.9414330647702887
15879,37.62906922802445
15880,62.806729588960806
15881,33.76914550184595
15882,-24.67836535879368
15883,-12.207747507873194
15884,-8.19037813132204
15885,48.608715640780645
15886,-64.29539892981533
15887,66.04934884046541
15888,47.05829252275402
15889,66.18861559868415
15890,-4.388990083099625
15891,-31.033226670297687
15892,-26.7292903918999
15893,57.30861918771014
15894,0.6608546787969205
15895,60.230096027092216
15896,39.78514760749165
15897,-71.46772246323928
15898,37.62906922802445
15899,-6.425757724650489
15900,-27.39437142848117
15901,38.67075251468253
15902,-24.63847941079028
15903,62.18631152590764
15904,-31.765327884484904
15905,-32.00043248637353
15906,71.44256291753491
15907,-11.81461615781755
15908,-11.81461615781755
15909,-0.0032164592788221
15910,0.64516503401074
15911,-1.9747043678474407
15912,33.93240112053927
15913,62.850457997419454
15914,-9.067145785883874
15915,-10.72909265410946
15916,35.64462258318249
15917,-85.30615444511946
15918,-30.73868875387925
15919,-78.47420644879766
15920,-0.4083433629638784
15921,-60.64547959014373
15922,-4.726567084502232
15923,61.61257741495453
15924,1.3291545771307969
15925,-68.91372509558822
15926,-3.7867989733559337
15927,35.7175301725199
15928,-64.16461038471822
15929,-71.68724251329549
15930,63.86800363823704
15931,37.710932336642855
15932,-3.484374082342346
15933,-65.21656768089206
15934,58.31210828800194
15935,0.1188891981451609
15936,-81.1010910139273
15937,-2.9414330647702887
15938,-52.66954013636107
15939,63.94093770041281
15940,-56.45983973692124
15941,-25.739173994846418
15942,-64.58826624382701
15943,-8.85517988014895
15944,-53.88537967265764
15945,-78.8603863537772
15946,-78.65863190851086
15947,-1.8447615077474704
15948,-27.587701808526887
15949,-28.00491135546381
15950,-55.59757410067319
15951,-64.16461038471822
15952,-25.47680421146636
15953,-7.247548336202339
15954,-53.97289796929249
15955,-29.40639082355972
15956,-7.819579745958057
15957,-0.6895438430115917
15958,49.25853343859251
15959,-6.262134030509488
15960,-10.870070699035583
15961,-5.315328626284029
15962,42.62243523436442
15963,44.46553042122281
15964,-64.58826624382701
15965,-27.587701808526887
15966,33.98677165170219
15967,-14.97404002832448
15968,-32.367091440225174
15969,57.90937642096512
15970,-8.33314127965221
15971,-62.10486611308126
15972,-8.959164739232442
15973,-79.97850449925723
15974,-4.888252172613621
15975,-61.975730038567775
15976,-2.658749438861149
15977,-74.26550008173017
15978,-59.65981270407525
15979,-0.3325052923485874
15980,-5.803841342292989
15981,-83.47012598126372
15982,-78.51810406895677
15983,-7.157322687848996
15984,-12.207747507873194
15985,63.34275046047471
15986,41.63514551062149
15987,57.60909039187541
15988,65.00501239915242
15989,-6.973369898253004
15990,32.82049670958371
15991,63.10183698540844
15992,-62.33392194035631
15993,-0.1531940596306754
15994,69.58481441815987
15995,51.58098520410463
15996,-4.38301063314476
15997,-79.97850449925723
15998,-7.110654011959582
15999,31.81316199742358
16000,62.80892477838216
16001,-1.880323668191428
16002,42.78029647969901
16003,61.90849452082455
16004,-33.689637659235466
16005,-37.05484573914689
16006,-4.498661017727796
16007,-11.353499482248564
16008,-37.05484573914689
16009,36.86946380619902
16010,-27.84737188831645
16011,-78.5709511913441
16012,-9.10470283519806
16013,-21.707854914421265
16014,-21.707854914421265
16015,-4.921781562384097
16016,29.314573875009344
16017,-6.29501248257905
16018,3.076515570884081
16019,63.2308092109467
16020,-74.04980425330353
16021,70.0112958744458
16022,-15.095432633297586
16023,39.42695760472124
16024,-7.054994020909744
16025,-5.6739407349576245
16026,44.60918605618478
16027,45.19613718405056
16028,34.51147122461555
16029,-2.109659340337007
16030,-62.25629523523449
16031,58.0290989548202
16032,-56.19899120624533
16033,-65.60263785950121
16034,-79.97850449925723
16035,62.024221612762815
16036,44.45666612321483
16037,-27.82319517959261
16038,-72.19394074393148
16039,41.74757353227488
16040,35.36440167355997
16041,-72.48059600281765
16042,-3.330914854262727
16043,-3.7224673988430994
16044,45.159797901410535
16045,45.90740170393419
16046,-13.568633220979317
16047,-28.338860745472587
16048,32.07475422394707
16049,-8.366355879497274
16050,-74.80720856661937
16051,-4.388990083099625
16052,-81.55617938517004
16053,38.55044675236282
16054,-22.751403681660243
16055,-5.77361686641304
16056,57.30861918771014
16057,-67.8479598698783
16058,-59.65981270407525
16059,0.2137006947014161
16060,58.0277555882826
16061,-28.15140331320636
16062,-80.24983797395078
16063,-74.05143203842334
16064,-30.48882683249501
16065,-65.04724963100018
16066,-2.3557888558310403
16067,40.56222056919815
16068,-58.87387227910907
16069,-4.06696144226066
16070,40.40739635910904
16071,69.04440716874316
16072,-83.48107220618496
16073,-56.72024966062942
16074,33.93240112053927
16075,63.2308092109467
16076,-24.2067199525018
16077,0.6280090738232902
16078,-32.96395949097674
16079,2.243003834999066
16080,-27.82319517959261
16081,-2.220152378584106
16082,63.94462276089753
16083,-68.36848556456536
16084,35.64462258318249
16085,0.032469049564419
16086,-2.0467074259523934
16087,69.04440716874316
16088,45.92387913926341
16089,-9.795275343158124
16090,-60.45146431927914
16091,-61.94375933438689
16092,-75.09414893872786
16093,-28.338860745472587
16094,-19.118052201541204
16095,-1.7681291658305882
16096,-38.31666404855487
16097,61.76962692107463
16098,29.05862710582332
16099,-1.1138519276941024
16100,43.87995392614042
16101,-24.79493094288233
16102,66.03373035419388
16103,-74.3235273917872
16104,-83.49469975886973
16105,-75.11680061228411
16106,-28.878419635848704
16107,-15.198140486736062
16108,3.117138087883924
16109,64.80075402765097
16110,-79.2709072515973
16111,-4.837880635596697
16112,-81.55385030960502
16113,-4.480862697803834
16114,-8.012687037496153
16115,-63.00284301175658
16116,47.453388964764166
16117,-7.054994020909744
16118,-58.67964344088848
16119,-11.56069059932884
16120,9.516264552159717
16121,-5.233155899876388
16122,-28.338860745472587
16123,-11.353499482248564
16124,-5.182803939167617
16125,-6.103236786328566
16126,-5.895536575115985
16127,-1.1522132370205511
16128,-27.732704296854408
16129,-62.11040028357069
16130,-9.178594151424011
16131,64.0313407247174
16132,-1.8908482401284403
16133,1.9212366497769915
16134,-23.84855564151899
16135,-56.67456793308353
16136,35.6853901499652
16137,-77.09571078305727
16138,-78.6560627172008
16139,63.129233766891815
16140,-36.03933110767888
16141,63.08973766173885
16142,-3.4093424513129067
16143,-75.2805443735094
16144,33.39429836290204
16145,63.17407712594248
16146,60.89083229955201
16147,-2.457532630144807
16148,33.76914550184595
16149,-30.73868875387925
16150,-15.746462524291056
16151,-59.556165575986846
16152,-24.67950854011711
16153,-2.476402692281285
16154,-3.7224673988430994
16155,-32.64979124265535
16156,-36.50523468709352
16157,-9.178594151424011
16158,-1.623289693444283
16159,-8.830824176828699
16160,-3.1313188327110484
16161,36.76949934455587
16162,60.03995710361875
16163,-31.0147814692714
16164,39.69169093738822
16165,-21.368465049899832
16166,-61.653928708796485
16167,-28.66037414843268
16168,-58.997955323054605
16169,-4.658882441613569
16170,-10.67000906257512
16171,-57.70097138764075
16172,36.86946380619902
16173,-61.69922029441774
16174,57.65426869822588
16175,45.27198840709382
16176,47.68119632508054
16177,-6.882986964230277
16178,-61.97395310524957
16179,0.074816544910091
16180,-5.051908997479654
16181,-78.30403335163335
16182,-7.199752345721745
16183,-1.1522132370205511
16184,-74.65412014930483
16185,59.921964203434754
16186,63.86800363823704
16187,-58.49337764555049
16188,-3.747419935093149
16189,32.47591400562445
16190,34.150728845216705
16191,70.0112958744458
16192,-2.4913245264691244
16193,-29.763383999776664
16194,-8.364863777447695
16195,-70.04963604260544
16196,-78.27788858786272
16197,45.9853086646261
16198,-37.05484573914689
16199,-53.97289796929249
16200,-19.34133219820863
16201,-75.79726018509194
16202,0.0901668034689002
16203,-3.053389787646088
16204,36.993736928227385
16205,-24.30955882524672
16206,66.4492131857244
16207,-30.73868875387925
16208,38.83924632331911
16209,-23.08869264946294
16210,-74.65412014930483
16211,-33.19172815985006
16212,-8.959164739232442
16213,63.17407712594248
16214,-64.73824311447436
16215,-28.296012614676265
16216,66.81721933274119
16217,-5.285231062968303
16218,37.090949580581054
16219,-23.7966649896523
16220,-3.053389787646088
16221,-13.917951173400484
16222,-11.254076425993022
16223,70.12647848222437
16224,-60.64547959014373
16225,47.17038987722906
16226,-62.77144168279721
16227,-84.12958028697955
16228,-74.67894505904209
16229,-67.72506767060736
16230,-86.90623078382006
16231,63.94093770041281
16232,-8.931927393244484
16233,44.38452490436569
16234,66.81721933274119
16235,-60.71026658371541
16236,-80.24983797395078
16237,60.02705875395085
16238,63.24086933845946
16239,-2.5618051503427743
16240,-2.5763981814313315
16241,-3.484374082342346
16242,-82.40051840708722
16243,-60.39396325413938
16244,-27.84737188831645
16245,-83.425136434926
16246,64.9781227395051
16247,-80.96832305310993
16248,-7.198984806553479
16249,-61.990080853796215
16250,-64.58826624382701
16251,-8.364863777447695
16252,-7.199752345721745
16253,-61.7632306726356
16254,-76.84660277963849
16255,75.92600003876784
16256,-25.630677234929472
16257,-59.68233874469167
16258,-12.207747507873194
16259,-61.23701126691434
16260,-58.55924234963131
16261,-11.116708648143105
16262,-62.10486611308126
16263,-70.74809837749142
16264,52.65014658866186
16265,-78.65837842426274
16266,-75.08474020259523
16267,-73.12665909596748
16268,66.81721933274119
16269,-62.25629523523449
16270,65.45689067357362
16271,-56.18903370830737
16272,52.098809096565134
16273,37.02200338479472
16274,-61.975730038567775
16275,-15.257597386883814
16276,39.70767120678016
16277,57.30861918771014
16278,-66.71061182297301
16279,-0.3235584173362209
16280,-6.29501248257905
16281,-34.52467559054617
16282,41.588250001390506
16283,63.77877205082896
16284,-11.254076425993022
16285,60.57761558593579
16286,4.6971719454683125
16287,-65.04724963100018
16288,-15.095432633297586
16289,-9.169819456307344
16290,-7.770610938028991
16291,3.076515570884081
16292,60.57761558593579
16293,-78.9075226144597
16294,-28.43479035170235
16295,57.7431413488117
16296,40.12407222591955
16297,-11.353499482248564
16298,-1.1982169719351434
16299,63.86800363823704
16300,-27.342821985994004
16301,-0.8743153700527868
16302,-0.093478447489903
16303,-28.12619289854407
16304,-3.212855474239533
16305,-3.053389787646088
16306,-55.74505754515649
16307,-2.239239704808485
16308,-10.72063321422104
16309,-74.82083884602093
16310,-5.774871368949427
16311,-36.50523468709352
16312,-35.61357249689538
16313,-61.40715265847752
16314,69.06479312232285
16315,-75.09414893872786
16316,-10.41713732142938
16317,-56.69382255323752
16318,-77.04633008578185
16319,-74.97022077517954
16320,39.37689867482332
16321,-62.096757212898005
16322,74.39105560743431
16323,40.80648586922674
16324,4.9059705938402205
16325,-65.21656768089206
16326,72.78542436600289
16327,-7.198984806553479
16328,65.96344997585193
16329,-9.47590194313502
16330,-6.861957446061281
16331,36.28371566299834
16332,32.47591400562445
16333,-11.60028577879906
16334,-23.29309862467265
16335,-28.22095932993653
16336,-76.08088498956586
16337,-53.46356987192068
16338,-58.74370195571287
16339,71.87331126851676
16340,-11.905909080070456
16341,38.77620711535965
16342,-32.64979124265535
16343,-1.7886303857025667
16344,-5.6739407349576245
16345,32.82049670958371
16346,60.23342507958235
16347,-13.750924987266858
16348,24.332470632947768
16349,41.08798559432974
16350,-6.504854035073383
16351,66.86559512182814
16352,-85.57405503718161
16353,-55.88334024356169
16354,-10.428034709546951
16355,44.643416951148666
16356,-74.97022077517954
16357,34.63833991896834
16358,-79.2709072515973
16359,-11.905909080070456
16360,-12.51008355052618
16361,42.62838164108906
16362,38.0589426763689
16363,-2.376669210031688
16364,-1.6244393981454124
16365,64.10559358876895
16366,-54.71200470177544
16367,29.16437533596041
16368,57.65426869822588
16369,-53.81319110073403
16370,1.3934777717665567
16371,-13.917951173400484
16372,-61.975730038567775
16373,-28.04935549131985
16374,2.2215815837255897
16375,-61.54442573556059
16376,61.76962692107463
16377,-0.6543101608619448
16378,-85.30615444511946
16379,45.89690994253906
16380,-73.36944001526484
16381,-4.06696144226066
16382,-75.79726018509194
16383,3.0382925221144848
16384,-28.871508462154708
16385,63.34275046047471
16386,42.301262265457154
16387,-2.706674336087411
16388,-6.503817251894731
16389,-87.55769551881063
16390,-6.676815999408158
16391,-31.765327884484904
16392,-12.550048488354474
16393,-6.510634763067767
16394,-55.26222223468169
16395,-21.707854914421265
16396,-61.601950041461095
16397,-58.74370195571287
16398,35.7175301725199
16399,1.863334852124084
16400,-6.861957446061281
16401,67.35941981867032
16402,-59.556165575986846
16403,-27.58714602295304
16404,36.28371566299834
16405,41.597666324346726
16406,-62.16510173829362
16407,-91.43797208555776
16408,-0.4487370743095171
16409,-9.42416452999666
16410,-56.19899120624533
16411,28.509895590848927
16412,-26.55021949931664
16413,-87.55769551881063
16414,-11.60028577879906
16415,-36.50523468709352
16416,-10.507878617894184
16417,-78.48227050821133
16418,-67.45713062478627
16419,-32.00043248637353
16420,-27.82319517959261
16421,-5.711964811557621
16422,-78.5709511913441
16423,-64.73824311447436
16424,-85.81888822221876
16425,-33.19172815985006
16426,-26.77503773475722
16427,-55.16163153811053
16428,-10.41713732142938
16429,-74.05143203842334
16430,61.60016429655485
16431,-70.1841051736792
16432,-0.6543101608619448
16433,70.43240898672296
16434,-28.326348369065645
16435,-4.837880635596697
16436,-2.677485168238164
16437,-4.388990083099625
16438,43.235284048907054
16439,-5.711964811557621
16440,42.64281694673292
16441,-9.082674278628629
16442,-55.48664156116306
16443,-4.595613860335325
16444,-4.792785637527022
16445,-8.959164739232442
16446,35.7175301725199
16447,-11.56069059932884
16448,29.75207044541952
16449,-78.65837842426274
16450,60.85863015200236
16451,-28.43479035170235
16452,57.7431413488117
16453,-5.554314790291093
16454,34.64663784529522
16455,-4.987293530292225
16456,-7.198984806553479
16457,73.09345324061701
16458,0.8082695795868804
16459,62.77879497715671
16460,-2.5763981814313315
16461,-27.342821985994004
16462,-1.6244393981454124
16463,-6.882986964230277
16464,-37.05484573914689
16465,-25.779346162564742
16466,-75.42730118010475
16467,-3.5357483942494965
16468,-5.568494253422903
16469,-3.747419935093149
16470,-61.54442573556059
16471,-76.42835226438999
16472,65.04527218071553
16473,60.70594047138769
16474,48.53651756344331
16475,32.47591400562445
16476,-77.9562813258485
16477,-0.1606833633345799
16478,-35.199738273347386
16479,-5.182803939167617
16480,-54.75217322085346
16481,-10.72063321422104
16482,-15.746462524291056
16483,-73.8477265185806
16484,-7.666826276406525
16485,-85.30615444511946
16486,-33.689637659235466
16487,-11.56069059932884
16488,-73.66443169164229
16489,60.02705875395085
16490,-60.78929310072806
16491,-35.715887726564475
16492,39.69169093738822
16493,-31.033226670297687
16494,-55.66883223704506
16495,-66.71061182297301
16496,-27.58714602295304
16497,-6.164591507727729
16498,-85.81888822221876
16499,-74.76875875799821
16500,58.0290989548202
16501,-64.22288357339555
16502,36.07701446037292
16503,40.0699350812238
16504,-6.882986964230277
16505,-54.19269749680141
16506,-6.973369898253004
16507,-58.4137022390298
16508,-65.23964551548683
16509,-10.67000906257512
16510,-41.0767919010293
16511,-1.6244393981454124
16512,-77.40752964244456
16513,38.0589426763689
16514,61.816404151055416
16515,-78.51810406895677
16516,-73.70011681905785
16517,37.62906922802445
16518,2.632194467766751
16519,-7.697195681007859
16520,-79.2709072515973
16521,48.608715640780645
16522,-62.69489088861876
16523,1.9212366497769915
16524,-28.497082372757685
16525,-26.7292903918999
16526,-6.861957446061281
16527,-31.970893104234328
16528,66.18861559868415
16529,41.63514551062149
16530,6.812373153106954
16531,73.43229673754709
16532,-10.72063321422104
16533,68.50730254332161
16534,29.75207044541952
16535,-1.4261906060165623
16536,-31.0147814692714
16537,40.890700000860136
16538,70.73025378677758
16539,-7.666826276406525
16540,-73.12665909596748
16541,37.090949580581054
16542,-24.694758845015528
16543,41.64255656133269
16544,-60.81871392275352
16545,-58.74370195571287
16546,-7.666826276406525
16547,-28.24052721497167
16548,36.28371566299834
16549,63.40513875347811
16550,-27.60359985182725
16551,-60.79528045160991
16552,-55.66883223704506
16553,61.58877634946076
16554,-10.103722750936996
16555,-8.97977545851813
16556,-9.639564173669877
16557,-74.76875875799821
16558,-60.64547959014373
16559,69.18360796951532
16560,-5.76569708896619
16561,-9.987977057452069
16562,-5.803841342292989
16563,-24.242192587248724
16564,-26.425486049934896
16565,-2.353078386643684
16566,29.16437533596041
16567,-35.61357249689538
16568,-9.067145785883874
16569,-24.79493094288233
16570,-0.3269819388709969
16571,-8.33314127965221
16572,-8.677334416189339
16573,-32.17158321895306
16574,64.5587101372862
16575,-2.706674336087411
16576,-7.247548336202339
16577,-28.24052721497167
16578,57.90937642096512
16579,-79.2556544558028
16580,-26.67243607287221
16581,-63.58705267320541
16582,-61.990080853796215
16583,-74.65412014930483
16584,-28.878419635848704
16585,-73.38480612221115
16586,41.59989835195746
16587,44.38452490436569
16588,45.38558136181462
16589,38.83924632331911
16590,45.076728669348256
16591,-37.05484573914689
16592,-6.30474168179044
16593,-9.540578741572094
16594,34.91382269695195
16595,-26.15604081006965
16596,60.70594047138769
16597,-33.19172815985006
16598,-60.07820195517669
16599,-25.82807926706146
16600,-55.1261822547005
16601,66.97457369344497
16602,37.62906922802445
16603,-3.330914854262727
16604,-31.0147814692714
16605,-24.95862188930664
16606,-3.707987713548498
16607,-51.787204230340215
16608,42.62838164108906
16609,-26.61477558115063
16610,61.2725928980116
16611,-74.67894505904209
16612,-7.15529199906461
16613,-7.966596713717026
16614,-0.1606833633345799
16615,-65.29185300850884
16616,33.76914550184595
16617,-10.67000906257512
16618,46.22156886763066
16619,-63.58705267320541
16620,-0.3269819388709969
16621,-10.870070699035583
16622,64.59634111755116
16623,72.50998489426182
16624,-22.63160637059688
16625,-55.44543227627332
16626,40.80648586922674
16627,49.402179823564914
16628,-80.24983797395078
16629,-4.301607553789765
16630,-8.86094469949376
16631,-65.04724963100018
16632,-77.40752964244456
16633,-78.60946594809188
16634,39.37689867482332
16635,48.41645988443008
16636,-12.1510756634976
16637,-85.57405503718161
16638,-5.803841342292989
16639,42.428695005615474
16640,-62.146679748849785
16641,38.64135377211379
16642,-32.17158321895306
16643,-77.63677728291985
16644,-3.329229878194065
16645,-79.97850449925723
16646,-57.55320823876653
16647,62.18631152590764
16648,-7.966596713717026
16649,-8.88580999714594
16650,-20.92698014561326
16651,-8.931927393244484
16652,34.90067324606688
16653,-1.7145438248865563
16654,64.10559358876895
16655,33.76805923159104
16656,-61.60855300332878
16657,-6.157538664923608
16658,-1.1522132370205511
16659,-60.00560971866762
16660,34.91382269695195
16661,-76.10696493933895
16662,-61.60855300332878
16663,-72.12392821934607
16664,68.1825490640463
16665,-59.65981270407525
16666,-3.7987576617929246
16667,-78.75790599010374
16668,-32.05304744875304
16669,66.88026351399931
16670,-11.60028577879906
16671,-77.32357190101396
16672,-59.68233874469167
16673,63.08973766173885
16674,-3.7987576617929246
16675,60.70594047138769
16676,-73.90750354382773
16677,-6.504854035073383
16678,-79.08871899141032
16679,43.67365180188168
16680,0.2137006947014161
16681,-74.11903473752314
16682,-25.42746144914289
16683,-12.1510756634976
16684,71.43172076712086
16685,37.090949580581054
16686,-3.747419935093149
16687,0.2805623497640808
16688,0.9595493978677196
16689,-33.67024930399473
16690,-74.31051794057096
16691,39.83671372396141
16692,41.42268870930243
16693,-11.254076425993022
16694,-6.733120718715297
16695,-9.47590194313502
16696,40.63457035306929
16697,-76.10696493933895
16698,-3.138178484404224
16699,-8.364863777447695
16700,68.56861091781056
16701,-27.15457036442493
16702,61.2725928980116
16703,-21.414262615745344
16704,-31.765327884484904
16705,-65.95297308206403
16706,65.45689067357362
16707,33.93240112053927
16708,1.5274874205835682
16709,-54.9274972681969
16710,68.05912150135731
16711,-28.40063372986669
16712,-62.10486611308126
16713,-65.29185300850884
16714,-26.67243607287221
16715,45.79786498893104
16716,58.0277555882826
16717,-13.59772017651791
16718,-4.405263027309621
16719,33.76914550184595
16720,-74.65412014930483
16721,35.36440167355997
16722,47.48421706637281
16723,-57.09457567744215
16724,-28.43479035170235
16725,71.51305339425102
16726,-64.30221838875516
16727,-60.27978702699981
16728,-11.606632905000613
16729,60.57761558593579
16730,36.993736928227385
16731,44.77989523601649
16732,-81.55617938517004
16733,3.781837164132754
16734,67.89907559762237
16735,-10.67000906257512
16736,-36.03933110767888
16737,-6.504854035073383
16738,67.84755905314512
16739,65.53081464378943
16740,33.39429836290204
16741,-5.6739407349576245
16742,39.37689867482332
16743,-5.044778735535861
16744,-59.55695539309107
16745,-9.639564173669877
16746,-74.65412014930483
16747,33.76805923159104
16748,-62.11040028357069
16749,-8.854627928675276
16750,-78.71911783830963
16751,-27.46765690496823
16752,34.63833991896834
16753,-15.746462524291056
16754,-8.959164739232442
16755,-3.6758155051597705
16756,58.0277555882826
16757,33.76914550184595
16758,-4.40405735590674
16759,42.85978317829104
16760,60.64814532141276
16761,-62.839733967886936
16762,70.60938888454267
16763,66.88005719784742
16764,-8.279011661979986
16765,1.3649480726502663
16766,42.62838164108906
16767,3.3987444186729223
16768,-26.309075936558383
16769,-85.57405503718161
16770,-28.871508462154708
16771,-6.233396420219314
16772,59.224345502698895
16773,-55.661190000692
16774,-9.548523431939705
16775,-28.24052721497167
16776,-85.30615444511946
16777,-62.69489088861876
16778,-27.35531385806086
16779,-59.50176237401951
16780,-4.209076231097155
16781,-6.29501248257905
16782,-68.91372509558822
16783,63.17111301188635
16784,41.49944737956094
16785,-2.952479107268374
16786,-85.81888822221876
16787,-80.96832305310993
16788,60.30278813376276
16789,-11.905909080070456
16790,-24.95862188930664
16791,0.1920909818694423
16792,-25.04506215968328
16793,-23.84855564151899
16794,-62.146679748849785
16795,67.90754867433685
16796,-11.81461615781755
16797,-78.28641866459044
16798,-77.40752964244456
16799,-55.39157834068045
16800,68.1825490640463
16801,62.24548056760761
16802,-78.48227050821133
16803,2.096782606596987
16804,-3.1313188327110484
16805,-24.751297078832987
16806,-59.68233874469167
16807,-1.8908482401284403
16808,-77.32357190101396
16809,-59.82696259814537
16810,-13.59772017651791
16811,-55.1261822547005
16812,-6.861957446061281
16813,41.321388504742565
16814,35.71379419626344
16815,59.32728590164106
16816,64.5190811220432
16817,63.85562574260193
16818,-62.33392194035631
16819,-76.68221050468915
16820,-65.95297308206403
16821,-15.741262340975435
16822,-10.437437322129046
16823,-8.279011661979986
16824,31.81316199742358
16825,-7.702414305326926
16826,-28.12734853910203
16827,-78.5709511913441
16828,44.60918605618478
16829,-6.262134030509488
16830,63.49664945365152
16831,-5.335430452437999
16832,-2.476402692281285
16833,-12.793279934627323
16834,-0.7643966400862381
16835,-12.793279934627323
16836,34.68946318190259
16837,-74.65412014930483
16838,-58.87387227910907
16839,-26.16642695917148
16840,-5.711964811557621
16841,60.02705875395085
16842,-7.966596713717026
16843,66.55867243790382
16844,44.81988864939567
16845,-2.331844557191633
16846,-75.80022862593911
16847,33.76805923159104
16848,-57.49268215046066
16849,-30.30058266505918
16850,41.15183104009259
16851,47.19029074245035
16852,58.31210828800194
16853,38.67075251468253
16854,-61.60855300332878
16855,67.79381415902795
16856,-2.677485168238164
16857,43.235284048907054
16858,-8.7887386169614
16859,1.668737133889182
16860,44.38452490436569
16861,46.12488927650338
16862,29.16437533596041
16863,-57.936260578928426
16864,-8.88580999714594
16865,70.20853504900825
16866,-10.995280956706615
16867,64.0313407247174
16868,-81.55617938517004
16869,62.60347398720671
16870,-36.50523468709352
16871,-25.140436687624792
16872,-8.931927393244484
16873,-2.476402692281285
16874,5.910848485062498
16875,-4.73170587679086
16876,-77.09571078305727
16877,-13.068467919040993
16878,-76.35234050644988
16879,-7.375331166315614
16880,-58.4137022390298
16881,-16.63548084260176
16882,-24.694758845015528
16883,-6.389326600000408
16884,-73.12665909596748
16885,-81.1010910139273
16886,65.53081464378943
16887,-5.554314790291093
16888,-3.95460487133563
16889,45.89690994253906
16890,-59.55093285661956
16891,-11.56069059932884
16892,-11.60028577879906
16893,-8.279011661979986
16894,-2.8483040645597235
16895,34.150728845216705
16896,-9.10470283519806
16897,-1.2183605354948668
16898,-61.97395310524957
16899,-72.12392821934607
16900,-35.61357249689538
16901,-62.096757212898005
16902,-5.916702007664617
16903,64.5587101372862
16904,-8.88580999714594
16905,63.73453743498676
16906,31.81316199742358
16907,66.88005719784742
16908,-2.5763981814313315
16909,40.7413050551993
16910,-12.550048488354474
16911,-10.428034709546951
16912,-70.05757486339904
16913,37.68932995698598
16914,-9.631818042003538
16915,-73.01578897304836
16916,46.63064858290435
16917,-83.49469975886973
16918,57.90937642096512
16919,-78.28641866459044
16920,67.89907559762237
16921,-87.55769551881063
16922,-74.31051794057096
16923,-24.71652658799916
16924,24.332470632947768
16925,-23.84855564151899
16926,-29.179036757287665
16927,-8.33314127965221
16928,-1.076700895477141
16929,38.048664881988735
16930,-1.1522132370205511
16931,-1.1138519276941024
16932,-37.05484573914689
16933,-60.81871392275352
16934,-76.46412091206015
16935,36.993736928227385
16936,61.58877634946076
16937,-9.319038337792474
16938,-56.52826024011304
16939,63.49664945365152
16940,70.73025378677758
16941,-5.439128023605749
16942,35.67844977385289
16943,60.03995710361875
16944,67.89907559762237
16945,-26.55021949931664
16946,41.00837675584922
16947,1.9212366497769915
16948,-67.69819048631462
16949,35.67844977385289
16950,-22.702530222174264
16951,38.771879875671104
16952,57.7431413488117
16953,-9.205580388785275
16954,-10.41713732142938
16955,4.631106035980382
16956,-8.364863777447695
16957,38.0589426763689
16958,46.21238181964182
16959,-67.6963662535897
16960,73.73111777083852
16961,-34.52467559054617
16962,-60.00560971866762
16963,-26.600238991539
16964,-61.97884181384025
16965,60.70594047138769
16966,-15.746462524291056
16967,38.93350095432572
16968,-56.812814599412754
16969,38.64135377211379
16970,1.927343584691884
16971,-76.08088498956586
16972,-27.196320125794152
16973,67.05765334311432
16974,64.75542175136968
16975,-78.47420644879766
16976,41.597666324346726
16977,66.86559512182814
16978,-7.666826276406525
16979,-3.330914854262727
16980,-32.96395949097674
16981,-5.774871368949427
16982,-7.247548336202339
16983,-25.12912697449785
16984,-54.99985239843331
16985,60.35199537284139
16986,-65.21656768089206
16987,-62.839733967886936
16988,-1.9259714561071544
16989,-91.07258558644624
16990,-9.503109215952271
16991,-59.60227944014379
16992,-10.507878617894184
16993,-55.86120975671924
16994,-24.24326996498481
16995,62.850457997419454
16996,-36.50523468709352
16997,28.509895590848927
16998,-15.198140486736062
16999,63.85562574260193
17000,38.19690870462655
17001,34.51147122461555
17002,69.11082206825617
17003,40.56222056919815
17004,36.79548780417282
17005,57.60909039187541
17006,38.771879875671104
17007,-9.65043775098157
17008,-74.67920717470433
17009,-10.507878617894184
17010,-60.91744509146131
17011,63.10183698540844
17012,28.509895590848927
17013,-6.262134030509488
17014,-62.11040028357069
17015,76.99178934596274
17016,58.0290989548202
17017,-57.70097138764075
17018,65.53374587992406
17019,43.89043964533398
17020,1.872716837001157
17021,60.23342507958235
17022,-9.082674278628629
17023,-4.301607553789765
17024,-27.732704296854408
17025,66.18861559868415
17026,40.567359316605874
17027,-65.23964551548683
17028,-31.765327884484904
17029,-4.224687233125131
17030,-24.046766182858946
17031,-30.06447878150209
17032,-58.30344473219359
17033,-16.63548084260176
17034,-8.191601789365674
17035,-66.71061182297301
17036,-5.674939695660651
17037,-83.425136434926
17038,37.090949580581054
17039,-77.04633008578185
17040,-79.38716142153318
17041,61.60016429655485
17042,-8.959164739232442
17043,45.331119720489696
17044,60.230096027092216
17045,-60.768706627827946
17046,-7.110654011959582
17047,-7.770610938028991
17048,-85.57405503718161
17049,39.37689867482332
17050,-31.532706128689007
17051,64.9781227395051
17052,-7.94058376546899
17053,-13.068467919040993
17054,-9.65043775098157
17055,60.64814532141276
17056,0.1188891981451609
17057,-81.1010910139273
17058,57.30861918771014
17059,39.02997167321645
17060,-11.905909080070456
17061,-15.231231966706488
17062,39.69169093738822
17063,-16.81477914506199
17064,42.27272442473612
17065,-8.959164739232442
17066,-71.40996169572179
17067,-7.770610938028991
17068,-33.67024930399473
17069,-2.457532630144807
17070,-65.95297308206403
17071,36.28371566299834
17072,-5.803841342292989
17073,-65.60263785950121
17074,73.63639026586033
17075,-62.839733967886936
17076,60.30278813376276
17077,-2.5763981814313315
17078,63.558068889278346
17079,-69.69966238869395
17080,63.95516254184481
17081,-61.7632306726356
17082,-4.73170587679086
17083,-10.41713732142938
17084,62.24548056760761
17085,-28.449159155277435
17086,-14.769418087449218
17087,-76.68221050468915
17088,-16.63548084260176
17089,45.95640153413133
17090,-3.8829255749163214
17091,-77.8152338255305
17092,41.46299335481227
17093,-5.117485459099424
17094,-29.879520401546102
17095,37.58716943568372
17096,-26.870665029134244
17097,69.11082206825617
17098,-75.79726018509194
17099,-78.48227050821133
17100,0.074816544910091
17101,-59.31363698665989
17102,-60.612010272288224
17103,-11.116708648143105
17104,-83.49469975886973
17105,-1.4261906060165623
17106,-77.40752964244456
17107,-62.16510173829362
17108,-3.649825472452156
17109,33.76805923159104
17110,-32.05304744875304
17111,-23.05614235102733
17112,62.77879497715671
17113,-57.70097138764075
17114,-73.0354612483532
17115,52.098809096565134
17116,-59.09159175490824
17117,-58.997955323054605
17118,-74.31051794057096
17119,-70.12185551361438
17120,-9.65043775098157
17121,-31.532706128689007
17122,-8.85517988014895
17123,44.3423801686921
17124,60.57761558593579
17125,-2.109659340337007
17126,57.90937642096512
17127,-25.82807926706146
17128,35.71379419626344
17129,-9.590792753709932
17130,-13.568633220979317
17131,-6.510634763067767
17132,-58.697420016029845
17133,33.98677165170219
17134,62.81000168012324
17135,-70.91621890125317
17136,-5.8959775593028825
17137,-24.38322125136452
17138,-9.65043775098157
17139,-2.677485168238164
17140,-79.38716142153318
17141,60.230096027092216
17142,-74.42170827015214
17143,-31.465283692896342
17144,45.159797901410535
17145,63.129233766891815
17146,57.7431413488117
17147,-32.05304744875304
17148,0.870956203727582
17149,-5.53530434478296
17150,-4.40405735590674
17151,39.70767120678016
17152,-58.16749128614836
17153,-9.356172930971978
17154,-60.46743723250786
17155,-65.23964551548683
17156,-59.51114197720008
17157,57.90937642096512
17158,-0.0978156526995563
17159,-76.04278804224907
17160,-69.69209294066788
17161,-73.96606835261507
17162,-3.707987713548498
17163,-22.73478084128816
17164,56.53758798734266
17165,-5.916702007664617
17166,-25.36342485364972
17167,-1.9747043678474407
17168,-6.709940047029831
17169,-60.78256803353203
17170,65.19497947409617
17171,-65.60263785950121
17172,-15.095432633297586
17173,57.65426869822588
17174,45.159797901410535
17175,65.19497947409617
17176,-25.82807926706146
17177,34.68946318190259
17178,-3.95460487133563
17179,-61.7632306726356
17180,32.47591400562445
17181,-30.07698010658938
17182,-33.09863513987849
17183,-25.097429976059928
17184,-5.77361686641304
17185,-9.639564173669877
17186,-69.69209294066788
17187,63.24345911460737
17188,-35.61357249689538
17189,-58.30344473219359
17190,-11.353499482248564
17191,-78.28641866459044
17192,-33.09863513987849
17193,-59.09159175490824
17194,-8.33314127965221
17195,-2.4407180708757936
17196,-78.65837842426274
17197,29.05862710582332
17198,-34.42527902866888
17199,-72.71251542482312
17200,-9.364067539406424
17201,-6.861957446061281
17202,-12.8783189775135
17203,-6.0234171220075385
17204,-7.666826276406525
17205,-64.84942368898264
17206,-5.77361686641304
17207,-4.373896923424002
17208,-77.93204540354544
17209,-14.769418087449218
17210,-24.2067199525018
17211,68.06362684325134
17212,-60.91744509146131
17213,-26.148610403212142
17214,-29.879520401546102
17215,-58.69230015822414
17216,-60.39222867914857
17217,-61.990080853796215
17218,-74.65412014930483
17219,-7.966596713717026
17220,65.65152841086658
17221,-8.05874125919321
17222,-74.28947868439936
17223,59.32728590164106
17224,43.87995392614042
17225,-10.428034709546951
17226,31.81316199742358
17227,-77.06369466188457
17228,-30.06447878150209
17229,33.39429836290204
17230,-25.87101568095265
17231,-13.917951173400484
17232,-9.00730462647964
17233,58.31210828800194
17234,41.5592224402108
17235,-6.425757724650489
17236,40.0699350812238
17237,-73.96606835261507
17238,58.59497297528896
17239,-6.34456222656904
17240,-63.89045597399472
17241,-11.919443153528531
17242,-67.32643281826714
17243,43.98669823716735
17244,-12.550048488354474
17245,36.993736928227385
17246,-35.60382812888295
17247,-29.879520401546102
17248,-9.639564173669877
17249,-28.453905988990787
17250,-10.870070699035583
17251,-15.257597386883814
17252,0.0619109145309328
17253,-5.991327902787791
17254,61.816404151055416
17255,61.84293179984744
17256,-50.221399732202826
17257,-74.31051794057096
17258,63.9451426271706
17259,45.75725331323216
17260,64.18893364614844
17261,-2.5763981814313315
17262,-27.342821985994004
17263,-9.10470283519806
17264,-27.354787384868725
17265,-62.096757212898005
17266,-13.698676156143389
17267,-22.53981512901868
17268,-9.795275343158124
17269,-0.3269819388709969
17270,47.10053053571078
17271,-56.66630669590321
17272,57.95034551630181
17273,-60.845656499068056
17274,64.5587101372862
17275,57.60909039187541
17276,32.47591400562445
17277,-55.67144408709536
17278,-4.808366845269269
17279,-30.07698010658938
17280,29.16437533596041
17281,43.235284048907054
17282,-62.69489088861876
17283,-8.364863777447695
17284,37.68932995698598
17285,-65.21656768089206
17286,-27.53501220376729
17287,69.02898993839482
17288,-70.97665400873663
17289,42.27272442473612
17290,-14.97404002832448
17291,-5.13293363828876
17292,-4.007727958222894
17293,-11.905909080070456
17294,66.69753042502893
17295,36.28371566299834
17296,-20.68151049469883
17297,-24.64644385804597
17298,39.80822040912779
17299,68.56236112417442
17300,-71.41759289858881
17301,-4.076845506169204
17302,-14.769418087449218
17303,-77.06369466188457
17304,34.90067324606688
17305,65.39118659617041
17306,60.23342507958235
17307,-55.84208537033159
17308,-75.76359852190666
17309,-72.8498228932235
17310,-4.52621536727097
17311,-5.803841342292989
17312,-61.833652731821296
17313,-74.05143203842334
17314,-15.198140486736062
17315,-16.81477914506199
17316,-55.84208537033159
17317,-28.326348369065645
17318,-13.917951173400484
17319,-10.67000906257512
17320,66.4492131857244
17321,-2.5274681136028336
17322,-61.40715265847752
17323,-5.051908997479654
17324,-31.16610082911268
17325,-22.72387693378224
17326,-59.32516399127922
17327,41.64255656133269
17328,40.63457035306929
17329,67.60139225248432
17330,-8.558263349656073
17331,-5.8959775593028825
17332,-6.0234171220075385
17333,-53.49908159205607
17334,34.90067324606688
17335,41.08798559432974
17336,63.10183698540844
17337,-31.532706128689007
17338,34.8439380626953
17339,-5.526745414003988
17340,-59.82696259814537
17341,-8.279011661979986
17342,-22.75065496290295
17343,-60.768706627827946
17344,-54.99985239843331
17345,-11.918050275933924
17346,-24.87482742471889
17347,62.81000168012324
17348,-85.57405503718161
17349,-72.31525506251212
17350,56.53758798734266
17351,61.84293179984744
17352,-77.56482820086778
17353,40.80648586922674
17354,-60.78256803353203
17355,-27.29798471234312
17356,-9.205580388785275
17357,-3.484374082342346
17358,55.222927162588
17359,69.04440716874316
17360,31.81316199742358
17361,-8.931927393244484
17362,-29.072843583138503
17363,-9.65043775098157
17364,1.8000416586890604
17365,-30.07698010658938
17366,5.938949304799683
17367,-28.722435931945768
17368,-9.364067539406424
17369,38.8260450116125
17370,-3.747419935093149
17371,-60.991999532527686
17372,-77.63677728291985
17373,-30.73868875387925
17374,35.36440167355997
17375,60.30278813376276
17376,36.61779138261912
17377,-61.7632306726356
17378,41.42268870930243
17379,-77.33783647381033
17380,-74.28947868439936
17381,-58.66660900058074
17382,-5.044778735535861
17383,-5.270908831906104
17384,-15.746462524291056
17385,60.57761558593579
17386,38.7157912296619
17387,58.0290989548202
17388,-6.262134030509488
17389,36.96045307046672
17390,35.71379419626344
17391,-58.66660900058074
17392,68.05912150135731
17393,-26.55021949931664
17394,-72.97005282874485
17395,-78.47420644879766
17396,-5.439128023605749
17397,-27.15457036442493
17398,35.64462258318249
17399,-25.449320104923693
17400,-16.81477914506199
17401,43.601465865102426
17402,-8.677334416189339
17403,-21.92963249413432
17404,-37.11266671813523
17405,34.64663784529522
17406,-16.63548084260176
17407,45.89690994253906
17408,-10.41713732142938
17409,44.19259098469683
17410,-5.117485459099424
17411,-7.666826276406525
17412,44.12339958991245
17413,-75.2856104604718
17414,-60.79528045160991
17415,-12.298636773201965
17416,43.84910026865296
17417,-5.13293363828876
17418,1.525485160087244
17419,-78.28641866459044
17420,-87.55769551881063
17421,66.03373035419388
17422,-76.79966776605268
17423,-17.022298004547515
17424,31.27216517502363
17425,-62.99632779760578
17426,-59.68233874469167
17427,36.86946380619902
17428,-30.69839593461753
17429,-34.52467559054617
17430,-66.71061182297301
17431,-3.848005612811269
17432,-62.096757212898005
17433,-7.1324190185444
17434,65.96344997585193
17435,-73.90750354382773
17436,-27.29798471234312
17437,36.993736928227385
17438,-8.85517988014895
17439,-69.69966238869395
17440,-6.283274717429805
17441,60.23342507958235
17442,-79.18975262035043
17443,33.39429836290204
17444,-62.042395272670106
17445,29.16437533596041
17446,41.67608485287208
17447,-75.79726018509194
17448,-79.75969797564838
17449,-2.979442905041017
17450,-2.706674336087411
17451,-61.7632306726356
17452,-62.99632779760578
17453,-3.5347306927964253
17454,-76.43429035422248
17455,55.198402971881954
17456,-59.82112467551913
17457,-0.3235584173362209
17458,63.69741113566961
17459,-7.054994020909744
17460,69.02898993839482
17461,-12.1510756634976
17462,-27.29798471234312
17463,-72.85770617215634
17464,-74.30858518392347
17465,63.94462276089753
17466,-71.37435144450151
17467,36.96045307046672
17468,-15.746462524291056
17469,62.850457997419454
17470,-11.919443153528531
17471,-6.34456222656904
17472,-4.126343185725332
17473,-8.86094469949376
17474,-60.13639182461363
17475,-29.1067031808025
17476,-27.61725607756742
17477,-51.86268704597507
17478,40.63457035306929
17479,-5.224889995032712
17480,-4.658882441613569
17481,64.55077794448702
17482,69.1654134924049
17483,44.19259098469683
17484,69.03067801270097
17485,-66.7413399938568
17486,-5.77361686641304
17487,-79.2740626730937
17488,-71.46471346602715
17489,-74.65412014930483
17490,-74.26550008173017
17491,-56.2770233603322
17492,-10.41713732142938
17493,-59.32516399127922
17494,57.60909039187541
17495,36.76593340582296
17496,-62.16510173829362
17497,45.352753181380194
17498,-9.355344307452365
17499,-0.6682306693929192
17500,61.37920698554886
17501,39.38855356581253
17502,-5.76569708896619
17503,-5.315328626284029
17504,48.41645988443008
17505,-10.103722750936996
17506,37.68932995698598
17507,60.57761558593579
17508,2.306618491291056
17509,-8.85517988014895
17510,-11.353499482248564
17511,-59.60227944014379
17512,67.46141429573493
17513,-57.632067100352266
17514,-10.428034709546951
17515,36.61779138261912
17516,-24.046766182858946
17517,-72.12392821934607
17518,-9.548523431939705
17519,39.2437306941423
17520,57.90937642096512
17521,-74.19616818968534
17522,-30.08022754268773
17523,-5.587920173325257
17524,63.24345911460737
17525,65.39118659617041
17526,-71.27527827357339
17527,66.18861559868415
17528,-27.196320125794152
17529,64.5190811220432
17530,-29.234453720093235
17531,-6.262134030509488
17532,36.192196243746935
17533,-62.69489088861876
17534,-78.03708486460191
17535,34.150728845216705
17536,58.59497297528896
17537,-4.332467753633646
17538,-56.66630669590321
17539,1.072046674781042
17540,62.77879497715671
17541,-27.196320125794152
17542,-25.437673493007573
17543,-2.098136887973065
17544,-9.590792753709932
17545,-91.07258558644624
17546,-78.51810406895677
17547,0.2330608419046993
17548,47.8387055782244
17549,-26.67243607287221
17550,-25.723068972767145
17551,-9.47590194313502
17552,-60.00560971866762
17553,31.81316199742358
17554,-13.480295109236437
17555,-30.82835233447264
17556,-7.770610938028991
17557,-1.3450804764377595
17558,64.0313407247174
17559,-9.631818042003538
17560,-33.67024930399473
17561,34.150728845216705
17562,-77.33783647381033
17563,-10.870070699035583
17564,-56.223334467871545
17565,-78.47420644879766
17566,0.970387050573291
17567,-9.364067539406424
17568,32.2838135309433
17569,-9.035348625427613
17570,61.37920698554886
17571,-10.536859963307284
17572,34.68946318190259
17573,34.8439380626953
17574,-2.376669210031688
17575,-78.48227050821133
17576,-24.24326996498481
17577,-2.6066423652521244
17578,47.331228141432135
17579,35.7175301725199
17580,-77.88891836153672
17581,-81.55617938517004
17582,-9.892571347601807
17583,-34.42527902866888
17584,1.668737133889182
17585,-33.221631941781546
17586,60.64814532141276
17587,-15.805350086824262
17588,46.21238181964182
17589,-9.540578741572094
17590,-60.91744509146131
17591,-6.480080661892691
17592,0.7879343211382364
17593,-30.019781445462662
17594,-9.00730462647964
17595,47.19029074245035
17596,-75.4604208044712
17597,-29.1067031808025
17598,-30.019781445462662
17599,4.6971719454683125
17600,-14.208837182344483
17601,-59.82696259814537
17602,-0.3269819388709969
17603,-79.38716142153318
17604,-15.746462524291056
17605,-26.61477558115063
17606,-10.41713732142938
17607,-81.01405074458555
17608,0.64516503401074
17609,-6.645118368748172
17610,-4.85776241640896
17611,-5.439128023605749
17612,41.02828822048331
17613,-28.296012614676265
17614,-85.81888822221876
17615,65.19497947409617
17616,60.30278813376276
17617,-4.852568266111711
17618,-10.428034709546951
17619,60.23342507958235
17620,41.17869307918155
17621,60.230096027092216
17622,-22.205181004231864
17623,57.90937642096512
17624,2.2942589839644647
17625,-77.63677728291985
17626,42.46858841810198
17627,-5.53530434478296
17628,-62.146679748849785
17629,42.72306669850657
17630,-55.86120975671924
17631,-6.181528065403421
17632,-65.04724963100018
17633,35.71379419626344
17634,-7.966596713717026
17635,67.14439035902959
17636,67.40722726553673
17637,69.88643231677243
17638,-85.81888822221876
17639,37.52890738144136
17640,39.63575854897799
17641,67.60139225248432
17642,-3.623733232549126
17643,70.47675322550792
17644,-24.276366012651327
17645,-75.11680061228411
17646,-73.0354612483532
17647,-24.38322125136452
17648,40.56222056919815
17649,43.90990033569385
17650,-72.08409711618242
17651,-15.330538981993392
17652,-29.234453720093235
17653,-35.61357249689538
17654,57.90937642096512
17655,-5.554314790291093
17656,36.491744638305335
17657,-70.35122902403619
17658,57.95034551630181
17659,-65.55578539918059
17660,49.82483988703242
17661,-18.370875529489048
17662,67.08808768840659
17663,-7.375331166315614
17664,-25.437673493007573
17665,-76.59813422674921
17666,-9.035348625427613
17667,-31.532706128689007
17668,61.60016429655485
17669,67.1968773922569
17670,-32.367091440225174
17671,45.159797901410535
17672,-1.3367466786347753
17673,41.76625444577952
17674,2.426253333349948
17675,-58.66660900058074
17676,35.63476216184219
17677,-62.042395272670106
17678,-32.367091440225174
17679,37.89566845081344
17680,-62.7265333725379
17681,-9.639564173669877
17682,40.99726989179357
17683,-9.035348625427613
17684,-12.550048488354474
17685,-14.094369553026556
17686,-27.46765690496823
17687,-2.457532630144807
17688,41.49944737956094
17689,-25.16476851227091
17690,-74.28947868439936
17691,-27.673413992791776
17692,0.4755868258331901
17693,-62.69489088861876
17694,-63.19535057165078
17695,-70.66018090225147
17696,-78.03708486460191
17697,-79.08871899141032
17698,-1.6244393981454124
17699,-11.116708648143105
17700,36.74387078036278
17701,38.0589426763689
17702,-8.279011661979986
17703,-11.918050275933924
17704,-5.895536575115985
17705,-29.02090340066078
17706,-12.550048488354474
17707,-8.7887386169614
17708,-77.63677728291985
17709,-78.47420644879766
17710,-8.931927393244484
17711,-77.93204540354544
17712,66.69753042502893
17713,46.30916486536138
17714,-2.979442905041017
17715,71.05378181584284
17716,-12.1510756634976
17717,-81.42123937834226
17718,-61.601950041461095
17719,-12.51008355052618
17720,24.332470632947768
17721,-72.31525506251212
17722,-5.77361686641304
17723,59.61531407818225
17724,-61.23701126691434
17725,-62.77223902916619
17726,-58.69230015822414
17727,34.150728845216705
17728,-0.2767658746471797
17729,-11.116708648143105
17730,-0.7403427483562188
17731,-28.0127097434452
17732,-9.078302106225603
17733,-67.32643281826714
17734,40.56654904100726
17735,72.23588429338146
17736,-4.229238334246272
17737,-5.77361686641304
17738,-79.18975262035043
17739,-10.67000906257512
17740,-13.59772017651791
17741,-62.839733967886936
17742,42.87270903360068
17743,-3.138178484404224
17744,-24.8504043835744
17745,-60.08881188640099
17746,-5.342279109104746
17747,-7.054994020909744
17748,61.60016429655485
17749,-55.74505754515649
17750,-30.06447878150209
17751,-68.590120002096
17752,33.54451017326792
17753,-73.70011681905785
17754,-2.457532630144807
17755,63.571409951923954
17756,40.22004351655698
17757,-60.03257951262026
17758,-9.205580388785275
17759,-27.354787384868725
17760,40.80648586922674
17761,-5.117485459099424
17762,48.41225151630695
17763,40.99726989179357
17764,-69.69966238869395
17765,63.24086933845946
17766,-28.553178608620392
17767,-58.04738929084902
17768,-76.24528362528885
17769,34.51147122461555
17770,62.19524774926642
17771,45.89690994253906
17772,-11.116708648143105
17773,-55.86120975671924
17774,-30.07698010658938
17775,-79.13696840087842
17776,71.46105860190494
17777,-26.55021949931664
17778,-76.29563363692525
17779,60.57761558593579
17780,-70.97665400873663
17781,-30.30058266505918
17782,-6.861957446061281
17783,-56.47658134868524
17784,48.41645988443008
17785,-5.236565341733405
17786,-33.72631976511244
17787,34.51147122461555
17788,-24.30955882524672
17789,-9.631818042003538
17790,36.74387078036278
17791,-73.82452242664382
17792,65.92119385514042
17793,-29.02090340066078
17794,-7.1324190185444
17795,-3.2458544889722303
17796,-6.973369898253004
17797,66.83544249466223
17798,-54.98378812085036
17799,-27.61725607756742
17800,-13.568633220979317
17801,-30.82835233447264
17802,42.87270903360068
17803,-52.08009065427032
17804,1.1158505803550267
17805,-9.205580388785275
17806,58.31210828800194
17807,58.59497297528896
17808,42.428695005615474
17809,-4.332467753633646
17810,58.59497297528896
17811,42.46858841810198
17812,55.222927162588
17813,60.230096027092216
17814,-28.326348369065645
17815,-30.5896293864867
17816,-26.778958164140768
17817,-15.746462524291056
17818,-73.20481597616273
17819,57.95034551630181
17820,-61.94375933438689
17821,34.63833991896834
17822,45.01649371660661
17823,-56.52826024011304
17824,34.91382269695195
17825,39.19405494350064
17826,-60.053014344352
17827,62.010314633029736
17828,-87.55769551881063
17829,-56.51643781547409
17830,-16.63548084260176
17831,-55.75538611737311
17832,36.74387078036278
17833,37.24215321495723
17834,37.62906922802445
17835,-32.367091440225174
17836,-85.57405503718161
17837,65.08217100492371
17838,-6.27933702380107
17839,-1.3450804764377595
17840,-3.428127766789519
17841,-60.78256803353203
17842,39.38855356581253
17843,-26.1450720294291
17844,33.79731583993835
17845,-5.13293363828876
17846,-17.022298004547515
17847,-10.41713732142938
17848,63.17111301188635
17849,46.63064858290435
17850,-2.098136887973065
17851,-5.991327902787791
17852,-57.597373999929296
17853,37.58716943568372
17854,-9.631818042003538
17855,41.17869307918155
17856,37.62906922802445
17857,-56.66630669590321
17858,-60.78256803353203
17859,-6.71918661155035
17860,-15.746462524291056
17861,-10.437437322129046
17862,-76.98178029719917
17863,-27.342821985994004
17864,-61.94375933438689
17865,-0.1077630098213244
17866,66.69753042502893
17867,-78.30403335163335
17868,-74.28947868439936
17869,-26.778958164140768
17870,63.9451426271706
17871,-7.535637695720222
17872,-13.568633220979317
17873,65.97051312010863
17874,-5.315328626284029
17875,-33.221631941781546
17876,61.37920698554886
17877,-78.9075226144597
17878,41.67608485287208
17879,-6.157538664923608
17880,-30.397267540028874
17881,65.19497947409617
17882,-78.03708486460191
17883,-73.86929613876576
17884,-4.47683927909763
17885,36.86946380619902
17886,-60.79528045160991
17887,-23.50310080216464
17888,-11.15903230915286
17889,-11.116708648143105
17890,-30.019781445462662
17891,-30.08022754268773
17892,-9.17723736714751
17893,63.77877205082896
17894,-55.1095966063809
17895,-10.437437322129046
17896,71.49053921053326
17897,-26.761804258630537
17898,-78.6560627172008
17899,-65.95297308206403
17900,4.214627104158999
17901,-70.91621890125317
17902,52.917242361231445
17903,34.51147122461555
17904,-67.6963662535897
17905,-12.793279934627323
17906,-55.59757410067319
17907,-13.698676156143389
17908,-13.317388659515156
17909,45.75725331323216
17910,-4.987293530292225
17911,70.19664768300551
17912,-9.364067539406424
17913,-5.554314790291093
17914,-26.600238991539
17915,-61.19625993826582
17916,-56.59162626085018
17917,60.70594047138769
17918,-29.38882261583671
17919,-9.390699154493824
17920,-7.666826276406525
17921,62.60347398720671
17922,44.02446053758749
17923,-72.8498228932235
17924,-10.428034709546951
17925,-26.725452896382503
17926,-29.072843583138503
17927,57.7431413488117
17928,-6.733120718715297
17929,-5.77361686641304
17930,-13.59772017651791
17931,41.169100468744304
17932,-75.64151606162208
17933,-28.12734853910203
17934,-2.515377225218019
17935,37.89566845081344
17936,66.63133692658042
17937,-12.1510756634976
17938,33.79731583993835
17939,-73.39838389734624
17940,42.85978317829104
17941,-13.750924987266858
17942,-9.926201611107116
17943,-7.199752345721745
17944,36.192196243746935
17945,-51.38764184550217
17946,-72.12392821934607
17947,-69.69966238869395
17948,-9.355344307452365
17949,-6.836126393243584
17950,43.24829596486021
17951,-3.7224673988430994
17952,-53.27462588720526
17953,-77.8152338255305
17954,39.42695760472124
17955,-27.29798471234312
17956,-27.29798471234312
17957,36.92395077971532
17958,-14.769418087449218
17959,50.830910100923525
17960,-76.68221050468915
17961,66.88005719784742
17962,69.43147054609942
17963,-9.540578741572094
17964,65.39118659617041
17965,-62.042395272670106
17966,-27.53501220376729
17967,-11.116708648143105
17968,-76.24562116504904
17969,-6.973369898253004
17970,-30.019781445462662
17971,-62.096757212898005
17972,-27.07634647849623
17973,-73.68449162545261
17974,-9.166635255939491
17975,-20.61567683181252
17976,-60.78256803353203
17977,-59.35025079294544
17978,4.305330251016124
17979,35.67844977385289
17980,-77.72746597668352
17981,-56.27975621631333
17982,-0.3235584173362209
17983,63.17111301188635
17984,60.57761558593579
17985,-76.59813422674921
17986,-13.698676156143389
17987,44.23912560311558
17988,-11.353499482248564
17989,65.08217100492371
17990,73.33368917121754
17991,-2.209581625463706
17992,40.71373776785892
17993,33.76805923159104
17994,-30.07698010658938
17995,3.4962998309973163
17996,-74.42170827015214
17997,36.993736928227385
17998,-27.46765690496823
17999,36.28668631235398
18000,44.470770641288254
18001,-45.92006713417212
18002,64.55077794448702
18003,-69.4904770825738
18004,45.17586534054684
18005,0.3595211432881942
18006,-71.48597496085173
18007,33.7084022864707
18008,-10.428034709546951
18009,39.0871037565182
18010,-12.550048488354474
18011,-25.723068972767145
18012,-76.10696493933895
18013,37.46147862408026
18014,-77.44480775427398
18015,66.85297826646918
18016,-4.47683927909763
18017,43.54514407573664
18018,-26.600238991539
18019,61.84293179984744
18020,-20.97062912327339
18021,-57.49268215046066
18022,42.85978317829104
18023,-55.75538611737311
18024,-64.78833709446877
18025,37.68932995698598
18026,-14.769418087449218
18027,-33.43179414396335
18028,-31.532706128689007
18029,-0.9739446301158994
18030,68.58921569034948
18031,-54.98378812085036
18032,-4.229238334246272
18033,-66.7413399938568
18034,71.87331126851676
18035,-4.73170587679086
18036,-24.38322125136452
18037,52.917242361231445
18038,-19.22593179226981
18039,65.19497947409617
18040,-11.918050275933924
18041,44.59337949598955
18042,-26.70511202716012
18043,-58.04738929084902
18044,60.23342507958235
18045,-76.5395891282124
18046,-1.3367466786347753
18047,67.85255480314481
18048,-24.63334120836264
18049,-7.054994020909744
18050,-78.65837842426274
18051,-73.58419309340744
18052,-11.60028577879906
18053,34.51147122461555
18054,-21.414262615745344
18055,-11.60028577879906
18056,-59.82696259814537
18057,-61.97395310524957
18058,-87.55769551881063
18059,41.02828822048331
18060,-76.43429035422248
18061,62.850457997419454
18062,62.010314633029736
18063,-26.74994768688118
18064,-6.103236786328566
18065,4.475056952032362
18066,-77.8152338255305
18067,-69.69966238869395
18068,30.97361042702581
18069,37.801083096101785
18070,-41.0767919010293
18071,-55.84208537033159
18072,-78.5709511913441
18073,-30.019781445462662
18074,60.64814532141276
18075,-27.354787384868725
18076,-3.138178484404224
18077,40.25981488205307
18078,-11.918050275933924
18079,68.89238113697519
18080,2.871242737284944
18081,34.68946318190259
18082,-28.384497258713804
18083,-22.49003045431666
18084,71.87680319041493
18085,-20.582743460186983
18086,38.83924632331911
18087,-9.892571347601807
18088,-72.71251542482312
18089,-72.35607657261065
18090,-75.76359852190666
18091,-29.02090340066078
18092,-29.234453720093235
18093,65.03177658113444
18094,-72.12392821934607
18095,-26.6744751547574
18096,38.7157912296619
18097,-25.16476851227091
18098,-13.068467919040993
18099,-33.09863513987849
18100,-22.16829849868324
18101,-60.00560971866762
18102,70.20853504900825
18103,-60.03257951262026
18104,-11.01269527478992
18105,-59.60227944014379
18106,-71.46826147273619
18107,-27.547399550502696
18108,-28.408689864629267
18109,-60.0770631953403
18110,57.7431413488117
18111,-54.746186653898086
18112,-35.61357249689538
18113,1.0789640219018295
18114,-25.036328968720937
18115,-9.484929629545556
18116,60.57761558593579
18117,-83.97374552011863
18118,-12.793279934627323
18119,-54.53117296434264
18120,-4.47683927909763
18121,-81.42123937834226
18122,32.47591400562445
18123,-6.480080661892691
18124,-27.61725607756742
18125,0.1920909818694423
18126,40.55002739266219
18127,-68.36848556456536
18128,-5.711964811557621
18129,-65.55578539918059
18130,36.74387078036278
18131,-65.79225322241044
18132,-6.27933702380107
18133,-69.49987397440854
18134,-77.88891836153672
18135,35.0014906519251
18136,-75.80022862593911
18137,-29.179036757287665
18138,-26.600238991539
18139,45.70398572967727
18140,-15.231231966706488
18141,-20.25661282036036
18142,-69.99852227120437
18143,-58.30344473219359
18144,35.67844977385289
18145,-9.540578741572094
18146,36.96045307046672
18147,-53.43899776984699
18148,-33.221631941781546
18149,-4.808366845269269
18150,-3.4298355792517885
18151,-76.80436683446176
18152,-58.997955323054605
18153,32.47591400562445
18154,-77.44480775427398
18155,39.42695760472124
18156,-61.81623229811474
18157,-5.096928928991407
18158,-29.6753759643969
18159,-60.03257951262026
18160,68.50270979548358
18161,65.08217100492371
18162,-60.79528045160991
18163,-5.833709056320238
18164,60.35199537284139
18165,45.19613718405056
18166,-53.73719645345136
18167,-80.47567387535985
18168,42.86978348065773
18169,-8.558263349656073
18170,-30.74551348635237
18171,57.60909039187541
18172,-15.257597386883814
18173,-13.698676156143389
18174,-62.096757212898005
18175,63.4020357265257
18176,-11.394115741995764
18177,-1.076700895477141
18178,-3.426483987712908
18179,33.03361574866227
18180,-29.32090833146413
18181,57.90937642096512
18182,-54.746186653898086
18183,-0.2097739089075263
18184,43.05432504935399
18185,-68.36848556456536
18186,-30.08022754268773
18187,-73.56782946491373
18188,-10.995280956706615
18189,-55.1095966063809
18190,-76.04278804224907
18191,-72.97005282874485
18192,-8.97977545851813
18193,68.54637428796339
18194,65.08217100492371
18195,-32.367091440225174
18196,-0.8332991199672808
18197,-0.3235584173362209
18198,-5.77361686641304
18199,-31.532706128689007
18200,42.85978317829104
18201,-60.03257951262026
18202,40.56222056919815
18203,-29.02090340066078
18204,-56.12816872218467
18205,-71.25500646939597
18206,-76.32238262952204
18207,58.59497297528896
18208,37.58716943568372
18209,-76.98178029719917
18210,34.63833991896834
18211,-76.98178029719917
18212,-4.973614400593217
18213,2.2942589839644647
18214,-76.5395891282124
18215,-83.47012598126372
18216,45.331119720489696
18217,-2.209581625463706
18218,-25.723068972767145
18219,37.58716943568372
18220,-0.1935681297377671
18221,63.63241417804792
18222,-6.824094178156914
18223,-77.63677728291985
18224,-19.67758466104452
18225,-69.24068255844684
18226,-64.78833709446877
18227,-15.95428001195208
18228,-62.08198936093614
18229,58.31210828800194
18230,63.94462276089753
18231,-26.61477558115063
18232,-70.91621890125317
18233,-27.354787384868725
18234,-9.390699154493824
18235,36.491744638305335
18236,46.54935759303391
18237,-5.117485459099424
18238,-4.007727958222894
18239,-34.118190507798374
18240,-3.896547828267813
18241,-4.85776241640896
18242,-29.072843583138503
18243,-77.9562813258485
18244,47.229201363889935
18245,-56.69061209627357
18246,36.76593340582296
18247,40.71373776785892
18248,-15.330538981993392
18249,71.66520788143949
18250,-56.47658134868524
18251,73.73111777083852
18252,-66.71061182297301
18253,-54.26598164502016
18254,-79.13696840087842
18255,57.90937642096512
18256,-30.019781445462662
18257,-78.03708486460191
18258,65.16022906988286
18259,-68.38475545003867
18260,-29.38882261583671
18261,-26.55021949931664
18262,-74.67920717470433
18263,-10.67000906257512
18264,28.509895590848927
18265,64.18893364614844
18266,-73.39838389734624
18267,34.68946318190259
18268,-24.734127703412064
18269,37.89566845081344
18270,-26.309075936558383
18271,-55.01499026120918
18272,-6.167374577460656
18273,-82.05542931505227
18274,-56.0828782887351
18275,-9.355344307452365
18276,-73.70011681905785
18277,-2.026641199546824
18278,42.85978317829104
18279,47.331228141432135
18280,-28.29180421199981
18281,62.850457997419454
18282,64.40723161268009
18283,-9.082674278628629
18284,-30.019781445462662
18285,-11.918050275933924
18286,-78.48227050821133
18287,-6.331282444144803
18288,34.63833991896834
18289,-23.7966649896523
18290,39.2437306941423
18291,-28.29180421199981
18292,41.17869307918155
18293,65.70576059351447
18294,-23.28147750234116
18295,-11.33895694401269
18296,-13.698676156143389
18297,-4.373896923424002
18298,-11.919443153528531
18299,40.71373776785892
18300,-8.279011661979986
18301,-26.761804258630537
18302,-28.12619289854407
18303,-4.808366845269269
18304,61.60016429655485
18305,60.35199537284139
18306,-25.723068972767145
18307,71.421550514528
18308,-62.096757212898005
18309,-4.851195296401446
18310,-15.746462524291056
18311,-23.047090586409244
18312,57.90937642096512
18313,64.59634111755116
18314,38.93350095432572
18315,63.4020357265257
18316,-28.311176307635183
18317,-5.950321534368538
18318,-3.018712823312505
18319,-38.8831028535937
18320,-17.022298004547515
18321,-9.17723736714751
18322,-55.1095966063809
18323,45.17586534054684
18324,-33.689637659235466
18325,-13.480295109236437
18326,3.2565768277913105
18327,-77.22147271752802
18328,-59.82112467551913
18329,36.80775072665367
18330,-76.5395891282124
18331,-11.116708648143105
18332,57.90937642096512
18333,-7.666826276406525
18334,36.61779138261912
18335,-55.606356215653946
18336,-4.788081115276572
18337,-5.044778735535861
18338,-9.631818042003538
18339,-33.72631976511244
18340,-27.216938300414
18341,-79.13696840087842
18342,-76.98178029719917
18343,-25.097429976059928
18344,-11.394115741995764
18345,-24.2067199525018
18346,-68.2264098224304
18347,-9.078302106225603
18348,-2.979442905041017
18349,-9.035348625427613
18350,-8.229129210806637
18351,60.55712629353688
18352,-6.71918661155035
18353,-53.22762291917003
18354,-11.01269527478992
18355,-81.76573769589145
18356,-15.589119622991538
18357,-6.973369898253004
18358,-16.81477914506199
18359,36.74387078036278
18360,-20.97062912327339
18361,-40.30546066062674
18362,-59.32516399127922
18363,40.25981488205307
18364,-65.95297308206403
18365,40.0699350812238
18366,-62.44553586912953
18367,40.59692984554024
18368,-28.722435931945768
18369,63.59739880077591
18370,-59.82112467551913
18371,-61.295536563405285
18372,65.03177658113444
18373,-8.412841856256358
18374,-27.82319517959261
18375,-4.423453946502722
18376,4.787070159476189
18377,60.64814532141276
18378,-60.768706627827946
18379,-27.765462410705823
18380,65.15720197223072
18381,-90.35851290230592
18382,-28.90186848670095
18383,-2.457532630144807
18384,-3.649825472452156
18385,-6.157538664923608
18386,-6.973369898253004
18387,67.59786137880968
18388,-27.46765690496823
18389,-7.89318828856954
18390,2.985156529226769
18391,1.3505408651586626
18392,-65.95297308206403
18393,-77.93204540354544
18394,-9.631818042003538
18395,56.53758798734266
18396,-21.93514402230898
18397,-28.06094014377452
18398,-77.84437742965382
18399,-75.2856104604718
18400,-8.412841856256358
18401,42.86978348065773
18402,-1.9259714561071544
18403,-7.6110142105957825
18404,-82.32689776134518
18405,-4.332467753633646
18406,-0.1077630098213244
18407,66.58864178040186
18408,1.231375006983015
18409,42.72306669850657
18410,-11.15903230915286
18411,-65.37021183265733
18412,-81.70206535945374
18413,-9.540578741572094
18414,-7.966596713717026
18415,43.663233548492464
18416,-76.32238262952204
18417,-77.76258573058554
18418,-33.221631941781546
18419,-9.540578741572094
18420,-30.06447878150209
18421,-34.118190507798374
18422,-32.80907145987602
18423,65.95317514570607
18424,-0.3235584173362209
18425,-26.600238991539
18426,-55.87351469857807
18427,-27.354787384868725
18428,57.90937642096512
18429,-6.920970335772696
18430,-29.88784967365276
18431,-55.686433579549366
18432,-36.03933110767888
18433,-31.22311212932404
18434,71.87331126851676
18435,67.60139225248432
18436,38.048664881988735
18437,-31.970893104234328
18438,-29.072843583138503
18439,-0.3235584173362209
18440,-26.19443279683812
18441,-70.91621890125317
18442,-26.600238991539
18443,-15.257597386883814
18444,-6.0049324325030495
18445,-24.276366012651327
18446,-65.23964551548683
18447,-76.29563363692525
18448,-38.8831028535937
18449,-8.376647454405033
18450,-35.46620779790231
18451,-27.354787384868725
18452,56.53758798734266
18453,38.64135377211379
18454,60.64814532141276
18455,-77.33783647381033
18456,59.61531407818225
18457,-12.178977803505688
18458,33.03361574866227
18459,38.48217375866092
18460,-7.822263336812642
18461,-28.408689864629267
18462,-76.31304355039254
18463,24.332470632947768
18464,-79.39372742502891
18465,-75.9590509737492
18466,35.25238839498025
18467,-23.28147750234116
18468,-6.824094178156914
18469,-62.7265333725379
18470,-0.7403427483562188
18471,-60.053014344352
18472,-8.122243722507376
18473,44.19259098469683
18474,-28.15140331320636
18475,-28.40063372986669
18476,-6.549763219351499
18477,-64.78833709446877
18478,-25.437673493007573
18479,43.98669823716735
18480,-76.29563363692525
18481,-55.75538611737311
18482,-81.57504293108181
18483,-1.3450804764377595
18484,-59.15845465330175
18485,39.63575854897799
18486,-29.1067031808025
18487,67.57319093957956
18488,33.79731583993835
18489,-17.022298004547515
18490,-26.62718021167931
18491,-1.17427637582026
18492,1.525485160087244
18493,-69.69966238869395
18494,45.61277816993366
18495,35.67844977385289
18496,-6.34456222656904
18497,-75.85601999380322
18498,-69.69966238869395
18499,-6.167374577460656
18500,-76.98178029719917
18501,2.632194467766751
18502,-64.78833709446877
18503,-20.61567683181252
18504,-2.2388863931536305
18505,66.88005719784742
18506,-2.209581625463706
18507,-5.117485459099424
18508,-70.91621890125317
18509,-6.836126393243584
18510,37.46147862408026
18511,33.76805923159104
18512,-5.117485459099424
18513,-0.093478447489903
18514,63.69741113566961
18515,-2.209581625463706
18516,58.59497297528896
18517,-18.468812388234426
18518,39.19405494350064
18519,-61.81623229811474
18520,-25.26298975845319
18521,-13.480295109236437
18522,58.26638957945728
18523,56.53758798734266
18524,43.13224687482869
18525,60.57761558593579
18526,-0.3235584173362209
18527,55.222927162588
18528,-4.423453946502722
18529,2.254492446132529
18530,-59.67982655333128
18531,-9.47590194313502
18532,32.47591400562445
18533,55.222927162588
18534,33.54451017326792
18535,-28.12619289854407
18536,64.5190811220432
18537,-53.27316713784628
18538,-23.71018583584489
18539,-3.6537920387099794
18540,-82.05542931505227
18541,-1.9259714561071544
18542,-12.298636773201965
18543,37.52890738144136
18544,-26.61477558115063
18545,-85.81888822221876
18546,33.39429836290204
18547,-69.49987397440854
18548,65.70576059351447
18549,-6.973369898253004
18550,63.4020357265257
18551,-27.61725607756742
18552,-2.026641199546824
18553,-75.2856104604718
18554,65.08217100492371
18555,38.7157912296619
18556,-0.5510937386545551
18557,38.67337067966373
18558,-11.01269527478992
18559,32.47591400562445
18560,-81.70206535945374
18561,-21.60182364105876
18562,-57.39276868885512
18563,-40.30546066062674
18564,-60.8943145167429
18565,60.30278813376276
18566,-61.7632306726356
18567,-10.911099258167322
18568,60.64814532141276
18569,72.66199870402814
18570,-64.63742498750202
18571,-8.558263349656073
18572,-24.18758687561484
18573,-29.88784967365276
18574,-9.631818042003538
18575,-72.67936042204306
18576,-31.16610082911268
18577,-20.61567683181252
18578,-58.69230015822414
18579,-24.225656445595668
18580,-78.27788858786272
18581,-26.144736014470983
18582,-6.824094178156914
18583,-60.991999532527686
18584,-28.722435931945768
18585,57.60909039187541
18586,62.724395066182765
18587,-76.5395891282124
18588,62.310155985758925
18589,-32.367091440225174
18590,-73.96272183393918
18591,-57.67324451201819
18592,-73.27344371268414
18593,-68.38475545003867
18594,-4.229238334246272
18595,-1.473121258063384
18596,-19.05030971332056
18597,-15.589119622991538
18598,36.993736928227385
18599,-15.746462524291056
18600,-11.01269527478992
18601,61.816404151055416
18602,-31.532706128689007
18603,32.2838135309433
18604,-6.589625843764761
18605,63.4020357265257
18606,-78.48227050821133
18607,-14.962617910625337
18608,-25.601656151353417
18609,45.44214804694039
18610,-6.973369898253004
18611,-79.2740626730937
18612,38.83924632331911
18613,-61.81623229811474
18614,-74.30858518392347
18615,-3.138178484404224
18616,-7.05688413496182
18617,-4.332467753633646
18618,41.64255656133269
18619,-0.3235584173362209
18620,-76.24562116504904
18621,-57.78079270755151
18622,-33.221631941781546
18623,43.788176834569725
18624,-59.32516399127922
18625,-7.535637695720222
18626,-1.441076291296743
18627,67.46141429573493
18628,-59.82112467551913
18629,-81.70206535945374
18630,-26.778958164140768
18631,-2.1959465750849283
18632,-58.74370195571287
18633,-57.597373999929296
18634,-61.46805267093112
18635,66.69753042502893
18636,-89.32541003849344
18637,-64.14013557536812
18638,-4.635798069428742
18639,-79.38716142153318
18640,-62.97621175475223
18641,-64.63742498750202
18642,-0.8332991199672808
18643,36.61779138261912
18644,47.05829252275402
18645,0.4755868258331901
18646,-9.035348625427613
18647,-58.74370195571287
18648,43.663233548492464
18649,-33.689637659235466
18650,-27.354787384868725
18651,-73.39838389734624
18652,67.89907559762237
18653,61.805696159832095
18654,-18.43812571372117
18655,66.63133692658042
18656,-26.761804258630537
18657,-68.590120002096
18658,36.79548780417282
18659,42.52041447791736
18660,-30.69839593461753
18661,63.17111301188635
18662,-5.236565341733405
18663,62.850457997419454
18664,-29.88784967365276
18665,-65.95297308206403
18666,-62.69489088861876
18667,-4.423786835937337
18668,-8.279011661979986
18669,-7.966596713717026
18670,35.14506800966858
18671,-81.01405074458555
18672,-20.61567683181252
18673,-83.97374552011863
18674,60.30278813376276
18675,-9.169819456307344
18676,-33.09863513987849
18677,-75.09410981761015
18678,-8.122243722507376
18679,40.0699350812238
18680,43.788176834569725
18681,-60.515525654370414
18682,-5.016428161897177
18683,41.39483360002859
18684,33.79731583993835
18685,41.64255656133269
18686,36.61779138261912
18687,-5.589236551990488
18688,-28.384497258713804
18689,-26.74994768688118
18690,-9.987977057452069
18691,-31.92822004811304
18692,-29.88784967365276
18693,60.64814532141276
18694,-90.35851290230592
18695,25.21582787180517
18696,-24.18758687561484
18697,-74.1711474054806
18698,-26.6744751547574
18699,-4.559608405272652
18700,-17.022298004547515
18701,65.95317514570607
18702,52.917242361231445
18703,-6.558527150789759
18704,-81.76573769589145
18705,-28.29180421199981
18706,-34.42527902866888
18707,-15.956214159675284
18708,33.19070542921338
18709,31.81316199742358
18710,-73.51714829333622
18711,-21.977501398733963
18712,39.80822040912779
18713,-57.67324451201819
18714,-79.98250767642739
18715,35.96244620091738
18716,-91.07258558644624
18717,-15.095432633297586
18718,-8.191601789365674
18719,-2.698517290906694
18720,-6.589625843764761
18721,-12.12188792662447
18722,-25.26298975845319
18723,36.88672474680972
18724,66.3856610636058
18725,-78.28641866459044
18726,36.79548780417282
18727,37.52890738144136
18728,-18.370875529489048
18729,-3.8829255749163214
18730,-6.283274717429805
18731,-64.20977893680947
18732,60.12695446585756
18733,-4.595613860335325
18734,-60.991999532527686
18735,-33.67024930399473
18736,0.4755868258331901
18737,-66.6414584648823
18738,-58.69230015822414
18739,-73.20481597616273
18740,-73.3849096922486
18741,-1.299491261768874
18742,61.60016429655485
18743,-81.76573769589145
18744,-36.66579030082869
18745,4.703995581507266
18746,-16.81477914506199
18747,-62.11040028357069
18748,-81.9979311526169
18749,-20.61567683181252
18750,-55.99224512898748
18751,-7.805268761608353
18752,-60.13639182461363
18753,72.1037610562508
18754,-79.08871899141032
18755,-62.068547876076
18756,-14.962617910625337
18757,-0.7447576844699872
18758,-57.107147467166335
18759,-60.0770631953403
18760,62.19524774926642
18761,62.310155985758925
18762,-13.480295109236437
18763,-5.072098255318222
18764,-53.22762291917003
18765,-60.59178767983481
18766,-8.97977545851813
18767,-73.20481597616273
18768,-75.85601999380322
18769,-76.98178029719917
18770,62.310155985758925
18771,38.48217375866092
18772,-63.67994903912832
18773,-76.56360502729947
18774,-2.3012832349580723
18775,46.18588837981086
18776,-15.39941969097261
18777,-80.47567387535985
18778,-30.08022754268773
18779,-8.541245875314775
18780,-12.178977803505688
18781,-1.473121258063384
18782,-78.65837842426274
18783,-9.355344307452365
18784,60.57761558593579
18785,-9.195558874209256
18786,-6.283274717429805
18787,-55.99224512898748
18788,-53.4029308577422
18789,-8.279011661979986
18790,-6.0234171220075385
18791,45.13406866153811
18792,71.34958864667409
18793,-37.23590273224739
18794,43.24829596486021
18795,-63.15914710826492
18796,-2.698517290906694
18797,35.96244620091738
18798,-0.3235584173362209
18799,-4.224687233125131
18800,60.55712629353688
18801,-76.59813422674921
18802,-61.31590260941989
18803,-4.47683927909763
18804,-6.373936917803951
18805,66.59559966254668
18806,61.60016429655485
18807,-64.24274287214703
18808,42.40161432240019
18809,37.43044277452219
18810,70.04863138103816
18811,-4.423453946502722
18812,-23.228415549696383
18813,-21.6021064527732
18814,60.35199537284139
18815,-7.921530117122771
18816,-26.6744751547574
18817,-5.342279109104746
18818,-0.8332991199672808
18819,-59.60227944014379
18820,66.8982210992381
18821,34.63833991896834
18822,-72.29020778699514
18823,-15.95428001195208
18824,-63.11656046246069
18825,-28.384497258713804
18826,62.91187702946594
18827,-2.04428747788284
18828,55.222927162588
18829,55.89332036903958
18830,-9.364067539406424
18831,-24.63334120836264
18832,-35.43621818087367
18833,-24.5857126610974
18834,-57.39276868885512
18835,-7.921530117122771
18836,-79.2740626730937
18837,-62.763418147656274
18838,60.35199537284139
18839,-58.04738929084902
18840,-77.44480775427398
18841,-75.40557770940643
18842,-60.991999532527686
18843,-71.14280691437416
18844,-79.38716142153318
18845,-33.689637659235466
18846,-31.22311212932404
18847,-69.1108440763988
18848,37.68932995698598
18849,63.129233766891815
18850,-78.15872641322393
18851,36.192196243746935
18852,30.97361042702581
18853,-6.0234171220075385
18854,-63.15914710826492
18855,-63.15914710826492
18856,-0.3609206116236381
18857,59.32728590164106
18858,-58.04738929084902
18859,60.45722844074674
18860,-19.05030971332056
18861,-4.559608405272652
18862,-56.12816872218467
18863,-9.282074594525232
18864,-31.22311212932404
18865,44.02446053758749
18866,-30.69839593461753
18867,32.2838135309433
18868,-2.698517290906694
18869,43.811290439633794
18870,-25.885397242356365
18871,65.39118659617041
18872,-56.80012741231752
18873,-10.507878617894184
18874,-1.340491430610399
18875,-18.468812388234426
18876,-15.589119622991538
18877,-64.63742498750202
18878,0.5952759113871984
18879,-16.81477914506199
18880,-64.20977893680947
18881,-59.32812978383065
18882,-56.77797781494632
18883,-90.35851290230592
18884,-71.25500646939597
18885,37.66780236975905
18886,-76.56360502729947
18887,37.46147862408026
18888,-26.761804258630537
18889,0.9712189499496572
18890,60.23342507958235
18891,-5.950321534368538
18892,0.7724117345755661
18893,-51.05252907664924
18894,-29.32090833146413
18895,58.88909244048122
18896,65.92119385514042
18897,-3.8829255749163214
18898,-23.28147750234116
18899,36.73020778501858
18900,31.21951835931531
18901,-69.1108440763988
18902,36.98020093309093
18903,48.66507009499288
18904,36.53570206483376
18905,42.20628541633131
18906,31.81316199742358
18907,-11.856144876145509
18908,-29.234453720093235
18909,-29.179036757287665
18910,-63.67994903912832
18911,0.4963686380018419
18912,38.70559140633674
18913,43.63525255925197
18914,33.19070542921338
18915,-4.224687233125131
18916,70.21632820514108
18917,-5.032296332123536
18918,-61.31590260941989
18919,-62.99632779760578
18920,68.6996786782529
18921,-76.20518760644218
18922,-65.30218318231552
18923,66.63133692658042
18924,-79.38375027280429
18925,72.18430517904201
18926,-75.44792763802995
18927,-79.38716142153318
18928,63.59739880077591
18929,-0.0163971859531919
18930,-73.68449162545261
18931,-57.27572564581084
18932,-60.13639182461363
18933,-2.1433701195183144
18934,-68.81651360706033
18935,-8.777860383300162
18936,-60.0770631953403
18937,37.58716943568372
18938,40.56654904100726
18939,-63.184335664956045
18940,-76.59813422674921
18941,31.44862756738726
18942,-61.653928708796485
18943,-77.76258573058554
18944,-77.44480775427398
18945,34.51147122461555
18946,-0.2767658746471797
18947,-16.63548084260176
18948,-29.234453720093235
18949,-62.99632779760578
18950,-13.063874198812751
18951,37.801083096101785
18952,-63.642028542901954
18953,-27.354787384868725
18954,-90.35851290230592
18955,-74.11903473752314
18956,-58.69230015822414
18957,-8.910806217865394
18958,-2.3012832349580723
18959,0.4963686380018419
18960,-1.7538787396662487
18961,-7.6110142105957825
18962,-9.484929629545556
18963,-26.761804258630537
18964,31.81316199742358
18965,-63.184335664956045
18966,-11.394115741995764
18967,56.10538408473671
18968,-7.677751295556563
18969,-54.83599230106167
18970,-8.05874125919321
18971,-79.2740626730937
18972,-81.9979311526169
18973,-80.34077274564217
18974,-7.822263336812642
18975,-59.31742436182282
18976,-10.101828214780694
18977,-82.05542931505227
18978,1.824015733152593
18979,-4.788081115276572
18980,-25.934845759924663
18981,-4.318741789891217
18982,-64.60748430410752
18983,42.09331798700336
18984,38.7157912296619
18985,-3.5228610647960554
18986,-26.7816752770347
18987,34.68946318190259
18988,-12.12188792662447
18989,33.39429836290204
18990,-66.4586885973405
18991,-26.801482222668508
18992,-69.9131185468085
18993,-73.30921939675959
18994,66.69753042502893
18995,-4.47683927909763
18996,67.40722726553673
18997,-7.921530117122771
18998,-64.20977893680947
18999,-63.67994903912832
19000,-72.55088363650769
19001,-18.370875529489048
19002,-59.421559019780354
19003,-33.43179414396335
19004,-31.532706128689007
19005,-8.050599516838075
19006,-2.4407180708757936
19007,-5.236565341733405
19008,66.7764666460749
19009,-80.79785334945407
19010,-5.236565341733405
19011,28.030447061622567
19012,60.36723694219735
19013,64.16742558500204
19014,-90.35851290230592
19015,-8.050599516838075
19016,-60.13639182461363
19017,61.805696159832095
19018,63.19493070372677
19019,42.45026310104194
19020,-74.11903473752314
19021,-13.062938281788885
19022,-9.484929629545556
19023,-6.480080661892691
19024,-27.53501220376729
19025,-3.965658415218525
19026,63.63241417804792
19027,65.92119385514042
19028,-64.20977893680947
19029,2.165670136343897
19030,-4.449661962460196
19031,46.54935759303391
19032,-3.5778517578393703
19033,-52.86175736788912
19034,0.4748635713728102
19035,41.39483360002859
19036,-1.473121258063384
19037,-2.023778496984952
19038,-9.355344307452365
19039,-4.38301063314476
19040,73.92607649786721
19041,-81.70206535945374
19042,-76.24562116504904
19043,-7.535637695720222
19044,-33.930555586746124
19045,-33.43179414396335
19046,-5.674939695660651
19047,-74.19616818968534
19048,-64.78833709446877
19049,40.05541662796517
19050,-65.55578539918059
19051,-5.390869956890267
19052,65.82079570767758
19053,-75.09410981761015
19054,37.17141269203088
19055,-18.370875529489048
19056,-77.44480775427398
19057,38.48217375866092
19058,64.5190811220432
19059,-5.700132019976824
19060,-56.2770233603322
19061,-27.673413992791776
19062,-9.631818042003538
19063,-10.65683293611954
19064,66.80782439311136
19065,-61.09945802570079
19066,-28.29180421199981
19067,-60.0770631953403
19068,-82.05542931505227
19069,56.10538408473671
19070,-71.30292791958124
19071,3.044725067834177
19072,-10.103722750936996
19073,-13.063874198812751
19074,66.59559966254668
19075,65.82079570767758
19076,56.10538408473671
19077,-8.407097211052797
19078,-66.4586885973405
19079,-65.37021183265733
19080,-6.480080661892691
19081,-57.597373999929296
19082,-34.42527902866888
19083,-63.184335664956045
19084,-7.054994020909744
19085,-62.08198936093614
19086,-90.35851290230592
19087,-85.81888822221876
19088,-9.631818042003538
19089,-76.98178029719917
19090,-6.920970335772696
19091,-21.757982538265427
19092,-33.930555586746124
19093,-5.270908831906104
19094,-74.28947868439936
19095,-10.101828214780694
19096,-4.332467753633646
19097,62.91187702946594
19098,-11.116708648143105
19099,0.4755868258331901
19100,-54.674459014906944
19101,-76.24562116504904
19102,-67.76829989345428
19103,63.69741113566961
19104,-10.67000906257512
19105,-59.421559019780354
19106,-55.87351469857807
19107,64.59634111755116
19108,-69.99852227120437
19109,-29.88784967365276
19110,-0.4081034058891308
19111,38.7157912296619
19112,42.20628541633131
19113,36.53570206483376
19114,-60.03257951262026
19115,-29.6753759643969
19116,-17.022298004547515
19117,-75.4604208044712
19118,-2.1494396534431086
19119,-35.63208550176059
19120,-9.166635255939491
19121,-21.391301190417888
19122,-9.484929629545556
19123,69.99158707975529
19124,-60.00560971866762
19125,25.21582787180517
19126,-3.138178484404224
19127,-83.97374552011863
19128,-79.13696840087842
19129,55.222927162588
19130,-76.24562116504904
19131,-60.8667719539977
19132,59.18265797686993
19133,-88.31960653039458
19134,42.75287630764707
19135,-4.788081115276572
19136,-76.80436683446176
19137,-9.364067539406424
19138,-28.15140331320636
19139,37.52890738144136
19140,4.200952329530691
19141,-21.961516330136394
19142,-19.760832676919083
19143,-5.52290289385989
19144,-54.38002126169533
19145,47.04398388724414
19146,-6.416560705094257
19147,-8.075002534429366
19148,41.57083286525338
19149,-29.072843583138503
19150,-29.88784967365276
19151,66.7764666460749
19152,-28.326348369065645
19153,36.28668631235398
19154,65.70576059351447
19155,-28.384497258713804
19156,-1.7453404783994038
19157,-24.225656445595668
19158,-30.74551348635237
19159,-63.15914710826492
19160,-28.046196264294743
19161,-56.69061209627357
19162,-61.81623229811474
19163,-65.79225322241044
19164,-75.09410981761015
19165,-22.520231385796908
19166,35.0014906519251
19167,-78.20863557559869
19168,-64.78833709446877
19169,-79.13696840087842
19170,-80.47567387535985
19171,38.7157912296619
19172,-7.19924196937283
19173,-77.88891836153672
19174,62.310155985758925
19175,-9.81044041537216
19176,-3.5757364295934906
19177,-63.184335664956045
19178,63.4020357265257
19179,61.816404151055416
19180,-9.66153377822256
19181,62.850457997419454
19182,-61.46805267093112
19183,-14.769418087449218
19184,-77.84437742965382
19185,-33.23834423826391
19186,-9.934871265021034
19187,-81.70206535945374
19188,-76.29727869596502
19189,-4.315524654584396
19190,-56.79894534711942
19191,64.92261985599832
19192,-6.549763219351499
19193,-66.4586885973405
19194,-32.81127431456319
19195,-3.9785898881837216
19196,-4.599254466373504
19197,60.35199537284139
19198,-7.1324190185444
19199,67.85255480314481
19200,-63.184335664956045
19201,-61.31190805927156
19202,-77.74736074521302
19203,-51.42284670581961
19204,32.2838135309433
19205,-7.014160905219916
19206,37.801083096101785
19207,-18.43812571372117
19208,58.73200185491031
19209,32.2838135309433
19210,-7.6110142105957825
19211,-79.98250767642739
19212,-5.52290289385989
19213,-13.317388659515156
19214,-11.01269527478992
19215,-62.08198936093614
19216,-71.25500646939597
19217,-37.23590273224739
19218,-6.103236786328566
19219,-25.140436687624792
19220,58.26638957945728
19221,44.59337949598955
19222,35.25238839498025
19223,55.198402971881954
19224,-1.9655771537804936
19225,-3.8829255749163214
19226,-77.72746597668352
19227,-81.76573769589145
19228,-75.4604208044712
19229,60.35199537284139
19230,65.91342914829234
19231,-12.556986916916788
19232,-32.81127431456319
19233,-3.018712823312505
19234,65.91342914829234
19235,-26.425486049934896
19236,-3.5347306927964253
19237,-81.89612832778585
19238,-34.00981178672109
19239,39.46841272022788
19240,0.7724117345755661
19241,-29.88784967365276
19242,-2.209581625463706
19243,-25.995412959283616
19244,-30.11186576529964
19245,-4.47683927909763
19246,-10.212036632391005
19247,-79.13696840087842
19248,60.55712629353688
19249,42.72306669850657
19250,-7.921530117122771
19251,-9.81044041537216
19252,-3.428127766789519
19253,-0.0973248744085104
19254,-13.062938281788885
19255,56.10538408473671
19256,-26.87152667689525
19257,-6.920970335772696
19258,-6.5703198847991775
19259,-62.44553586912953
19260,-73.82452242664382
19261,-5.390869956890267
19262,-33.43179414396335
19263,-2.5021367588912726
19264,-27.29798471234312
19265,60.89083229955201
19266,-11.01269527478992
19267,-24.64644385804597
19268,-0.7238152038266996
19269,-61.81623229811474
19270,-57.77515383704373
19271,-1.0255159746218965
19272,58.59497297528896
19273,68.1825490640463
19274,-23.820505371066616
19275,-81.70206535945374
19276,-67.6963662535897
19277,32.69588996702268
19278,-12.12456843617608
19279,68.51954897598459
19280,-82.05542931505227
19281,63.63241417804792
19282,-53.74442781204701
19283,63.63241417804792
19284,-61.46805267093112
19285,-64.78833709446877
19286,-70.64519227855591
19287,1.525485160087244
19288,-63.92919875957542
19289,-31.22311212932404
19290,59.61531407818225
19291,-15.917026231094912
19292,33.54451017326792
19293,37.89566845081344
19294,-32.17158321895306
19295,38.67337067966373
19296,-3.5347306927964253
19297,-6.283274717429805
19298,45.42281588014838
19299,44.53620387233135
19300,-62.08198936093614
19301,33.19070542921338
19302,43.01384527668656
19303,-8.407097211052797
19304,76.76556726302283
19305,-7.349422788707052
19306,-57.1093757108621
19307,-90.35851290230592
19308,38.48217375866092
19309,-5.950321534368538
19310,69.64751657751812
19311,36.61779138261912
19312,56.28701251904627
19313,-78.20863557559869
19314,-38.8831028535937
19315,45.70398572967727
19316,-32.601622031467095
19317,-0.9739446301158994
19318,-3.693898075830517
19319,-80.86626996389552
19320,40.56654904100726
19321,-10.67000906257512
19322,68.53767125858919
19323,-4.962656132774111
19324,-52.68507541770643
19325,-33.689637659235466
19326,-55.42663443068381
19327,63.415367270915006
19328,-4.47683927909763
19329,-76.24562116504904
19330,0.1188891981451609
19331,-81.9979311526169
19332,-12.924129657706818
19333,42.72306669850657
19334,70.04863138103816
19335,-11.15903230915286
19336,-27.82319517959261
19337,62.310155985758925
19338,-59.67982655333128
19339,-31.532706128689007
19340,-29.32090833146413
19341,-0.1077630098213244
19342,5.950843472870586
19343,-76.20518760644218
19344,-25.948784880694795
19345,63.571409951923954
19346,-27.29798471234312
19347,-6.589625843764761
19348,63.571409951923954
19349,-70.87685133918384
19350,-64.14013557536812
19351,-26.600238991539
19352,-14.208837182344483
19353,60.45722844074674
19354,-32.80907145987602
19355,1.872716837001157
19356,33.03361574866227
19357,-1.8770732482137864
19358,78.32360239432799
19359,-59.82112467551913
19360,-17.022298004547515
19361,-17.022298004547515
19362,33.7084022864707
19363,-20.61567683181252
19364,-9.195558874209256
19365,1.1158505803550267
19366,-89.32541003849344
19367,63.04284043053696
19368,-15.04706644159366
19369,-7.885948741005057
19370,-15.460845389709734
19371,70.14944823905218
19372,-6.373936917803951
19373,64.10754354215726
19374,-2.420509461528296
19375,73.7924453189954
19376,66.58864178040186
19377,24.332470632947768
19378,-7.535637695720222
19379,-4.074611047917582
19380,-68.590120002096
19381,-61.31590260941989
19382,-0.1935681297377671
19383,-76.80436683446176
19384,-7.565390883369423
19385,73.95127753120518
19386,44.470770641288254
19387,-12.558877475869108
19388,-55.39287203619098
19389,-75.64151606162208
19390,37.43044277452219
19391,-9.195558874209256
19392,-23.91582042642847
19393,41.597666324346726
19394,63.59739880077591
19395,-69.97889894878116
19396,-56.77797781494632
19397,60.45722844074674
19398,-22.663451447167404
19399,-0.4081034058891308
19400,-20.213396735000256
19401,33.19070542921338
19402,-26.761804258630537
19403,-61.19625993826582
19404,-30.11186576529964
19405,-24.433900249627328
19406,-27.29798471234312
19407,-27.04328663829886
19408,-33.930555586746124
19409,42.72306669850657
19410,-77.72746597668352
19411,60.63589131389216
19412,-1.8638897345475025
19413,30.97361042702581
19414,61.805696159832095
19415,58.9192592699003
19416,-63.89045597399472
19417,-15.460845389709734
19418,36.57701380990932
19419,-79.75969797564838
19420,-4.293936931564016
19421,-79.08871899141032
19422,-73.05370577144892
19423,-7.665348371786735
19424,-64.20977893680947
19425,36.12136570768311
19426,37.46147862408026
19427,60.45722844074674
19428,-66.7413399938568
19429,-4.937319776337265
19430,-30.85020780960799
19431,65.92119385514042
19432,-6.920970335772696
19433,-83.97374552011863
19434,69.2991064101069
19435,-26.802667615472387
19436,-52.01321028214847
19437,-6.589625843764761
19438,-78.20863557559869
19439,-79.84239610572016
19440,62.850457997419454
19441,-4.808366845269269
19442,-6.549763219351499
19443,-62.08198936093614
19444,-71.21554924687861
19445,-60.13639182461363
19446,31.44862756738726
19447,-58.97917829402571
19448,-64.63742498750202
19449,-63.184335664956045
19450,-42.62344079776723
19451,-79.08871899141032
19452,-16.7838324092353
19453,-0.3235584173362209
19454,-2.3432447541569488
19455,68.15111187516203
19456,-60.78256803353203
19457,55.222927162588
19458,-77.72746597668352
19459,-59.82112467551913
19460,-59.75710333640081
19461,40.55002739266219
19462,60.63589131389216
19463,-75.30050936710072
19464,-31.817169601021565
19465,-30.11186576529964
19466,-10.103722750936996
19467,40.55002739266219
19468,-15.577098708555011
19469,36.34652433707826
19470,-7.921530117122771
19471,-80.86626996389552
19472,-10.212036632391005
19473,-64.63742498750202
19474,52.917242361231445
19475,55.89332036903958
19476,-81.76573769589145
19477,-79.84239610572016
19478,0.7270999608114872
19479,68.6152055068016
19480,-16.060971233795385
19481,-56.12816872218467
19482,40.05541662796517
19483,-16.7838324092353
19484,-31.817169601021565
19485,2.2630815432718245
19486,-7.107743604019028
19487,-20.922238183868505
19488,-13.063874198812751
19489,39.46841272022788
19490,-15.95428001195208
19491,68.09888402953423
19492,60.55712629353688
19493,-10.819394785437348
19494,-5.236565341733405
19495,33.79731583993835
19496,-61.09945802570079
19497,-73.79953794934713
19498,68.89238113697519
19499,-80.35272436772497
19500,-7.921530117122771
19501,-15.04706644159366
19502,70.54420719586304
19503,-77.22896542615528
19504,-67.20993764550568
19505,-4.074611047917582
19506,-56.47658134868524
19507,-8.564916521665584
19508,60.35199537284139
19509,-21.269518595669425
19510,64.97387094309349
19511,-18.468812388234426
19512,-2.3012832349580723
19513,-22.751403681660243
19514,-7.535637695720222
19515,-65.37021183265733
19516,-71.58553516225442
19517,-30.64428510515276
19518,-15.39941969097261
19519,73.72165938998644
19520,-80.47567387535985
19521,-37.23590273224739
19522,66.77766253911348
19523,-12.049021256099708
19524,62.14051651627452
19525,-65.37021183265733
19526,-13.059702283367567
19527,-0.9986026044422616
19528,2.147367293913522
19529,-9.195558874209256
19530,68.86433077566082
19531,36.76593340582296
19532,-76.24562116504904
19533,-81.76573769589145
19534,-59.70560428038227
19535,-62.24200461231885
19536,-81.89612832778585
19537,-15.39941969097261
19538,-69.99852227120437
19539,35.0014906519251
19540,0.3595211432881942
19541,40.56654904100726
19542,38.13705684711365
19543,-77.84437742965382
19544,-35.60382812888295
19545,-13.063874198812751
19546,70.05558713814894
19547,-5.9029465718457
19548,66.8982210992381
19549,-27.36157261815023
19550,-76.26789217128984
19551,-73.97850413600656
19552,-70.91621890125317
19553,-5.236565341733405
19554,37.17141269203088
19555,-51.93821692721512
19556,-16.726825804670835
19557,-22.10077457146965
19558,-10.911099258167322
19559,-4.285587692980549
19560,-4.449661962460196
19561,40.05541662796517
19562,-83.97374552011863
19563,-66.85615218772456
19564,40.59692984554024
19565,-1.2559017356304878
19566,35.0014906519251
19567,-64.20977893680947
19568,-64.84942368898264
19569,-1.7453404783994038
19570,-31.817169601021565
19571,62.91187702946594
19572,-30.69839593461753
19573,-28.90186848670095
19574,45.06129283674619
19575,67.76924991204609
19576,36.92395077971532
19577,-1.7326072360949532
19578,-10.911099258167322
19579,-77.93205271515313
19580,-84.24630518585974
19581,64.65881453767116
19582,-26.65997877385101
19583,-55.81536743410341
19584,-81.57504293108181
19585,-70.91621890125317
19586,-54.27748313892324
19587,-83.95075863615104
19588,52.917242361231445
19589,3.187945141187928
19590,34.64663784529522
19591,-73.56782946491373
19592,-7.107743604019028
19593,-18.370875529489048
19594,40.73655584371753
19595,-3.673514810721768
19596,-23.28147750234116
19597,-54.2592201992675
19598,-62.08198936093614
19599,8.666820606796577
19600,-63.97323524609343
19601,33.88086541610365
19602,-19.74413337936427
19603,-67.61579757570615
19604,-78.32885861552116
19605,-3.2663592357472355
19606,-22.16829849868324
19607,-77.22896542615528
19608,38.48217375866092
19609,-2.4760701982833213
19610,37.24215321495723
19611,-4.937319776337265
19612,-21.01822730217017
19613,35.14506800966858
19614,-73.39838389734624
19615,-79.98250767642739
19616,-30.08022754268773
19617,37.34297657987819
19618,45.42281588014838
19619,-33.43179414396335
19620,-79.08871899141032
19621,39.18581788641187
19622,-37.23590273224739
19623,43.57940549640061
19624,67.40345885423439
19625,-5.162801676851602
19626,-80.47567387535985
19627,-73.17632195634616
19628,-3.5347306927964253
19629,-78.58999412737384
19630,-14.212516807326164
19631,-2.1959465750849283
19632,-26.18155510175201
19633,-81.70206535945374
19634,62.14051651627452
19635,-55.62566140964692
19636,-9.198501865279589
19637,-8.229129210806637
19638,-61.31590260941989
19639,-8.998386179710504
19640,66.68973318585694
19641,65.95317514570607
19642,32.2838135309433
19643,-57.9946301235816
19644,-83.95075863615104
19645,-0.093478447489903
19646,-58.27430643737086
19647,37.801083096101785
19648,-60.03344804464662
19649,58.31210828800194
19650,-28.046196264294743
19651,-7.89318828856954
19652,-63.97323524609343
19653,-2.203955770531951
19654,-29.90575380388473
19655,-14.10466509357591
19656,-77.84437742965382
19657,-27.62426939786312
19658,-30.11186576529964
19659,56.28701251904627
19660,-2.1959465750849283
19661,-2.8426635264540816
19662,-69.81009004528968
19663,-1.2720857150447618
19664,-2.8426635264540816
19665,64.97387094309349
19666,-28.722435931945768
19667,67.37333715622367
19668,-75.58392958725685
19669,-4.973614400593217
19670,-2.437876516297673
19671,-64.51069861161193
19672,-69.1108440763988
19673,56.10538408473671
19674,35.96244620091738
19675,-54.55178334686296
19676,-15.460845389709734
19677,-64.14013557536812
19678,-9.81044041537216
19679,-80.47567387535985
19680,-5.991327902787791
19681,-10.691420735857784
19682,-15.04706644159366
19683,-6.331282444144803
19684,-15.04706644159366
19685,-11.852639830167869
19686,-26.237440607523432
19687,-73.51714829333622
19688,61.5601322602892
19689,-53.29834566940591
19690,-66.4586885973405
19691,-4.57280135835958
19692,-77.22147271752802
19693,-9.195558874209256
19694,-8.407097211052797
19695,-1.8566092167207184
19696,-61.31590260941989
19697,-23.820505371066616
19698,37.40110123217303
19699,-8.66919407621814
19700,-1.2720857150447618
19701,-7.279111118423714
19702,-22.119235562156405
19703,47.20010314733392
19704,-65.23964551548683
19705,-9.441977635857658
19706,-10.819394785437348
19707,-29.234453720093235
19708,42.85978317829104
19709,67.40722726553673
19710,-8.412841856256358
19711,33.88086541610365
19712,-30.08022754268773
19713,58.73200185491031
19714,-7.665348371786735
19715,-14.212516807326164
19716,-7.6110142105957825
19717,69.45701750474967
19718,-5.162801676851602
19719,-15.231231966706488
19720,36.92395077971532
19721,-73.82452242664382
19722,-73.79953794934713
19723,45.82435364557828
19724,-9.934871265021034
19725,35.0014906519251
19726,70.72477142257084
19727,-61.31590260941989
19728,-13.317388659515156
19729,-27.60313209435164
19730,62.724395066182765
19731,67.04619873466591
19732,-26.91989886209237
19733,-5.270908831906104
19734,-57.29012910709888
19735,-4.074611047917582
19736,-78.15872641322393
19737,-22.16829849868324
19738,-72.29020778699514
19739,-10.911099258167322
19740,56.53758798734266
19741,-3.138178484404224
19742,-9.990748361024847
19743,-5.390869956890267
19744,-20.37140372027273
19745,-82.05542931505227
19746,-25.555688640015383
19747,-34.00981178672109
19748,-61.09945802570079
19749,-11.15903230915286
19750,41.054356127018
19751,-29.90575380388473
19752,-3.403523172295552
19753,-12.12456843617608
19754,42.768414263639286
19755,-77.67605963834788
19756,-66.7413399938568
19757,-48.57560187596784
19758,59.18265797686993
19759,64.97387094309349
19760,70.72477142257084
19761,-55.75538611737311
19762,31.21951835931531
19763,37.348351162025445
19764,-58.27430643737086
19765,-23.820505371066616
19766,41.054356127018
19767,-63.2169887258768
19768,64.65881453767116
19769,-0.5546131599583308
19770,66.85297826646918
19771,37.340638304234936
19772,35.14506800966858
19773,70.72477142257084
19774,-25.605799646617488
19775,-4.599254466373504
19776,64.65881453767116
19777,-65.19679589824236
19778,-6.345471635575036
19779,-29.234453720093235
19780,-3.288365059241113
19781,-23.29053946398389
19782,61.358690563915786
19783,-63.96528066125693
19784,-54.674459014906944
19785,42.0098240871969
19786,-21.961516330136394
19787,-64.60748430410752
19788,-1.8770732482137864
19789,-22.16829849868324
19790,-0.9986026044422616
19791,-15.39941969097261
19792,33.79731583993835
19793,47.71698964189423
19794,41.06296956137879
19795,-10.911099258167322
19796,-4.1185601939953855
19797,-53.48212776993552
19798,65.61866636806265
19799,39.15420921067343
19800,69.1654134924049
19801,-75.30050936710072
19802,41.39483360002859
19803,33.98614917742315
19804,68.89238113697519
19805,-30.397267540028874
19806,66.7764666460749
19807,39.716724728183465
19808,-61.31590260941989
19809,-58.04738929084902
19810,-65.30218318231552
19811,-3.693898075830517
19812,-71.65100610823352
19813,44.12755259447975
19814,-60.65944655896097
19815,30.97361042702581
19816,-6.157538664923608
19817,-15.30107399321144
19818,-9.383152464744148
19819,58.59497297528896
19820,-63.184335664956045
19821,70.32482378315694
19822,38.67230050042009
19823,-10.416578099856844
19824,-59.67982655333128
19825,40.86506962079018
19826,-77.72746597668352
19827,-68.81651360706033
19828,-7.665348371786735
19829,-30.699216086571727
19830,-24.460789817290067
19831,-76.43429035422248
19832,45.13406866153811
19833,-7.279111118423714
19834,39.19405494350064
19835,66.8982210992381
19836,-69.1108440763988
19837,37.66780236975905
19838,63.129233766891815
19839,-59.421559019780354
19840,-61.14862272869807
19841,38.48217375866092
19842,39.0871037565182
19843,-27.214856542695617
19844,45.35862484740782
19845,-73.44337513523335
19846,-37.23590273224739
19847,-74.32363958445099
19848,67.08808768840659
19849,-58.97917829402571
19850,-26.144736014470983
19851,-35.46620779790231
19852,-75.55271538264526
19853,-72.0330868127532
19854,-7.279111118423714
19855,-75.85601999380322
19856,-13.317388659515156
19857,-11.394115741995764
19858,-59.421559019780354
19859,-76.26789217128984
19860,40.64379966038192
19861,-75.70289732042383
19862,-58.00031783149858
19863,59.61531407818225
19864,-7.107743604019028
19865,-6.5703198847991775
19866,-63.89045597399472
19867,67.69989759246694
19868,-24.662776038218134
19869,43.24829596486021
19870,-73.12482931658802
19871,-66.4586885973405
19872,-11.852639830167869
19873,-18.468812388234426
19874,-60.8667719539977
19875,-15.589119622991538
19876,-15.460845389709734
19877,-23.240159017426908
19878,-28.06094014377452
19879,42.68547390800978
19880,63.571409951923954
19881,-26.91989886209237
19882,-56.45832446812344
19883,63.9627954071538
19884,-12.049021256099708
19885,40.55002739266219
19886,69.78558502482855
19887,-29.234453720093235
19888,-78.61903689703036
19889,-75.69417882155004
19890,-7.863026491740415
19891,64.10754354215726
19892,-30.64428510515276
19893,-79.84239610572016
19894,-80.34077274564217
19895,49.54984686840421
19896,45.82435364557828
19897,43.87982810510486
19898,68.70655532372105
19899,-38.8831028535937
19900,-75.38273224315624
19901,40.1033233094665
19902,-29.234453720093235
19903,41.39483360002859
19904,33.85224976141544
19905,-25.948784880694795
19906,67.03930729700988
19907,-33.786480423018034
19908,-80.86626996389552
19909,-7.426794168357564
19910,-81.70206535945374
19911,-65.6583227980535
19912,51.09931107763199
19913,44.12755259447975
19914,45.44214804694039
19915,-3.693898075830517
19916,-19.760832676919083
19917,67.73037080737443
19918,-62.763418147656274
19919,-81.89612832778585
19920,-5.74962048915692
19921,-63.96528066125693
19922,-32.82617306875699
19923,40.55002739266219
19924,66.77766253911348
19925,66.35704964681295
19926,62.74965113083674
19927,-77.06369466188457
19928,-73.65703420366022
19929,-79.39372742502891
19930,-9.990748361024847
19931,36.73020778501858
19932,-77.41495993466842
19933,-66.4586885973405
19934,-27.196320125794152
19935,-8.412841856256358
19936,-64.24274287214703
19937,40.86506962079018
19938,-56.77797781494632
19939,-28.06094014377452
19940,35.96244620091738
19941,-12.298636773201965
19942,-67.20993764550568
19943,-64.76094420633807
19944,60.45722844074674
19945,31.487172524260394
19946,-3.515623042681264
19947,63.9627954071538
19948,66.7764666460749
19949,-10.819394785437348
19950,-27.62426939786312
19951,-25.702278213684323
19952,-23.240159017426908
19953,60.12695446585756
19954,-8.407097211052797
19955,-20.61567683181252
19956,31.44862756738726
19957,-19.23569418484458
19958,-59.763745271438346
19959,-8.45347759443654
19960,47.229201363889935
19961,-60.82278874290614
19962,-10.103722750936996
19963,67.73037080737443
19964,-8.522810119748954
19965,-56.44048624151338
19966,-8.376647454405033
19967,-74.69179329483708
19968,-24.276366012651327
19969,-73.39838389734624
19970,39.63575854897799
19971,-60.8802948210509
19972,56.28701251904627
19973,55.222927162588
19974,69.42256445973199
19975,38.48217375866092
19976,3.875082188244569
19977,-58.05850717031953
19978,-6.263890316457006
19979,25.21582787180517
19980,-58.69726909386384
19981,31.44862756738726
19982,-1.5360726202907884
19983,-20.37140372027273
19984,-9.81044041537216
19985,67.21985497819523
19986,31.21951835931531
19987,-34.00981178672109
19988,-30.78006164630147
19989,0.0968458685967403
19990,63.9627954071538
19991,-0.7223372345004252
19992,-3.8501193832015534
19993,-26.77503773475722
19994,-0.074822446946742
19995,-20.61567683181252
19996,-10.911099258167322
19997,60.63589131389216
19998,-10.355778025870023
19999,-24.440853200875736
20000,1.6535811230770694
20001,-15.577098708555011
20002,40.05541662796517
20003,30.97361042702581
20004,-70.42651736399226
20005,-71.65100610823352
20006,-3.865827000169471
20007,42.50338451378086
20008,-63.184335664956045
20009,-7.576219139571599
20010,0.4055055530548221
20011,-27.8725319140818
20012,62.99242741394615
20013,29.70813353038117
20014,46.8362291212742
20015,-7.805268761608353
20016,-0.2770773706929468
20017,64.92261985599832
20018,-4.315524654584396
20019,-76.20518760644218
20020,-71.68896816271337
20021,45.42281588014838
20022,-75.44792763802995
20023,-5.342279109104746
20024,-62.042395272670106
20025,-1.2720857150447618
20026,-13.059702283367567
20027,66.94522262429047
20028,-33.96477258438982
20029,-27.62426939786312
20030,39.18581788641187
20031,40.86506962079018
20032,-15.917026231094912
20033,-0.4081034058891308
20034,-31.92822004811304
20035,-25.13506859748534
20036,-8.294121931478347
20037,63.63241417804792
20038,-87.38562543156883
20039,-20.37140372027273
20040,60.55712629353688
20041,-27.62426939786312
20042,63.9627954071538
20043,-77.75187638123779
20044,-28.90186848670095
20045,-9.926201611107116
20046,-63.11656046246069
20047,46.4175543017656
20048,-81.89612832778585
20049,-13.75980179695537
20050,63.59595919529449
20051,-2.563201076183545
20052,-54.83599230106167
20053,-4.1185601939953855
20054,-63.43510842125305
20055,33.54451017326792
20056,2.974263860145128
20057,-2.162809916388176
20058,-11.128933985954962
20059,-8.564916521665584
20060,-25.2134443964906
20061,71.0570350353165
20062,-69.81009004528968
20063,-26.801482222668508
20064,-1.7538787396662487
20065,-4.074611047917582
20066,-81.57504293108181
20067,-8.407097211052797
20068,-2.1959465750849283
20069,-71.65100610823352
20070,-79.39372742502891
20071,-13.059702283367567
20072,-31.92822004811304
20073,0.895905112037839
20074,-88.31960653039458
20075,-80.47567387535985
20076,-23.228415549696383
20077,-70.5681652635888
20078,-24.225656445595668
20079,39.93926100246431
20080,-18.25527883231674
20081,70.72477142257084
20082,-33.72631976511244
20083,-28.90186848670095
20084,-2.1332394359563702
20085,-79.39372742502891
20086,-78.73546105388984
20087,71.11896712743159
20088,-76.71918713064476
20089,-77.76258573058554
20090,-2.203955770531951
20091,-76.59813422674921
20092,61.65733086081194
20093,-65.37021183265733
20094,-9.987977057452069
20095,68.09888402953423
20096,-7.107743604019028
20097,-6.373936917803951
20098,47.29628244747444
20099,38.48217375866092
20100,-2.6624089756284515
20101,-80.79785334945407
20102,-28.97412543165824
20103,-6.373936917803951
20104,-1.4562171804610644
20105,44.81237710395254
20106,-76.31304355039254
20107,-78.32885861552116
20108,-62.99632779760578
20109,-81.76573769589145
20110,36.28668631235398
20111,-63.15914710826492
20112,-17.210627382213307
20113,36.79548780417282
20114,64.97387094309349
20115,-69.72486643888398
20116,-68.590120002096
20117,-7.169028728198814
20118,66.35704964681295
20119,29.70813353038117
20120,-62.7265333725379
20121,-27.82455599389561
20122,45.79096568981189
20123,-80.86626996389552
20124,25.21582787180517
20125,-65.64980404033732
20126,-4.332467753633646
20127,-27.04328663829886
20128,65.95317514570607
20129,-1.5812031282605008
20130,55.198402971881954
20131,-3.403523172295552
20132,-69.1108440763988
20133,0.3476939067904381
20134,-28.674605057135988
20135,-10.416578099856844
20136,38.67230050042009
20137,40.70651984247744
20138,37.89566845081344
20139,-8.376647454405033
20140,60.55712629353688
20141,-7.805268761608353
20142,69.42256445973199
20143,-75.53472296097496
20144,-7.89318828856954
20145,-9.934871265021034
20146,58.88909244048122
20147,-14.212516807326164
20148,-11.590773031077472
20149,44.18069250119844
20150,-7.9380160313626895
20151,-10.355778025870023
20152,46.4068987404177
20153,-2.203955770531951
20154,-73.84777657474177
20155,35.96244620091738
20156,-84.43723426707439
20157,-2.1332394359563702
20158,-58.36382486905759
20159,40.96821318371346
20160,-58.97917829402571
20161,-20.61567683181252
20162,-15.04706644159366
20163,-74.40062893798145
20164,-3.8646909375266976
20165,-30.397267540028874
20166,-0.2830640854351154
20167,60.63589131389216
20168,0.5103984904380727
20169,-4.965056950087895
20170,66.68973318585694
20171,38.67230050042009
20172,-24.33278897330616
20173,-7.349422788707052
20174,-6.5703198847991775
20175,0.5548331985151744
20176,-80.79785334945407
20177,-78.31344138669266
20178,-4.866197078232533
20179,71.421550514528
20180,38.67337067966373
20181,-4.739831756831482
20182,-83.95075863615104
20183,-2.3012832349580723
20184,0.1014447570466994
20185,-16.7838324092353
20186,0.3476939067904381
20187,-64.14013557536812
20188,-8.122243722507376
20189,37.2282285842621
20190,-58.27430643737086
20191,-60.8943145167429
20192,-29.32090833146413
20193,-75.44792763802995
20194,-48.82567952773323
20195,66.77766253911348
20196,40.05541662796517
20197,69.61330937343641
20198,40.55002739266219
20199,61.65733086081194
20200,-80.47567387535985
20201,-29.534371465653003
20202,61.5601322602892
20203,-5.9029465718457
20204,-67.28715720163231
20205,-66.2047283744101
20206,45.872719147555934
20207,-57.67532139416201
20208,32.2838135309433
20209,-73.12482931658802
20210,-15.577098708555011
20211,28.542221057423305
20212,-75.58392958725685
20213,-13.75980179695537
20214,-75.58392958725685
20215,-34.00981178672109
20216,-7.535637695720222
20217,-14.962617910625337
20218,-13.480295109236437
20219,-76.26789217128984
20220,66.8982210992381
20221,-4.315524654584396
20222,-81.89612832778585
20223,-8.564916521665584
20224,-63.184335664956045
20225,-30.699216086571727
20226,-66.2047283744101
20227,67.76924991204609
20228,-62.18412646358801
20229,-41.0767919010293
20230,-70.70256646476258
20231,68.86433077566082
20232,-1.716596979267555
20233,31.487172524260394
20234,4.170495092536795
20235,28.030447061622567
20236,-66.4586885973405
20237,-23.19834309216585
20238,-28.674605057135988
20239,-0.7403427483562188
20240,-7.279111118423714
20241,-27.62426939786312
20242,-28.301895590906028
20243,-8.773336817964841
20244,-25.996454643784585
20245,-8.541245875314775
20246,62.29830122049849
20247,-64.24274287214703
20248,-81.89612832778585
20249,-67.69231311651517
20250,-76.26789217128984
20251,39.428567061069
20252,-72.98353429612355
20253,-2.019057609769108
20254,-31.9926982251258
20255,55.89332036903958
20256,-28.342314620201645
20257,67.7843972998122
20258,-3.693898075830517
20259,-30.699216086571727
20260,-80.79785334945407
20261,40.59692984554024
20262,-15.589119622991538
20263,64.92261985599832
20264,-63.43510842125305
20265,-76.29727869596502
20266,-32.601622031467095
20267,-24.81125920592428
20268,-7.535637695720222
20269,-59.13408803237272
20270,-32.80907145987602
20271,-7.107743604019028
20272,-64.24274287214703
20273,-67.28715720163231
20274,-9.990748361024847
20275,-58.05850717031953
20276,-69.81009004528968
20277,-8.484245799463238
20278,-83.95075863615104
20279,-4.851195296401446
20280,-0.365556113965864
20281,34.63153548297781
20282,-57.946951968465655
20283,-2.1332394359563702
20284,-61.14862272869807
20285,-29.57503009696714
20286,-8.773336817964841
20287,-10.25719889435179
20288,-25.875146200989665
20289,35.07081704521592
20290,33.19070542921338
20291,-8.998386179710504
20292,60.35199537284139
20293,-25.995412959283616
20294,-2.1290250863312523
20295,38.67337067966373
20296,-33.96477258438982
20297,-38.8831028535937
20298,-30.82835233447264
20299,-76.20518760644218
20300,-30.64428510515276
20301,46.93960913771803
20302,-13.480295109236437
20303,67.03930729700988
20304,-41.0767919010293
20305,-9.441977635857658
20306,-25.605799646617488
20307,-24.225656445595668
20308,0.4250650383240275
20309,-77.75187638123779
20310,-7.565390883369423
20311,-13.063874198812751
20312,-7.349422788707052
20313,40.67379252280485
20314,-80.34077274564217
20315,55.89332036903958
20316,-76.82941512262413
20317,30.77074276094612
20318,-7.527238523341955
20319,-7.6110142105957825
20320,40.70651984247744
20321,-13.059702283367567
20322,-58.69726909386384
20323,70.47459302310932
20324,-25.866347967864264
20325,-25.13506859748534
20326,-30.11186576529964
20327,33.98614917742315
20328,37.290402197596094
20329,-6.5703198847991775
20330,46.46610274886668
20331,-1.299491261768874
20332,-70.70256646476258
20333,36.80775072665367
20334,-14.212516807326164
20335,-69.23360706951635
20336,66.35704964681295
20337,-8.361830999708147
20338,-81.42123937834226
20339,40.05541662796517
20340,-56.69061209627357
20341,-82.32689776134518
20342,-77.93205271515313
20343,-3.403523172295552
20344,-55.18678273381351
20345,-80.41981960884789
20346,-78.73546105388984
20347,35.67844977385289
20348,-14.57456170829452
20349,43.412609839381496
20350,-6.828221392772113
20351,-74.25125170748643
20352,-11.043080249819214
20353,-30.913709283730512
20354,-6.71918661155035
20355,66.77766253911348
20356,-9.4271708970347
20357,-28.046196264294743
20358,41.57146588768431
20359,-7.665348371786735
20360,-32.82617306875699
20361,-1.5976692398978365
20362,-30.699216086571727
20363,33.54451017326792
20364,-22.95833051694956
20365,-23.228415549696383
20366,-79.84239610572016
20367,42.71472777606471
20368,-7.169028728198814
20369,40.86506962079018
20370,41.7106940555829
20371,43.788176834569725
20372,-28.674605057135988
20373,65.95317514570607
20374,31.683695207764263
20375,-14.962617910625337
20376,-63.92919875957542
20377,67.7843972998122
20378,-73.27344371268414
20379,-68.81651360706033
20380,-35.43621818087367
20381,-24.460789817290067
20382,-25.996454643784585
20383,34.63153548297781
20384,-84.511626032849
20385,63.34649404674421
20386,-26.87152667689525
20387,-77.22896542615528
20388,-82.32689776134518
20389,40.60152413495288
20390,-10.701843950579995
20391,-53.19567376730451
20392,57.02506611978024
20393,-35.43621818087367
20394,33.98614917742315
20395,-25.13506859748534
20396,-11.933703657665657
20397,38.67230050042009
20398,0.9712189499496572
20399,-62.763418147656274
20400,-13.063874198812751
20401,-9.356172930971978
20402,-79.98250767642739
20403,63.20371249263128
20404,39.428567061069
20405,-7.576219139571599
20406,34.63153548297781
20407,40.05541662796517
20408,40.86506962079018
20409,-41.0767919010293
20410,-67.20993764550568
20411,-76.56360502729947
20412,-63.2169887258768
20413,-26.18155510175201
20414,-9.35923356997813
20415,-9.990748361024847
20416,-51.91035976398874
20417,-15.973730131110354
20418,41.02671070505475
20419,56.28701251904627
20420,42.225711043486406
20421,-8.45347759443654
20422,-58.00031783149858
20423,-87.38562543156883
20424,58.73200185491031
20425,-16.814432253362412
20426,-5.024984395894226
20427,-4.962656132774111
20428,-59.421559019780354
20429,-24.943196385712383
20430,-56.47760062442587
20431,-66.4586885973405
20432,-7.994377138131335
20433,65.95317514570607
20434,64.77166809460407
20435,-61.14862272869807
20436,-9.66153377822256
20437,-79.33733625792362
20438,-5.9029465718457
20439,-4.274833654493819
20440,-60.8943145167429
20441,-63.15914710826492
20442,72.86895941830286
20443,36.57701380990932
20444,-27.72228705092546
20445,40.59692984554024
20446,39.3487227926117
20447,-23.26517819278701
20448,-40.30546066062674
20449,-69.72330827080067
20450,-13.063874198812751
20451,-71.36276563956189
20452,70.05324154417174
20453,66.78066344219579
20454,-19.58074230074273
20455,-84.43723426707439
20456,-0.7223372345004252
20457,-25.605799646617488
20458,-6.828221392772113
20459,-7.535637695720222
20460,38.10818299516925
20461,-31.92822004811304
20462,-59.15845465330175
20463,-58.94241636920606
20464,-30.11186576529964
20465,-5.74962048915692
20466,-74.66022249363479
20467,69.02898993839482
20468,-4.364820084725427
20469,-54.937013498677175
20470,-7.665348371786735
20471,-31.92822004811304
20472,68.63921863176331
20473,-57.132948224024986
20474,-2.229745657303706
20475,-7.805268761608353
20476,46.150312052551634
20477,66.8982210992381
20478,-38.55181078213773
20479,-64.24274287214703
20480,-8.122243722507376
20481,-10.911099258167322
20482,-1.8770732482137864
20483,-55.94089995047973
20484,38.963822305629634
20485,65.15720197223072
20486,-18.43812571372117
20487,-33.96477258438982
20488,-29.6753759643969
20489,-64.24274287214703
20490,59.84470887382063
20491,-63.97323524609343
20492,60.453747594835455
20493,-82.32689776134518
20494,-78.61903689703036
20495,-81.89612832778585
20496,-28.311176307635183
20497,-12.361232085988624
20498,-89.32541003849344
20499,64.60164848930269
20500,-2.4565865500265742
20501,-14.131435485823497
20502,-4.601596119451536
20503,70.47472981409057
20504,-78.20863557559869
20505,-25.2134443964906
20506,-83.97374552011863
20507,-1.7326072360949532
20508,-1.441076291296743
20509,-27.04328663829886
20510,45.05340401072787
20511,-9.36466339227301
20512,-87.38562543156883
20513,38.59241824869825
20514,-4.449661962460196
20515,-0.7009948163730897
20516,67.37333715622367
20517,-74.36635051330484
20518,-19.92783665397388
20519,42.225711043486406
20520,-18.468812388234426
20521,-63.57284461651458
20522,-57.542686154431074
20523,-24.78353026692184
20524,67.57319093957956
20525,40.64379966038192
20526,68.80208169100483
20527,-23.91582042642847
20528,-37.23590273224739
20529,-20.37140372027273
20530,60.63589131389216
20531,-27.196320125794152
20532,-8.006157741871373
20533,-31.92822004811304
20534,31.21951835931531
20535,-77.22896542615528
20536,-26.76612940797234
20537,-27.04328663829886
20538,-0.7238152038266996
20539,-65.19679589824236
20540,-6.920970335772696
20541,-2.1959465750849283
20542,-9.35923356997813
20543,-13.059702283367567
20544,-75.9590509737492
20545,-16.7838324092353
20546,-15.231231966706488
20547,68.86433077566082
20548,-27.793946711089504
20549,0.8217729438933916
20550,28.030447061622567
20551,-30.11186576529964
20552,67.69989759246694
20553,-6.5703198847991775
20554,-3.0403902213207608
20555,44.52401198710636
20556,-65.64980404033732
20557,-18.370875529489048
20558,64.16742558500204
20559,-30.78006164630147
20560,-58.97917829402571
20561,-6.125247245308964
20562,-81.23675568846892
20563,-80.79785334945407
20564,70.25245434906459
20565,-13.063874198812751
20566,-8.777860383300162
20567,36.02392792968724
20568,37.46147862408026
20569,-6.350368876773383
20570,-7.695090828811523
20571,-31.7988874073324
20572,-78.5402718500243
20573,-13.317388659515156
20574,-70.42651736399226
20575,-73.96272183393918
20576,60.384225150638486
20577,-32.82617306875699
20578,41.80901430484061
20579,-66.2047283744101
20580,-79.43339475196805
20581,-65.19679589824236
20582,-77.75187638123779
20583,-3.0696825039247413
20584,-29.770367088832423
20585,55.89332036903958
20586,-81.7934180584263
20587,-73.12482931658802
20588,66.35704964681295
20589,-7.349422788707052
20590,57.02506611978024
20591,-55.42663443068381
20592,-28.674605057135988
20593,28.542221057423305
20594,-4.819697650188969
20595,-32.601622031467095
20596,66.7764666460749
20597,-65.19679589824236
20598,-27.794564137275657
20599,31.487172524260394
20600,-68.11476325968539
20601,-76.59813422674921
20602,-5.475442011729084
20603,38.48217375866092
20604,60.12695446585756
20605,68.53767125858919
20606,-4.293936931564016
20607,69.87105090474824
20608,36.98020093309093
20609,37.89566845081344
20610,-3.403523172295552
20611,-66.2047283744101
20612,-7.9380160313626895
20613,-69.98481592637914
20614,37.89566845081344
20615,63.59595919529449
20616,-3.403523172295552
20617,-8.45347759443654
20618,40.64379966038192
20619,0.4456349989866268
20620,-65.8702774207456
20621,28.542221057423305
20622,-9.908484871159496
20623,-81.57504293108181
20624,-77.22147271752802
20625,60.453747594835455
20626,-73.00155292893714
20627,-66.2047283744101
20628,-29.534371465653003
20629,-34.118190507798374
20630,71.79676819785489
20631,35.07081704521592
20632,68.86433077566082
20633,0.4458717528765596
20634,-76.977304184558
20635,-73.44337513523335
20636,34.63153548297781
20637,-7.863026491740415
20638,-24.662776038218134
20639,-0.7447576844699872
20640,-7.805268761608353
20641,-11.14049756069662
20642,64.60164848930269
20643,-78.49856204314597
20644,-84.43723426707439
20645,-71.74996148209614
20646,36.12136570768311
20647,43.49920452953822
20648,62.724395066182765
20649,-25.211435304921984
20650,-5.162801676851602
20651,67.62474902268548
20652,63.9627954071538
20653,41.06296956137879
20654,64.31363668503516
20655,-2.4565865500265742
20656,-82.80163162175951
20657,-29.58343573523238
20658,-28.058949833879595
20659,62.84680772604126
20660,65.95317514570607
20661,64.66963279004305
20662,-26.144736014470983
20663,-33.96477258438982
20664,-9.198501865279589
20665,-10.911099258167322
20666,-82.43584273640528
20667,-78.61903689703036
20668,-10.677525801718376
20669,-7.440781993461158
20670,3.28586079275712
20671,-4.074611047917582
20672,67.41937267677429
20673,48.66507009499288
20674,-5.09186024801478
20675,-28.66416516329261
20676,-67.87798252912847
20677,2.871242737284944
20678,-72.29020778699514
20679,-84.24630518585974
20680,66.7764666460749
20681,-24.943196385712383
20682,-36.11570833539479
20683,-4.937319776337265
20684,-65.8702774207456
20685,-81.89612832778585
20686,-64.20977893680947
20687,-77.93205271515313
20688,28.542221057423305
20689,-79.43339475196805
20690,72.07046912396689
20691,-11.055901241191783
20692,-63.92919875957542
20693,44.11932470402306
20694,31.44862756738726
20695,-80.79785334945407
20696,-4.364820084725427
20697,61.72962608758042
20698,62.409349659531976
20699,-3.673514810721768
20700,-28.674605057135988
20701,-73.12482931658802
20702,-40.30546066062674
20703,-75.40557770940643
20704,-3.673514810721768
20705,38.10818299516925
20706,45.16256501087814
20707,-81.76573769589145
20708,37.34297657987819
20709,41.06296956137879
20710,1.8958961206898768
20711,-35.60382812888295
20712,-2.7303483661296672
20713,61.5601322602892
20714,-24.326070554890265
20715,-77.67605963834788
20716,-78.61903689703036
20717,71.79676819785489
20718,-58.1945971924889
20719,-25.73517458214591
20720,-1.0112499325753577
20721,66.35704964681295
20722,58.73687668445402
20723,46.91319427097436
20724,47.32903642635981
20725,35.07081704521592
20726,-29.57503009696714
20727,64.65881453767116
20728,36.34652433707826
20729,39.30813424662845
20730,40.67379252280485
20731,-79.43339475196805
20732,-7.107743604019028
20733,-9.926201611107116
20734,-76.69220960250576
20735,-3.865827000169471
20736,-29.770367088832423
20737,1.067186134582628
20738,33.98614917742315
20739,-25.13506859748534
20740,-2.4565865500265742
20741,-23.19834309216585
20742,52.917242361231445
20743,-74.32363958445099
20744,-6.345471635575036
20745,64.65881453767116
20746,-0.365556113965864
20747,-65.83226573821777
20748,-10.355778025870023
20749,-60.054103778544906
20750,35.07081704521592
20751,36.28668631235398
20752,-13.476253731224508
20753,-60.8087694951444
20754,-40.30546066062674
20755,38.425055058381446
20756,63.18027040507523
20757,-74.23262637000889
20758,-36.66579030082869
20759,57.02506611978024
20760,-54.94400624915717
20761,-55.29145450485911
20762,-82.56411153770817
20763,-12.361232085988624
20764,64.87990593813024
20765,38.59241824869825
20766,56.28701251904627
20767,-81.7934180584263
20768,-78.5402718500243
20769,59.84470887382063
20770,45.44214804694039
20771,48.7794366395813
20772,-71.96627155376433
20773,-5.684514372779628
20774,-8.66919407621814
20775,-1.299491261768874
20776,-18.43812571372117
20777,-76.29727869596502
20778,-60.8310760625852
20779,-7.279111118423714
20780,-6.151596672024986
20781,-29.33091278241128
20782,-3.403523172295552
20783,41.7106940555829
20784,-53.74442781204701
20785,-3.1889935738949866
20786,64.08524421076966
20787,-70.42651736399226
20788,-77.06369466188457
20789,-81.23675568846892
20790,-61.31190805927156
20791,-63.11656046246069
20792,-4.851195296401446
20793,-9.35923356997813
20794,-58.00031783149858
20795,-21.01822730217017
20796,-54.51465318339167
20797,-82.56411153770817
20798,-7.994377138131335
20799,-29.21198351195758
20800,-67.15561918614304
20801,-80.36192439099662
20802,40.22004351655698
20803,66.94522262429047
20804,-9.32818423338258
20805,-58.94241636920606
20806,-8.361830999708147
20807,-79.39372742502891
20808,-24.5307862871624
20809,-10.819394785437348
20810,68.90130274575445
20811,-14.10466509357591
20812,51.09931107763199
20813,-56.12816872218467
20814,-60.8667719539977
20815,33.63056666162687
20816,38.59241824869825
20817,-66.2047283744101
20818,41.80901430484061
20819,-84.24630518585974
20820,62.74965113083674
20821,37.17141269203088
20822,-54.541974849150336
20823,-35.46620779790231
20824,60.12695446585756
20825,-32.601622031467095
20826,-57.1093757108621
20827,-3.1785435777028264
20828,-29.57503009696714
20829,-15.460845389709734
20830,-77.22896542615528
20831,62.96649744069168
20832,-11.850130996166351
20833,-11.852639830167869
20834,67.62474902268548
20835,71.4219283090535
20836,-0.3731277833208032
20837,67.21985497819523
20838,-84.24630518585974
20839,-14.57456170829452
20840,67.81228209838734
20841,-10.911099258167322
20842,-61.14862272869807
20843,-74.11532485083782
20844,-64.14013557536812
20845,-80.79785334945407
20846,-22.30422873381617
20847,-68.81651360706033
20848,-2.575938424245201
20849,-73.65703420366022
20850,32.69588996702268
20851,-0.59488721936843
20852,37.2282285842621
20853,64.97387094309349
20854,-1.716596979267555
20855,-1.8638897345475025
20856,-58.05850717031953
20857,-65.8702774207456
20858,-20.658495041510783
20859,66.77766253911348
20860,-1.5976692398978365
20861,-58.00031783149858
20862,68.6152055068016
20863,-28.90186848670095
20864,-13.637693723953872
20865,-33.930555586746124
20866,-66.73033125950218
20867,-66.2047283744101
20868,-26.76612940797234
20869,64.97387094309349
20870,-27.258273608012505
20871,41.57146588768431
20872,-33.72631976511244
20873,-5.072098255318222
20874,35.94116178490836
20875,40.49049676084206
20876,-74.66022249363479
20877,0.922719022951088
20878,45.43474553578677
20879,-61.31190805927156
20880,57.04752651240213
20881,-63.67994903912832
20882,-63.71571672236675
20883,-72.3042262797047
20884,-74.32363958445099
20885,37.51651740710342
20886,39.18581788641187
20887,-24.225656445595668
20888,-2.4760701982833213
20889,-12.178977803505688
20890,-77.41495993466842
20891,-68.05295788476502
20892,-60.78238313709349
20893,-8.707807033301501
20894,57.02506611978024
20895,-0.3396823044578525
20896,-59.2277774877864
20897,60.453747594835455
20898,-7.279111118423714
20899,-8.474778576188333
20900,-81.7934180584263
20901,-26.98842288009173
20902,-5.417142950907328
20903,-66.45634504013313
20904,-27.82455599389561
20905,-8.474778576188333
20906,-22.95833051694956
20907,-81.91294189632991
20908,-4.315524654584396
20909,-21.803101021433022
20910,30.6144577809598
20911,-2.6066423652521244
20912,-72.0330868127532
20913,-65.8702774207456
20914,-9.35923356997813
20915,-3.965658415218525
20916,-31.44827116249608
20917,-32.82617306875699
20918,-16.814432253362412
20919,-10.403410304612764
20920,0.181295142086209
20921,43.93166454962573
20922,-7.695090828811523
20923,66.56770524333717
20924,40.92028368408791
20925,-15.006142531039956
20926,-60.8667719539977
20927,-15.917026231094912
20928,-60.5012369285982
20929,-64.24274287214703
20930,55.89332036903958
20931,-11.14049756069662
20932,38.963822305629634
20933,-83.44109879028152
20934,-27.70967271874153
20935,-26.801482222668508
20936,-8.65719236910789
20937,-60.45301449946304
20938,-76.977304184558
20939,-5.74962048915692
20940,52.917242361231445
20941,71.09152971352395
20942,-13.059702283367567
20943,30.6144577809598
20944,-11.856144876145509
20945,-78.11192152496874
20946,-8.474778576188333
20947,-6.401952123053142
20948,-8.65719236910789
20949,63.36329601679671
20950,-83.44109879028152
20951,-1.5057853366532647
20952,-77.41495993466842
20953,-70.01854353421113
20954,-6.404630567563544
20955,-8.474778576188333
20956,39.13446134154033
20957,46.150312052551634
20958,-18.43812571372117
20959,-81.23675568846892
20960,-59.421559019780354
20961,61.65733086081194
20962,-3.865827000169471
20963,-50.84905262296446
20964,-7.665348371786735
20965,-75.19969058696712
20966,61.5601322602892
20967,32.69588996702268
20968,-74.25125170748643
20969,44.24767284663557
20970,-15.577098708555011
20971,-16.814432253362412
20972,-55.81536743410341
20973,-13.637693723953872
20974,39.3487227926117
20975,-27.77586871376267
20976,-76.20518760644218
20977,-61.7363371438998
20978,61.65733086081194
20979,-11.128933985954962
20980,-78.15872641322393
20981,-16.81459681963039
20982,-84.3648548258391
20983,-81.89612832778585
20984,-76.29727869596502
20985,43.01384527668656
20986,-15.973730131110354
20987,-76.70534265005755
20988,-25.885397242356365
20989,-75.55271538264526
20990,56.40964029594935
20991,-6.404630567563544
20992,-77.93205271515313
20993,-2.131286783264806
20994,-78.31344138669266
20995,-81.89612832778585
20996,68.63921863176331
20997,33.50887235905374
20998,39.45789020169954
20999,-1.82630049801288
21000,41.80901430484061
21001,-10.691420735857784
21002,-6.549763219351499
21003,-76.70534265005755
21004,-29.21198351195758
21005,-37.23590273224739
21006,-9.078302106225603
21007,-7.615635952901939
21008,-58.71255168171633
21009,-79.38375027280429
21010,-2.563201076183545
21011,65.62946219039846
21012,-6.05809690664547
21013,-7.385015938971383
21014,-75.70289732042383
21015,-3.673514810721768
21016,63.42575175063263
21017,-1.5057853366532647
21018,-15.917026231094912
21019,0.1789889977309837
21020,-6.24445369728976
21021,-20.81204062311076
21022,-33.96477258438982
21023,-29.12826709898664
21024,-13.063874198812751
21025,62.74965113083674
21026,-75.53472296097496
21027,57.02506611978024
21028,-22.739066994941226
21029,63.30194697622104
21030,-69.91320415788586
21031,63.571409951923954
21032,-24.943196385712383
21033,-9.906938922331433
21034,-10.819394785437348
21035,-3.8501193832015534
21036,-7.5469182830012915
21037,30.26236457742046
21038,-56.69061209627357
21039,-10.819394785437348
21040,-25.13506859748534
21041,-13.75980179695537
21042,-63.642028542901954
21043,61.80143742138343
21044,-7.279111118423714
21045,-11.20549976657278
21046,-67.28715720163231
21047,-30.82835233447264
21048,62.310155985758925
21049,-52.98884294390824
21050,-78.94319141151207
21051,-9.441977635857658
21052,-36.12067504084688
21053,-27.82455599389561
21054,-8.96104938678045
21055,-7.863026491740415
21056,-79.33733625792362
21057,41.57146588768431
21058,-24.1327494888364
21059,-28.342314620201645
21060,-4.937319776337265
21061,64.11133524407208
21062,-30.64428510515276
21063,-6.917373074007513
21064,-16.814432253362412
21065,-76.80436683446176
21066,-4.364820084725427
21067,-2.1959465750849283
21068,-4.739831756831482
21069,-68.05295788476502
21070,66.56770524333717
21071,-67.87798252912847
21072,-56.73126605692045
21073,-58.54929283226923
21074,-32.82617306875699
21075,-7.565390883369423
21076,-24.397356350416487
21077,-27.04328663829886
21078,-4.274833654493819
21079,-63.642028542901954
21080,-73.7672165649841
21081,-64.56341685355082
21082,44.827085939884846
21083,36.85382190775398
21084,-7.349422788707052
21085,-25.36382025200381
21086,0.9464747068601872
21087,-30.78006164630147
21088,-73.84777657474177
21089,42.41568708717269
21090,62.99242741394615
21091,-67.87798252912847
21092,-16.7838324092353
21093,-9.441977635857658
21094,-24.460789817290067
21095,-8.96104938678045
21096,-24.78353026692184
21097,-80.36192439099662
21098,67.69989759246694
21099,-64.56341685355082
21100,-30.78006164630147
21101,38.59241824869825
21102,-76.78671042101858
21103,-10.501157582783614
21104,-4.962656132774111
21105,-82.80163162175951
21106,-6.003070180475311
21107,31.44862756738726
21108,-29.57503009696714
21109,46.101942286238994
21110,-67.20993764550568
21111,-1.3642276016202848
21112,-2.563201076183545
21113,-16.7838324092353
21114,-6.401952123053142
21115,-26.875910005136763
21116,63.78223711798851
21117,-14.10466509357591
21118,64.66963279004305
21119,-25.875146200989665
21120,-37.23590273224739
21121,63.04284043053696
21122,-16.7838324092353
21123,41.80901430484061
21124,-3.693898075830517
21125,-24.50757666099082
21126,-79.39372742502891
21127,-1.8770732482137864
21128,-0.5546131599583308
21129,-81.57504293108181
21130,-23.19834309216585
21131,-4.739831756831482
21132,60.384225150638486
21133,44.58756894584163
21134,-24.1327494888364
21135,-63.97323524609343
21136,61.595644855867874
21137,51.09931107763199
21138,-9.35923356997813
21139,42.12863469052229
21140,-0.074822446946742
21141,-5.162801676851602
21142,-30.94150617225749
21143,28.542221057423305
21144,-61.53242390536847
21145,-9.205266301730358
21146,63.42575175063263
21147,45.12839996191616
21148,-5.09186024801478
21149,-73.2243056508933
21150,37.290402197596094
21151,-70.42651736399226
21152,-76.29727869596502
21153,-6.345471635575036
21154,-6.920970335772696
21155,-8.998386179710504
21156,-82.32689776134518
21157,64.97387094309349
21158,-30.699216086571727
21159,45.57827161095585
21160,33.10127757206775
21161,-9.987977057452069
21162,-7.994377138131335
21163,-75.94283575176314
21164,-4.819697650188969
21165,-6.166280969936985
21166,34.63153548297781
21167,-5.700132019976824
21168,-5.8959775593028825
21169,43.49920452953822
21170,-2.8191033583627885
21171,-77.41495993466842
21172,-2.437876516297673
21173,-57.542686154431074
21174,-72.19399552734338
21175,62.14051651627452
21176,-1.716596979267555
21177,-26.98842288009173
21178,-6.31019377549007
21179,-7.885948741005057
21180,-25.2134443964906
21181,-15.414818513016003
21182,-24.829227564477137
21183,-6.345471635575036
21184,-64.14013557536812
21185,65.41810680152666
21186,-28.66416516329261
21187,-29.12826709898664
21188,-4.071835130519993
21189,-5.09186024801478
21190,-66.4586885973405
21191,70.98384980379664
21192,-72.79707612355234
21193,-9.35923356997813
21194,-84.24630518585974
21195,-73.00155292893714
21196,-6.900965466820537
21197,62.99242741394615
21198,-84.43723426707439
21199,74.76516781273665
21200,68.25590818485138
21201,-16.7838324092353
21202,-3.370009654966733
21203,-30.699216086571727
21204,-58.86739608060551
21205,36.57701380990932
21206,-7.349422788707052
21207,-71.1507776279956
21208,38.70559140633674
21209,-21.63689040738388
21210,31.18147248959045
21211,-56.84569454470927
21212,37.40110123217303
21213,-66.2047283744101
21214,-0.6115439384035364
21215,36.02392792968724
21216,-79.33733625792362
21217,68.6152055068016
21218,-67.09786670917765
21219,-1.8770732482137864
21220,43.67660073586022
21221,-60.72397478233095
21222,-78.34529476960118
21223,-13.063874198812751
21224,-1.441076291296743
21225,-81.01405074458555
21226,35.96244620091738
21227,-2.203955770531951
21228,-5.700132019976824
21229,-78.31344138669266
21230,68.48435037016915
21231,-28.97412543165824
21232,-7.5469182830012915
21233,-15.460845389709734
21234,32.265801479202416
21235,-22.30422873381617
21236,37.544287607834086
21237,-74.00047824208083
21238,-9.908484871159496
21239,61.595644855867874
21240,-31.91217361204989
21241,-8.998386179710504
21242,35.07081704521592
21243,-63.35362137719517
21244,-63.57284461651458
21245,-33.96477258438982
21246,42.85241908840404
21247,69.39147970727896
21248,-55.444196487331325
21249,-22.30422873381617
21250,-23.73733421317996
21251,-4.866197078232533
21252,31.21951835931531
21253,-8.541245875314775
21254,-5.417142950907328
21255,-16.76665502246308
21256,-71.74996148209614
21257,35.96244620091738
21258,37.34297657987819
21259,-6.365318256068937
21260,60.0935936568464
21261,0.607463352089062
21262,-73.12482931658802
21263,48.79169725300304
21264,-74.69179329483708
21265,61.595644855867874
21266,-1.51159043839487
21267,57.5306080757028
21268,70.95019602267357
21269,62.52973097978189
21270,-8.484245799463238
21271,-60.43180254947368
21272,-51.94328098446264
21273,-0.0031276202959285
21274,-62.763418147656274
21275,-9.908484871159496
21276,45.10520191279859
21277,-7.301597468197243
21278,-9.35923356997813
21279,-67.87798252912847
21280,-6.24445369728976
21281,38.59241824869825
21282,-4.332467753633646
21283,-6.5703198847991775
21284,-83.66664387803634
21285,-8.96104938678045
21286,-13.063874198812751
21287,-58.97917829402571
21288,38.94342024882825
21289,-88.31960653039458
21290,37.40110123217303
21291,-77.67605963834788
21292,-19.64782331617057
21293,-25.36382025200381
21294,66.63133692658042
21295,-58.86739608060551
21296,40.86506962079018
21297,-31.9926982251258
21298,-33.786480423018034
21299,-57.10280774863303
21300,62.14051651627452
21301,-25.36382025200381
21302,-25.463927819528468
21303,-62.97621175475223
21304,-7.926571023867659
21305,-28.90186848670095
21306,-63.94287866911681
21307,-3.148005316888227
21308,-76.26789217128984
21309,-26.03885437145454
21310,-64.56341685355082
21311,44.81237710395254
21312,-7.279111118423714
21313,-75.53472296097496
21314,39.45789020169954
21315,-34.35896764089643
21316,-27.619340321942875
21317,-7.514817377855881
21318,-5.950321534368538
21319,-2.066783050403715
21320,40.92028368408791
21321,-13.75980179695537
21322,36.34652433707826
21323,61.46005371416136
21324,-60.8667719539977
21325,38.94342024882825
21326,-60.45301449946304
21327,-1.5360726202907884
21328,-22.95833051694956
21329,-61.44070466799776
21330,-26.237440607523432
21331,-14.131435485823497
21332,-9.908484871159496
21333,-68.81651360706033
21334,-74.36635051330484
21335,35.0014906519251
21336,-63.57284461651458
21337,-76.78671042101858
21338,63.7002574184298
21339,40.64379966038192
21340,-57.66336878771257
21341,61.805696159832095
21342,-66.2047283744101
21343,-4.601596119451536
21344,-58.97917829402571
21345,-10.920307351037412
21346,-60.5012369285982
21347,-13.4375708383983
21348,64.6473876794753
21349,47.71698964189423
21350,62.99242741394615
21351,-20.37140372027273
21352,56.40964029594935
21353,-75.17924538324257
21354,-73.30921939675959
21355,-24.662776038218134
21356,-3.148005316888227
21357,60.384225150638486
21358,-60.5012369285982
21359,-79.43339475196805
21360,-54.55178334686296
21361,-76.82941512262413
21362,43.58054199047797
21363,-61.7363371438998
21364,-74.23262637000889
21365,67.14439035902959
21366,-1.2199282807710947
21367,30.26236457742046
21368,64.81430806196548
21369,-4.866197078232533
21370,-27.82455599389561
21371,-27.72228705092546
21372,41.346402604387
21373,59.84470887382063
21374,43.63525255925197
21375,68.26501432750598
21376,1.8079022498497523
21377,63.9627954071538
21378,-65.83226573821777
21379,-6.350368876773383
21380,-9.990748361024847
21381,66.19395685111259
21382,46.14645319400104
21383,62.96649744069168
21384,-6.917373074007513
21385,-74.00047824208083
21386,68.15111187516203
21387,65.68137904922798
21388,-29.57503009696714
21389,-7.576219139571599
21390,36.02392792968724
21391,-6.373936917803951
21392,-70.231688826819
21393,37.34297657987819
21394,-28.046196264294743
21395,64.60164848930269
21396,-7.822263336812642
21397,68.70655532372105
21398,-55.83139050729894
21399,-52.75266646464727
21400,-79.84239610572016
21401,57.04752651240213
21402,59.61645468446509
21403,41.98713118278446
21404,67.14439035902959
21405,-10.531027878647556
21406,-79.43339475196805
21407,-16.81459681963039
21408,-31.7988874073324
21409,-11.590773031077472
21410,-7.926571023867659
21411,-2.1226249187859434
21412,-7.926571023867659
21413,-24.326070554890265
21414,-3.693898075830517
21415,-61.57009857418374
21416,0.1014447570466994
21417,-70.78892923432062
21418,-14.212516807326164
21419,-7.900601469260694
21420,-10.911099258167322
21421,38.97610509535531
21422,-84.43723426707439
21423,-5.417142950907328
21424,-76.71918713064476
21425,-28.674605057135988
21426,0.4055055530548221
21427,68.6152055068016
21428,33.98614917742315
21429,-0.0031276202959285
21430,43.01384527668656
21431,1.048964892749785
21432,-24.397356350416487
21433,-27.82455599389561
21434,48.527348204794826
21435,-58.19969095632004
21436,-29.534371465653003
21437,33.10127757206775
21438,64.08524421076966
21439,-76.70534265005755
21440,-65.6583227980535
21441,-3.585268609628089
21442,0.5671278677142695
21443,47.63291852666391
21444,-27.619340321942875
21445,-25.9308642131563
21446,61.72962608758042
21447,-11.20549976657278
21448,-3.8501193832015534
21449,66.96695888737044
21450,-77.80583874700397
21451,74.60854496686026
21452,-13.063874198812751
21453,-15.460845389709734
21454,39.83932148019812
21455,-34.00981178672109
21456,66.36153837901662
21457,31.487172524260394
21458,46.4068987404177
21459,40.70651984247744
21460,-63.97323524609343
21461,-75.11714065953254
21462,-62.97621175475223
21463,42.12863469052229
21464,-36.12067504084688
21465,-83.44109879028152
21466,37.544287607834086
21467,-75.53472296097496
21468,40.96821318371346
21469,37.340638304234936
21470,-82.56411153770817
21471,-62.66364549569701
21472,-0.0031276202959285
21473,-1.0881279167943716
21474,-3.148005316888227
21475,-28.86382847953667
21476,-9.593117539213694
21477,-67.20993764550568
21478,40.54302798955658
21479,-62.763418147656274
21480,30.6144577809598
21481,-23.29053946398389
21482,-6.900965466820537
21483,-3.063781849840183
21484,-9.441977635857658
21485,-14.208837182344483
21486,-22.119235562156405
21487,-57.66240754205607
21488,-75.9590509737492
21489,-29.183299230084632
21490,58.73687668445402
21491,58.9192592699003
21492,-83.10443306545086
21493,-80.36192439099662
21494,-59.54009832575596
21495,60.453747594835455
21496,-27.62426939786312
21497,-63.86874379155097
21498,40.70651984247744
21499,-31.42345581420011
21500,-23.73846522145009
21501,-75.70289732042383
21502,59.84470887382063
21503,-5.417142950907328
21504,-67.20993764550568
21505,-7.385015938971383
21506,-4.962656132774111
21507,31.18147248959045
21508,56.28701251904627
21509,-6.404630567563544
21510,63.54346917743041
21511,-3.148005316888227
21512,-9.745083316195869
21513,57.83073498336972
21514,-8.89775091287727
21515,-12.361232085988624
21516,-27.684563814214272
21517,-24.11413757762257
21518,46.91319427097436
21519,-79.33733625792362
21520,0.13446534906948
21521,-7.994377138131335
21522,-66.2047283744101
21523,-18.303058632835032
21524,66.83328116929366
21525,-68.81651360706033
21526,-10.355778025870023
21527,-36.66579030082869
21528,-78.5402718500243
21529,-73.70723841702606
21530,33.10127757206775
21531,-66.2047283744101
21532,-4.819697650188969
21533,69.48016518965657
21534,-58.69646428570213
21535,-26.18155510175201
21536,-59.54009832575596
21537,-7.440781993461158
21538,65.51772370682234
21539,-13.4375708383983
21540,-58.54929283226923
21541,-1.2199282807710947
21542,-69.09029202137388
21543,31.21951835931531
21544,28.542221057423305
21545,28.542221057423305
21546,-63.43510842125305
21547,2.533593432640651
21548,37.57434098456528
21549,-24.1327494888364
21550,-33.786480423018034
21551,30.894266720228924
21552,-29.770367088832423
21553,-3.865827000169471
21554,-31.44827116249608
21555,-25.601656151353417
21556,-6.350368876773383
21557,41.633357376387096
21558,33.63056666162687
21559,-5.09186024801478
21560,-66.64464226131118
21561,-2.2695526441895355
21562,-91.65839393402136
21563,59.61645468446509
21564,-65.83226573821777
21565,-1.6123777419356786
21566,-30.913709283730512
21567,-72.3042262797047
21568,6.355077276677106
21569,-11.176043802766676
21570,64.08524421076966
21571,57.04752651240213
21572,65.39737644242798
21573,-0.6581507895124963
21574,-83.44109879028152
21575,-2.229745657303706
21576,44.41624138247271
21577,-6.865424806439716
21578,-7.632697622463347
21579,65.39737644242798
21580,-8.65719236910789
21581,31.487172524260394
21582,39.45789020169954
21583,42.85241908840404
21584,63.18027040507523
21585,41.57146588768431
21586,-60.8310760625852
21587,1.7723027868284205
21588,1.7715911015390065
21589,-28.86382847953667
21590,-30.78006164630147
21591,44.41671162963858
21592,-1.3224976051862385
21593,-52.85032955425914
21594,40.263815220033365
21595,42.85901475525662
21596,-76.70534265005755
21597,-15.973730131110354
21598,41.57882993635266
21599,-68.05295788476502
21600,-6.31019377549007
21601,-57.1093757108621
21602,40.70651984247744
21603,-31.7988874073324
21604,-0.434820982940642
21605,-79.79807520404401
21606,65.41810680152666
21607,-16.060971233795385
21608,-40.30546066062674
21609,-10.701843950579995
21610,-77.67605963834788
21611,-83.95075863615104
21612,-79.43339475196805
21613,2.780141047276473
21614,-28.21317900928552
21615,33.50887235905374
21616,-57.88191591225807
21617,-67.15561918614304
21618,-6.401952123053142
21619,-23.329864254388163
21620,-34.35896764089643
21621,-69.09029202137388
21622,-62.57520184139092
21623,60.35199260125326
21624,1.4272945992010246
21625,-22.526749241436782
21626,-23.329864254388163
21627,60.384225150638486
21628,-5.249194684803237
21629,31.683695207764263
21630,-67.28715720163231
21631,-63.2169887258768
21632,-29.770367088832423
21633,-70.42651736399226
21634,-76.20518760644218
21635,64.60164848930269
21636,66.83328116929366
21637,-30.78006164630147
21638,-7.279111118423714
21639,-0.1935681297377671
21640,-74.36635051330484
21641,-6.3912696311989405
21642,-65.83226573821777
21643,-29.770367088832423
21644,42.560887989823705
21645,-67.51315595361488
21646,-25.417503416259887
21647,-9.4271708970347
21648,68.41384740062409
21649,-7.9380160313626895
21650,-5.024984395894226
21651,-29.183299230084632
21652,-82.43584273640528
21653,-62.1089699748281
21654,-3.094934301321837
21655,37.61819147284515
21656,66.16052333433238
21657,65.09956116136038
21658,-80.19134153251075
21659,38.435183271791615
21660,33.094273306427304
21661,28.542221057423305
21662,-4.285587692980549
21663,-7.900601469260694
21664,69.39147970727896
21665,40.92028368408791
21666,-78.61903689703036
21667,69.90088151965378
21668,-9.906938922331433
21669,-10.757631188753164
21670,-82.32689776134518
21671,-11.14049756069662
21672,64.08524421076966
21673,62.29830122049849
21674,-2.563201076183545
21675,-78.66501013162717
21676,-2.067814130695006
21677,55.64552325234678
21678,-3.1785435777028264
21679,33.98614917742315
21680,-60.72397478233095
21681,-9.593117539213694
21682,-26.801482222668508
21683,-56.4659097364377
21684,-63.35362137719517
21685,67.41937267677429
21686,-28.674605057135988
21687,2.716654199699726
21688,-33.72631976511244
21689,-60.8802948210509
21690,-67.20993764550568
21691,-2.575938424245201
21692,-5.09186024801478
21693,0.7236522640976837
21694,-11.850130996166351
21695,-24.50757666099082
21696,45.43474553578677
21697,61.46005371416136
21698,-31.55684000703848
21699,-30.316473224765453
21700,-78.03993778328088
21701,-59.33331266354455
21702,37.52141682536951
21703,-12.924129657706818
21704,65.65972801478594
21705,39.3487227926117
21706,-32.81127431456319
21707,-8.120592815179183
21708,71.09152971352395
21709,37.340638304234936
21710,-28.97412543165824
21711,58.73687668445402
21712,-10.403410304612764
21713,-68.81651360706033
21714,-26.199176637363827
21715,-67.28161234549844
21716,-78.44077921720873
21717,42.41568708717269
21718,0.5933965985437908
21719,37.51651740710342
21720,50.5478743830997
21721,-24.460789817290067
21722,-27.82455599389561
21723,-27.77586871376267
21724,68.62566719849836
21725,-8.006157741871373
21726,51.57179971611675
21727,-35.65997966171697
21728,-65.83226573821777
21729,-23.838748538260223
21730,-26.92122714484034
21731,-29.12826709898664
21732,-27.60313209435164
21733,-25.73517458214591
21734,-7.349422788707052
21735,63.29754167456554
21736,32.69588996702268
21737,-53.3062536536455
21738,-5.555414343980777
21739,-82.56411153770817
21740,39.20942846801753
21741,-26.18155510175201
21742,-2.229745657303706
21743,41.61782370780445
21744,39.548517248023536
21745,64.6473876794753
21746,-7.426794168357564
21747,-6.153308856255392
21748,39.03132521225556
21749,-15.39941969097261
21750,-24.326070554890265
21751,66.36153837901662
21752,38.59241824869825
21753,-83.44109879028152
21754,-7.900601469260694
21755,-67.87798252912847
21756,40.0892843739704
21757,-34.687825536750935
21758,40.0892843739704
21759,-5.3780443456447
21760,-8.8377553184126
21761,-32.444461793527914
21762,-60.8087694951444
21763,48.20497365193324
21764,62.14051651627452
21765,37.40110123217303
21766,-58.19969095632004
21767,-22.30422873381617
21768,-12.361232085988624
21769,-26.801482222668508
21770,-15.973730131110354
21771,42.42991501687093
21772,-60.45301449946304
21773,-14.041799139103476
21774,37.96697790554353
21775,-30.913709283730512
21776,-67.74782011511581
21777,-4.2123341543338775
21778,56.40964029594935
21779,-69.72330827080067
21780,-78.11192152496874
21781,57.04752651240213
21782,-25.948784880694795
21783,-65.87740221195853
21784,3.6298277658041234
21785,68.64102367406149
21786,-23.329864254388163
21787,-78.46709327676592
21788,-84.43723426707439
21789,-59.64894640151044
21790,-10.25719889435179
21791,42.12863469052229
21792,-67.28161234549844
21793,31.487172524260394
21794,40.0892843739704
21795,54.30387008718296
21796,-56.90109732615596
21797,-60.47012156936529
21798,-25.463927819528468
21799,-7.440781993461158
21800,-32.744637033078966
21801,65.68137904922798
21802,-62.18412646358801
21803,-78.03993778328088
21804,-15.460845389709734
21805,-9.35923356997813
21806,44.81237710395254
21807,-7.885948741005057
21808,-74.36635051330484
21809,-8.05078297923161
21810,51.09931107763199
21811,-0.7238152038266996
21812,-6.345471635575036
21813,-66.2047283744101
21814,-10.701843950579995
21815,37.627122380379845
21816,63.9627954071538
21817,-6.24445369728976
21818,41.27597733632644
21819,-60.8310760625852
21820,-26.98842288009173
21821,-77.41495993466842
21822,-7.615635952901939
21823,-57.946951968465655
21824,-2.37656776000872
21825,-60.8087694951444
21826,-3.4404274587759947
21827,42.71326665495079
21828,-10.416578099856844
21829,62.53483020778565
21830,-1.554721825781554
21831,-3.8501193832015534
21832,-62.32621318526813
21833,-25.167758705605063
21834,-80.36192439099662
21835,-8.8377553184126
21836,-68.05295788476502
21837,-78.66501013162717
21838,-30.316473224765453
21839,-33.34578421567814
21840,63.87306848702515
21841,-9.745083316195869
21842,39.93926100246431
21843,-8.006157741871373
21844,-58.396270596695096
21845,38.59241824869825
21846,61.5601322602892
21847,40.71682202483329
21848,-33.62949155156901
21849,30.26236457742046
21850,-17.14024660335955
21851,-0.6115439384035364
21852,-7.5469182830012915
21853,-31.92822004811304
21854,61.80143742138343
21855,-20.468061103872945
21856,44.24767284663557
21857,-67.602350399087
21858,46.150312052551634
21859,-9.35923356997813
21860,-3.949522936142866
21861,31.18147248959045
21862,-9.908484871159496
21863,-8.120592815179183
21864,-7.805268761608353
21865,-84.43723426707439
21866,40.263815220033365
21867,-63.96528066125693
21868,-24.326070554890265
21869,-7.900601469260694
21870,66.83328116929366
21871,43.58054199047797
21872,-6.24445369728976
21873,43.49920452953822
21874,66.83328116929366
21875,-79.33733625792362
21876,68.62566719849836
21877,-67.87798252912847
21878,61.80143742138343
21879,42.999518717982
21880,-60.8667719539977
21881,-32.82617306875699
21882,-27.619340321942875
21883,-81.21747914818863
21884,-27.60313209435164
21885,59.84470887382063
21886,-4.835555145048057
21887,-15.72399284061267
21888,63.36329601679671
21889,63.18027040507523
21890,-11.590773031077472
21891,-67.86743581068527
21892,-79.39921278217713
21893,31.21951835931531
21894,0.607463352089062
21895,-30.94150617225749
21896,-7.5469182830012915
21897,0.4055055530548221
21898,-54.937013498677175
21899,38.59241824869825
21900,56.40964029594935
21901,70.62920256018398
21902,-6.900965466820537
21903,-7.926571023867659
21904,-72.822020054887
21905,36.057206601299015
21906,34.89869925966708
21907,-8.006157741871373
21908,-60.09756145323268
21909,-60.09928130844134
21910,-10.416578099856844
21911,-3.1174440627026945
21912,57.83073498336972
21913,-76.26789217128984
21914,-60.82278874290614
21915,33.006690940398165
21916,62.29830122049849
21917,-32.82617306875699
21918,-81.23675568846892
21919,-26.98842288009173
21920,37.544287607834086
21921,66.96695888737044
21922,-29.21198351195758
21923,1.2644442524665471
21924,-77.67605963834788
21925,-58.05850717031953
21926,44.265879869804415
21927,-11.14049756069662
21928,-72.66141527002958
21929,-59.891957254530034
21930,-76.92929892743192
21931,-37.907157846273066
21932,-34.563627009487
21933,67.21985497819523
21934,-68.05295788476502
21935,-75.92097249732477
21936,-29.534371465653003
21937,-65.64980404033732
21938,-70.42651736399226
21939,-18.303058632835032
21940,-26.90182948790397
21941,-60.82278874290614
21942,-24.647096689818568
21943,-12.361232085988624
21944,37.22439642972837
21945,-0.3459619250882246
21946,65.41810680152666
21947,33.10127757206775
21948,-80.72509444284482
21949,-6.24445369728976
21950,-57.542686154431074
21951,-59.64894640151044
21952,-9.926201611107116
21953,-29.770367088832423
21954,-26.83435932906784
21955,-55.83139050729894
21956,-4.242178625575885
21957,-55.79614489756971
21958,-72.35896391440606
21959,31.18147248959045
21960,-58.01575332698775
21961,-78.31344138669266
21962,-0.3503308733318215
21963,40.49049676084206
21964,48.527348204794826
21965,69.48016518965657
21966,-35.46620779790231
21967,-29.770367088832423
21968,33.094273306427304
21969,-62.57520184139092
21970,31.18147248959045
21971,-59.75710333640081
21972,-17.399123629832506
21973,-58.13604939629367
21974,-54.867228155234976
21975,-2.9895200959586745
21976,40.70651984247744
21977,-68.05295788476502
21978,3.752499297972334
21979,-20.171287459976195
21980,62.96649744069168
21981,-1.4562171804610644
21982,-2.050022023715109
21983,38.67594111025417
21984,-77.03528716871111
21985,42.38016308371186
21986,-21.190310047298123
21987,-4.191660149649825
21988,0.8748618366278578
21989,-9.927694094212663
21990,41.18250980871298
21991,-67.28715720163231
21992,63.87306848702515
21993,59.84470887382063
21994,60.453747594835455
21995,-64.56341685355082
21996,69.64751657751812
21997,34.63153548297781
21998,-16.814432253362412
21999,-24.431577651902487
22000,65.15720197223072
22001,54.30387008718296
22002,-80.79785334945407
22003,49.05752476437089
22004,40.70651984247744
22005,-7.234716191902225
22006,-8.437306441844864
22007,-13.73137131212716
22008,-33.96477258438982
22009,-73.34291076374424
22010,-5.555414343980777
22011,-20.996192616532856
22012,58.88909244048122
22013,-84.3648548258391
22014,48.527348204794826
22015,59.61645468446509
22016,-48.57560187596784
22017,65.76854851642508
22018,-4.071835130519993
22019,59.61645468446509
22020,42.09331798700336
22021,-34.152771966939824
22022,-11.850130996166351
22023,38.94342024882825
22024,-28.7809090145862
22025,-27.77586871376267
22026,-5.974878776669593
22027,-26.801482222668508
22028,-66.38533353362172
22029,-25.463927819528468
22030,-5.127068981801582
22031,62.15053481124893
22032,-5.417142950907328
22033,-27.77586871376267
22034,-26.785476977258647
22035,-70.34597254599059
22036,-5.14796152074276
22037,61.65733086081194
22038,44.58756894584163
22039,-6.88698650080446
22040,61.72962608758042
22041,3.0442655338886304
22042,-84.43723426707439
22043,-68.05295788476502
22044,-59.96532215339633
22045,40.96821318371346
22046,-4.635798069428742
22047,-1.554721825781554
22048,-73.98145967529456
22049,-78.32885861552116
22050,-8.474778576188333
22051,47.90310067992751
22052,-7.514817377855881
22053,-9.129578328346565
22054,46.35877448775638
22055,-9.35923356997813
22056,37.22439642972837
22057,-3.094934301321837
22058,44.82347161529954
22059,59.61645468446509
22060,-31.42345581420011
22061,45.10520191279859
22062,-77.80583874700397
22063,-16.060971233795385
22064,-8.120592815179183
22065,-31.92822004811304
22066,-61.53242390536847
22067,-9.198501865279589
22068,-5.79048255125444
22069,-77.67605963834788
22070,-82.43584273640528
22071,-28.301895590906028
22072,35.95658784915072
22073,-20.00763415516684
22074,-65.64980404033732
22075,64.31363668503516
22076,-2.608346473544315
22077,64.75289748057426
22078,-30.71377446858996
22079,-26.92122714484034
22080,-27.684563814214272
22081,-29.770367088832423
22082,-22.77102409104519
22083,62.99242741394615
22084,-81.4219003364661
22085,-5.1587045240254845
22086,-0.7009948163730897
22087,-23.329864254388163
22088,-71.58553516225442
22089,64.11133524407208
22090,41.57882993635266
22091,-15.006142531039956
22092,-57.52239760552196
22093,-60.78238313709349
22094,-31.44827116249608
22095,-2.948577874865125
22096,-27.77586871376267
22097,-74.46857862988477
22098,37.00108323443568
22099,-19.99706577023368
22100,65.91304599993795
22101,-6.9819334469831
22102,-75.92097249732477
22103,40.96821318371346
22104,-35.52392594323106
22105,65.09956116136038
22106,40.70651984247744
22107,-80.36192439099662
22108,-73.34962352108167
22109,36.12136570768311
22110,-57.659119310329295
22111,-76.92929892743192
22112,-2.1231922941670867
22113,46.5765951501911
22114,32.69588996702268
22115,-62.57520184139092
22116,-10.920307351037412
22117,-78.18800970337362
22118,-34.35896764089643
22119,-37.46443540108105
22120,-26.92122714484034
22121,-78.98087900209498
22122,-73.34962352108167
22123,-8.707807033301501
22124,-26.03885437145454
22125,-10.819394785437348
22126,-28.467322991363968
22127,62.74965113083674
22128,56.26620131658363
22129,-33.96477258438982
22130,-79.79807520404401
22131,37.290402197596094
22132,-77.02478364114297
22133,-5.9029465718457
22134,-5.481786896355015
22135,-77.74736074521302
22136,-11.043080249819214
22137,-10.757631188753164
22138,65.3116208679119
22139,-26.03885437145454
22140,-65.41527564201398
22141,-14.131435485823497
22142,-13.73137131212716
22143,-4.866197078232533
22144,-48.09513151724125
22145,65.39737644242798
22146,-28.86382847953667
22147,-24.33278897330616
22148,3.6756465275166
22149,64.87990593813024
22150,-8.564916521665584
22151,62.84680772604126
22152,-83.69566837283493
22153,63.18027040507523
22154,-57.10280774863303
22155,-70.70256646476258
22156,-2.437876516297673
22157,-0.4057173435174055
22158,44.61339055282468
22159,-14.041799139103476
22160,65.91304599993795
22161,-6.345471635575036
22162,38.85313793393847
22163,-57.946951968465655
22164,-63.399299660718825
22165,-67.20993764550568
22166,-71.9066824494133
22167,62.99242741394615
22168,-0.3503308733318215
22169,63.59595919529449
22170,-75.11714065953254
22171,37.51651740710342
22172,-11.850130996166351
22173,40.64379966038192
22174,61.81042956492689
22175,-4.164364776035336
22176,-33.786480423018034
22177,-57.542686154431074
22178,-55.57929694888921
22179,65.09956116136038
22180,-49.12164502749696
22181,-80.72509444284482
22182,-9.32818423338258
22183,66.35704964681295
22184,-84.511626032849
22185,-14.10466509357591
22186,-10.691420735857784
22187,40.92028368408791
22188,-73.74341141550413
22189,-39.0291807336016
22190,-66.45634504013313
22191,39.78066263961281
22192,-6.404630567563544
22193,-25.597619312264808
22194,-4.2123341543338775
22195,37.00108323443568
22196,35.95658784915072
22197,-82.43584273640528
22198,56.40964029594935
22199,70.90404756880264
22200,-53.61975721856948
22201,-83.69566837283493
22202,-80.36192439099662
22203,65.51772370682234
22204,-77.41495993466842
22205,-62.1089699748281
22206,33.10127757206775
22207,-83.69566837283493
22208,40.70651984247744
22209,71.70425257160282
22210,-24.943196385712383
22211,-29.770367088832423
22212,-30.94150617225749
22213,-57.67732646585719
22214,30.985425812634983
22215,-62.57520184139092
22216,63.18027040507523
22217,-23.26517819278701
22218,-2.1584957913368363
22219,4.138343026764387
22220,-6.24445369728976
22221,-30.94150617225749
22222,-20.37140372027273
22223,0.607463352089062
22224,-11.055901241191783
22225,-77.80583874700397
22226,-2.939005438875697
22227,-63.4063969171928
22228,-26.785476977258647
22229,-3.280630720741062
22230,-6.900965466820537
22231,-33.96477258438982
22232,-60.65944655896097
22233,36.02392792968724
22234,-11.852639830167869
22235,-70.75802668412071
22236,44.82347161529954
22237,65.48785882400094
22238,-31.9926982251258
22239,43.1656482438834
22240,70.90404756880264
22241,-63.30149862619716
22242,-10.11408246684558
22243,-81.91294189632991
22244,-62.97621175475223
22245,-60.8667719539977
22246,-31.7988874073324
22247,-1.3224976051862385
22248,-5.09186024801478
22249,65.62946219039846
22250,-65.83226573821777
22251,38.425055058381446
22252,-31.7988874073324
22253,-27.04328663829886
22254,-6.9819334469831
22255,-76.20518760644218
22256,-82.12027684556583
22257,-9.95672685975244
22258,-11.128933985954962
22259,-54.303340902969694
22260,39.83932148019812
22261,-9.906938922331433
22262,57.04752651240213
22263,42.999518717982
22264,-75.93753367840281
22265,-16.78985976356827
22266,47.68007470062635
22267,-60.8310760625852
22268,-63.1073683230305
22269,-25.683861775352216
22270,-5.9029465718457
22271,43.78233819806081
22272,-3.094934301321837
22273,-64.56341685355082
22274,-56.00420088094945
22275,-71.36276563956189
22276,45.33823884847343
22277,39.548517248023536
22278,59.61645468446509
22279,33.98614917742315
22280,-9.745083316195869
22281,-16.76665502246308
22282,33.00081511910711
22283,-61.14862272869807
22284,-31.57491695166184
22285,45.483097910784686
22286,-35.65997966171697
22287,59.84470887382063
22288,-78.11192152496874
22289,-76.69220960250576
22290,46.150312052551634
22291,-84.43723426707439
22292,-4.591672889577259
22293,-10.757631188753164
22294,61.72962608758042
22295,-85.94387861177808
22296,56.59154673564621
22297,-80.06146995792716
22298,39.83932148019812
22299,-64.56341685355082
22300,37.61819147284515
22301,-8.19635698995373
22302,-68.05295788476502
22303,-59.891957254530034
22304,65.3116208679119
22305,-6.103387791501585
22306,34.026702960285874
22307,-7.234716191902225
22308,-69.09029202137388
22309,-4.274833654493819
22310,-59.891957254530034
22311,64.31363668503516
22312,-13.409897691429167
22313,-66.92214283266928
22314,48.64919691451893
22315,62.60655610473563
22316,-27.529526229945866
22317,35.07583562867666
22318,-28.21317900928552
22319,-15.414818513016003
22320,65.97572004282017
22321,66.83328116929366
22322,-10.757631188753164
22323,-28.86382847953667
22324,42.560887989823705
22325,58.68412360622713
22326,-75.17924538324257
22327,-14.041799139103476
22328,65.76854851642508
22329,-60.82278874290614
22330,-79.63683747534677
22331,-0.7238152038266996
22332,62.53483020778565
22333,65.91304599993795
22334,28.542221057423305
22335,-65.41527564201398
22336,-6.391881785157917
22337,31.18147248959045
22338,65.163580119984
22339,-20.37140372027273
22340,-54.70947431708532
22341,38.425055058381446
22342,-62.1089699748281
22343,-63.4063969171928
22344,-42.045435370629264
22345,-70.42597405107156
22346,39.3487227926117
22347,-5.589353506025708
22348,33.98614917742315
22349,-17.14024660335955
22350,-22.23620419910985
22351,36.57701380990932
22352,-76.69220960250576
22353,65.3116208679119
22354,-6.125247245308964
22355,38.59241824869825
22356,-82.43584273640528
22357,38.425055058381446
22358,-9.927694094212663
22359,-7.661059652883708
22360,39.3487227926117
22361,63.39422878073484
22362,-62.84780969334716
22363,-29.57503009696714
22364,61.614470947191606
22365,-14.041799139103476
22366,69.37871126679646
22367,-54.44247316140818
22368,40.216411596401215
22369,-72.80484353323578
22370,-39.0291807336016
22371,-78.18800970337362
22372,-16.060971233795385
22373,-0.0031276202959285
22374,-33.786480423018034
22375,-72.10119655014962
22376,67.43456673806551
22377,-7.900601469260694
22378,-70.42651736399226
22379,42.30672747663243
22380,-6.189265639866827
22381,-10.49024798794148
22382,-78.44077921720873
22383,-77.03528716871111
22384,44.82347161529954
22385,42.12892843319149
22386,64.75289748057426
22387,-11.850130996166351
22388,70.30656070855589
22389,-1.5057853366532647
22390,-63.399299660718825
22391,-78.03993778328088
22392,0.607463352089062
22393,-69.81009004528968
22394,-1.0112972633716235
22395,-58.94241636920606
22396,-55.11894154872665
22397,-78.18800970337362
22398,-5.821019983820541
22399,0.607463352089062
22400,0.7844370465283248
22401,43.80789413194328
22402,62.30580339455723
22403,-83.66664387803634
22404,-0.7238152038266996
22405,-5.885380680815954
22406,66.06679038734897
22407,-2.544618850212093
22408,-9.613211864050893
22409,-27.77586871376267
22410,-10.757631188753164
22411,-10.49024798794148
22412,-25.597619312264808
22413,-75.23104547309644
22414,-3.0101264224876134
22415,69.61330937343641
22416,-59.500781745209565
22417,-7.576219139571599
22418,38.97610509535531
22419,-26.785476977258647
22420,-21.972564407844963
22421,-62.66364549569701
22422,-58.668003833406544
22423,-72.12216801059222
22424,-8.05078297923161
22425,41.7106940555829
22426,-62.43073561862568
22427,42.12863469052229
22428,-23.84808443093372
22429,-61.52854425471117
22430,33.63056666162687
22431,61.72962608758042
22432,-71.32072547401174
22433,-11.850130996166351
22434,-71.116627084171
22435,-71.96627155376433
22436,-7.198226912761895
22437,45.08816103494649
22438,-58.00031783149858
22439,-36.66579030082869
22440,-10.691420735857784
22441,57.04752651240213
22442,-5.14796152074276
22443,-6.93801513470924
22444,-8.120592815179183
22445,-60.65944655896097
22446,-11.731206452583743
22447,37.544287607834086
22448,-91.65839393402136
22449,-27.508657758629887
22450,-3.922126125696311
22451,62.84680772604126
22452,-31.55684000703848
22453,-29.12826709898664
22454,-26.47819658093197
22455,-26.76612940797234
22456,-72.33855581243368
22457,-58.668003833406544
22458,65.91304599993795
22459,-36.12067504084688
22460,-59.64894640151044
22461,-55.57929694888921
22462,69.61330937343641
22463,-63.71571672236675
22464,37.627122380379845
22465,35.94116178490836
22466,-10.393705241474656
22467,-7.495650015322019
22468,66.36153837901662
22469,-6.189265639866827
22470,-71.116627084171
22471,37.1592399200574
22472,70.30656070855589
22473,-5.127068981801582
22474,65.08500147390812
22475,-66.92214283266928
22476,69.03480990747047
22477,41.18483260366053
22478,-81.16533059368155
22479,-25.463927819528468
22480,-28.058949833879595
22481,64.83376214042715
22482,-4.739831756831482
22483,38.983091707937454
22484,56.40964029594935
22485,65.48785882400094
22486,36.05771354034164
22487,-10.757631188753164
22488,-78.5868945275221
22489,-78.94319141151207
22490,-57.115353202921405
22491,-79.6492749909382
22492,43.23516335373991
22493,-61.4479704721239
22494,-22.68034965524697
22495,37.1592399200574
22496,-78.44077921720873
22497,-61.31180989184092
22498,-7.440781993461158
22499,65.29716457998478
22500,-78.5402718500243
22501,-12.506563258772855
22502,36.33381041569599
22503,-58.01575332698775
22504,-24.418465199881403
22505,2.690842096038942
22506,-5.417142950907328
22507,40.62857029833684
22508,-59.64894640151044
22509,57.83073498336972
22510,-7.427309209026136
22511,72.12464313347901
22512,41.7106940555829
22513,-6.011496250270697
22514,-79.63683747534677
22515,67.85810913207578
22516,60.453747594835455
22517,-6.189265639866827
22518,-32.04110619373821
22519,0.7236522640976837
22520,-23.73733421317996
22521,-4.866197078232533
22522,-25.597619312264808
22523,-74.36635051330484
22524,-31.44827116249608
22525,-81.4219003364661
22526,-60.15110816389086
22527,-29.12826709898664
22528,-8.83131850615009
22529,-54.469884544261184
22530,-76.385700957022
22531,-10.158575905071537
22532,48.75964647100114
22533,-29.12826709898664
22534,42.12863469052229
22535,45.26282192286904
22536,39.03132521225556
22537,34.63153548297781
22538,-63.73693224984801
22539,-82.43584273640528
22540,59.61645468446509
22541,-56.8142459553922
22542,-75.21765187341573
22543,-10.11408246684558
22544,-30.913709283730512
22545,-55.63421534496263
22546,-6.93801513470924
22547,-72.12216801059222
22548,-5.069834445808208
22549,-11.590773031077472
22550,-78.44077921720873
22551,-9.198501865279589
22552,-82.38528990604377
22553,35.07583562867666
22554,-12.0811787445484
22555,62.53483020778565
22556,67.49784659447982
22557,1.2644442524665471
22558,69.33368104087116
22559,41.27597733632644
22560,-17.14024660335955
22561,-6.88698650080446
22562,43.62758072302574
22563,-34.35896764089643
22564,-54.70271912125672
22565,-7.900601469260694
22566,-6.391881785157917
22567,-11.850130996166351
22568,38.10818299516925
22569,68.9211132516759
22570,-62.81056247571734
22571,-79.33365240704248
22572,-1.1280106043793046
22573,-75.21765187341573
22574,-2.680590715281771
22575,-9.908484871159496
22576,-7.514817377855881
22577,-24.513040723472184
22578,37.544287607834086
22579,-10.49024798794148
22580,-57.36764610825578
22581,-6.416560705094257
22582,59.61645468446509
22583,0.0224573467108921
22584,-60.5012369285982
22585,-24.313777753872763
22586,-7.514817377855881
22587,-67.86743581068527
22588,-60.87913077021663
22589,-27.529526229945866
22590,-80.19134153251075
22591,33.98614917742315
22592,-77.80583874700397
22593,64.60164848930269
22594,-63.71571672236675
22595,-5.47608037575408
22596,-61.14862272869807
22597,-70.70256646476258
22598,-26.90182948790397
22599,65.45644175988883
22600,-77.80583874700397
22601,41.173902438174224
22602,-72.3042262797047
22603,3.924667977190163
22604,44.41624138247271
22605,-23.927063710027248
22606,38.67371420974409
22607,-58.36767761884706
22608,-57.946951968465655
22609,43.228026806790105
22610,30.26236457742046
22611,-29.12826709898664
22612,-3.148005316888227
22613,-8.707807033301501
22614,0.1014447570466994
22615,-6.450450258853226
22616,-32.336490938236615
22617,-21.89463534310276
22618,-2.7811055173053445
22619,61.72962608758042
22620,39.45789020169954
22621,-72.35896391440606
22622,-60.87913077021663
22623,-31.57491695166184
22624,-63.4063969171928
22625,-6.783391235830871
22626,61.65733086081194
22627,45.67429678528071
22628,-0.9758426606430072
22629,60.19774114374799
22630,-81.91294189632991
22631,-0.6154024005428118
22632,-31.55684000703848
22633,44.72441313299328
22634,37.627122380379845
22635,-59.54009832575596
22636,-10.11408246684558
22637,41.57882993635266
22638,-2.437876516297673
22639,-7.514817377855881
22640,-78.62601730006858
22641,-83.69566837283493
22642,42.12863469052229
22643,45.26282192286904
22644,-10.677525801718376
22645,40.19717761970696
22646,-5.974878776669593
22647,37.627122380379845
22648,-5.127068981801582
22649,-11.590773031077472
22650,40.28554385225622
22651,-70.20971585245833
22652,38.425055058381446
22653,-70.70256646476258
22654,-82.12027684556583
22655,-27.619340321942875
22656,-7.198226912761895
22657,56.40964029594935
22658,-25.597619312264808
22659,34.90841702032348
22660,-35.65997966171697
22661,-29.21198351195758
22662,-9.205266301730358
22663,-59.96532215339633
22664,49.47866200916158
22665,-1.6108255366853896
22666,-7.225690207675024
22667,37.2282285842621
22668,-23.329864254388163
22669,-26.91675152526744
22670,37.22439642972837
22671,-3.683355228539318
22672,-4.769565918156631
22673,37.57434098456528
22674,56.28701251904627
22675,-15.006142531039956
22676,64.60164848930269
22677,48.650815607432925
22678,-9.403757404634868
22679,-56.83465754850919
22680,-76.385700957022
22681,70.2599659512459
22682,-78.44077921720873
22683,-63.71571672236675
22684,-75.42126237713006
22685,-7.949349776540005
22686,-9.205266301730358
22687,-5.903016996217578
22688,-80.36192439099662
22689,-80.12487547421169
22690,33.20801465255434
22691,-74.19809601358602
22692,-60.8310760625852
22693,42.12863469052229
22694,-83.10443306545086
22695,-1.2191452213930905
22696,-2.736526072538593
22697,43.74877631285629
22698,-4.739831756831482
22699,38.501280197981096
22700,-4.739831756831482
22701,-1.5976692398978365
22702,-60.47012156936529
22703,62.83326522893733
22704,-6.0266897888589
22705,-31.7988874073324
22706,-85.72257429377856
22707,45.64026826070471
22708,65.8869939513969
22709,-32.80056166620899
22710,-3.493631464115552
22711,-75.99968655774828
22712,58.662580322866106
22713,0.5585208317506947
22714,-9.71273597499438
22715,-35.65997966171697
22716,40.91441443892356
22717,-30.94150617225749
22718,-4.230507935430005
22719,-7.427309209026136
22720,-15.006142531039956
22721,-79.39921278217713
22722,-2.792635986728308
22723,-60.5012369285982
22724,68.63921863176331
22725,-81.4219003364661
22726,-57.96327323400368
22727,-78.62601730006858
22728,-78.73546105388984
22729,0.607463352089062
22730,-6.365318256068937
22731,63.39422878073484
22732,36.83388635225771
22733,38.67594111025417
22734,62.857810032520405
22735,-66.38533353362172
22736,-80.12487547421169
22737,39.52186277458885
22738,37.627122380379845
22739,-81.91294189632991
22740,-59.45696593526922
22741,-79.0722911193141
22742,-30.890767038080995
22743,-12.924129657706818
22744,-60.79683619665708
22745,38.10113028309231
22746,-13.73137131212716
22747,-27.65829819978271
22748,-69.09029202137388
22749,-78.44077921720873
22750,46.150312052551634
22751,38.34426439716526
22752,-55.29696908548332
22753,-6.365318256068937
22754,-7.440781993461158
22755,39.03132521225556
22756,-57.8565078235636
22757,30.6144577809598
22758,-24.440853200875736
22759,75.68281550918378
22760,-70.20971585245833
22761,-23.329864254388163
22762,-7.243011911861283
22763,-77.41495993466842
22764,39.45789020169954
22765,-60.09928130844134
22766,-65.87740221195853
22767,38.983091707937454
22768,-80.36192439099662
22769,-81.21747914818863
22770,-76.77749214650399
22771,-77.73884852923685
22772,56.40964029594935
22773,64.33445554230539
22774,-6.189265639866827
22775,-13.73137131212716
22776,-64.368025963856
22777,-76.82033282880256
22778,-3.2002719823554813
22779,-3.233748810475345
22780,28.542221057423305
22781,-82.43584273640528
22782,-57.10084868661552
22783,-56.93026189742139
22784,42.62203479220762
22785,-7.514817377855881
22786,-7.385015938971383
22787,-63.4801797123658
22788,61.55292977639851
22789,-5.885380680815954
22790,61.614470947191606
22791,-10.824972608688828
22792,-3.007649999926417
22793,-1.1660240179056558
22794,-63.4063969171928
22795,64.32104799764653
22796,37.544287607834086
22797,42.38016308371186
22798,-9.205266301730358
22799,-26.77924008538772
22800,-78.31344138669266
22801,-77.73884852923685
22802,66.65904392993949
22803,1.8640902598918847
22804,-7.061418640456296
22805,-11.731206452583743
22806,31.683695207764263
22807,-2.437876516297673
22808,-9.32818423338258
22809,-30.316473224765453
22810,-7.225690207675024
22811,33.00081511910711
22812,-72.17960831495508
22813,-30.71377446858996
22814,-5.1587045240254845
22815,-79.30400325118941
22816,-30.547365186373625
22817,64.33445554230539
22818,-67.15561918614304
22819,-34.35896764089643
22820,64.11133524407208
22821,-6.0266897888589
22822,0.9024155794702172
22823,65.99122003248756
22824,-17.399123629832506
22825,54.30387008718296
22826,-80.36192439099662
22827,-67.15561918614304
22828,-61.7363371438998
22829,-79.42441149671009
22830,-67.74475921219718
22831,0.5247031672285214
22832,-56.38744381701966
22833,-2.3992838203977893
22834,55.64552325234678
22835,-75.42126237713006
22836,-80.06146995792716
22837,-4.071835130519993
22838,-25.76566443957997
22839,-5.14796152074276
22840,-65.41527564201398
22841,66.83328116929366
22842,-75.92097249732477
22843,61.84129491304833
22844,-5.555414343980777
22845,-26.03885437145454
22846,69.00403650183237
22847,-32.03864676714741
22848,-81.16533059368155
22849,38.425055058381446
22850,30.6144577809598
22851,-16.060971233795385
22852,-58.139770687329474
22853,-71.98790335758358
22854,-63.11868494215411
22855,41.22383216583975
22856,-7.632697622463347
22857,-5.589353506025708
22858,-34.152771966939824
22859,69.6919409210183
22860,-77.13016301146942
22861,-76.385700957022
22862,-14.57456170829452
22863,-2.9895200959586745
22864,-63.20137488385549
22865,-6.391881785157917
22866,69.00403650183237
22867,-25.670839322437992
22868,-78.03993778328088
22869,30.985425812634983
22870,-7.418173323119847
22871,-84.3269402234312
22872,39.548517248023536
22873,-57.96327323400368
22874,-4.516860117835913
22875,-37.46443540108105
22876,-32.75433161849259
22877,-9.95672685975244
22878,-28.058949833879595
22879,69.95281559329791
22880,63.39422878073484
22881,-2.9146829362804514
22882,61.65733086081194
22883,42.93751510376537
22884,-63.31078928325038
22885,-83.69566837283493
22886,-58.19169524062018
22887,-81.23675568846892
22888,-8.05078297923161
22889,1.6942638234679257
22890,-5.3780443456447
22891,-58.69646428570213
22892,-84.3648548258391
22893,38.97222484360376
22894,58.662580322866106
22895,-84.12856823846114
22896,-83.10443306545086
22897,67.90199349089717
22898,62.30580339455723
22899,-67.15561918614304
22900,-72.63632686944028
22901,60.70364483774803
22902,-2.9895200959586745
22903,-1.4200897906672516
22904,-27.61560852498119
22905,-9.441977635857658
22906,29.70813353038117
22907,-57.17196338859087
22908,37.00108323443568
22909,-81.23675568846892
22910,-26.355158306771504
22911,31.487172524260394
22912,32.25151650385384
22913,41.61782370780445
22914,-73.0212352748093
22915,-24.50605058980709
22916,-30.64428510515276
22917,32.265801479202416
22918,-85.94387861177808
22919,54.30387008718296
22920,36.83388635225771
22921,41.85454470484474
22922,-7.514817377855881
22923,-80.72509444284482
22924,65.4427044458922
22925,-79.33365240704248
22926,-64.33308816128115
22927,47.18199706932663
22928,-29.444420971620453
22929,-81.21747914818863
22930,42.12892843319149
22931,38.94342024882825
22932,-6.93801513470924
22933,3.0406781061996337
22934,64.81430806196548
22935,-75.17924538324257
22936,-5.555414343980777
22937,60.19774114374799
22938,56.59154673564621
22939,-85.03531222389228
22940,-37.907157846273066
22941,-78.34529476960118
22942,-64.56341685355082
22943,-74.19809601358602
22944,-82.43584273640528
22945,-24.1327494888364
22946,-87.38562543156883
22947,34.14589051471735
22948,-2.2695526441895355
22949,-78.62601730006858
22950,-74.19809601358602
22951,-56.00420088094945
22952,48.08520402022892
22953,1.1516607835894646
22954,-4.164364776035336
22955,-54.664256405048704
22956,-72.12216801059222
22957,-7.5469182830012915
22958,-32.89080805016096
22959,-27.529526229945866
22960,-24.8699590885784
22961,-12.924129657706818
22962,-27.508657758629887
22963,-21.692359019150828
22964,-9.32818423338258
22965,-6.011496250270697
22966,-23.13683101323488
22967,-72.06401518834234
22968,-13.73137131212716
22969,-24.662653749065065
22970,-52.3391886244334
22971,65.3116208679119
22972,61.595644855867874
22973,65.41810680152666
22974,66.96695888737044
22975,-78.73546105388984
22976,-81.62081504107414
22977,26.63887994588488
22978,-15.414818513016003
22979,-1.1979355181262736
22980,1.82621652463274
22981,-57.981184797571856
22982,-5.816348165776377
22983,42.44554952704586
22984,-15.977331508396317
22985,-8.8377553184126
22986,70.87760906351751
22987,-6.754449733085991
22988,65.48785882400094
22989,-20.37140372027273
22990,-56.953275168812
22991,-5.555414343980777
22992,-81.4219003364661
22993,-22.30063922155707
22994,-65.41527564201398
22995,-63.996311387439626
22996,41.84537668920997
22997,-31.44827116249608
22998,-78.03993778328088
22999,-11.850130996166351
23000,-0.232393197206064
23001,-15.340600199039756
23002,-32.04110619373821
23003,-4.190107951278588
23004,-15.414818513016003
23005,-4.164364776035336
23006,-17.14024660335955
23007,-2.366609640931858
23008,-6.3912696311989405
23009,-78.66501013162717
23010,-63.96528066125693
23011,-54.664256405048704
23012,-6.409298397482225
23013,-3.099045697546708
23014,-73.73095006206573
23015,38.435183271791615
23016,-2.680590715281771
23017,-25.64905791478609
23018,-27.794564137275657
23019,-71.87165341326032
23020,65.3116208679119
23021,40.91441443892356
23022,43.55054548613053
23023,38.435183271791615
23024,-53.61678640200863
23025,-2.1584957913368363
23026,39.80972803219
23027,64.81430806196548
23028,38.97610509535531
23029,38.34426439716526
23030,-64.33308816128115
23031,-2.37656776000872
23032,38.34426439716526
23033,-63.68508655325343
23034,-7.949349776540005
23035,-13.409897691429167
23036,-63.31078928325038
23037,-31.44827116249608
23038,-79.6492749909382
23039,-60.82278874290614
23040,-63.35362137719517
23041,-74.39077664059784
23042,-68.0938106117234
23043,-30.890767038080995
23044,33.10127757206775
23045,-4.093084625226885
23046,-61.22685336161601
23047,-61.53242390536847
23048,63.524330907977856
23049,-14.041799139103476
23050,71.28914922238232
23051,-11.20549976657278
23052,63.62894396182072
23053,-9.205266301730358
23054,-6.783391235830871
23055,43.73941671588218
23056,39.03132521225556
23057,-28.950537641675176
23058,-25.88345996914679
23059,-7.820871200334798
23060,-54.26382112033926
23061,-6.0266897888589
23062,-79.6492749909382
23063,59.74709321659715
23064,65.3116208679119
23065,-71.58258669139748
23066,-5.3780443456447
23067,-3.0514863172827265
23068,62.30580339455723
23069,-2.948577874865125
23070,-78.66501013162717
23071,-74.19809601358602
23072,-80.36192439099662
23073,-3.280630720741062
23074,33.10127757206775
23075,-6.491666968521761
23076,0.7236522640976837
23077,35.16888847364805
23078,-3.2002719823554813
23079,35.94116178490836
23080,71.09152971352395
23081,-1.1280106043793046
23082,-16.78985976356827
23083,-77.57487225726757
23084,-77.03528716871111
23085,-23.84808443093372
23086,-54.436121342007645
23087,-7.225690207675024
23088,43.60924303798516
23089,-78.08167404287607
23090,-30.890767038080995
23091,-27.61560852498119
23092,-78.5868945275221
23093,0.3368437562786752
23094,50.31311492963131
23095,-19.71661574482587
23096,-17.14024660335955
23097,-72.79707612355234
23098,68.54538859269998
23099,-77.13016301146942
23100,-3.247485232448275
23101,-28.00976552674686
23102,-7.865791050393128
23103,42.999518717982
23104,-65.87740221195853
23105,-81.5221785843911
23106,-3.493631464115552
23107,-8.65719236910789
23108,-0.622591797977412
23109,-91.65839393402136
23110,-32.41041500504725
23111,-30.913709283730512
23112,-4.309504550827043
23113,-60.946909004365466
23114,-1.667266098296949
23115,-78.08098539888104
23116,40.051025771845445
23117,-6.263890316457006
23118,-19.552366165517327
23119,-17.878014740262067
23120,-64.33308816128115
23121,64.08524421076966
23122,-63.30149862619716
23123,-76.82033282880256
23124,39.03132521225556
23125,66.09330170157199
23126,59.26898823638866
23127,43.22201917093364
23128,-3.842207127312904
23129,-5.127068981801582
23130,-77.08806788267556
23131,39.548517248023536
23132,-9.908484871159496
23133,-3.5304747575906887
23134,-82.12027684556583
23135,43.62994677748681
23136,0.13446534906948
23137,-83.69566837283493
23138,67.43899334299891
23139,45.02822072805105
23140,-82.12027684556583
23141,-56.86921177058061
23142,-63.399299660718825
23143,-60.946909004365466
23144,-74.6553466535148
23145,-28.7809090145862
23146,65.3116208679119
23147,-26.09587973125001
23148,-10.42125330021919
23149,-25.694827931374363
23150,70.95411679182506
23151,-54.26382112033926
23152,-15.340600199039756
23153,-60.09928130844134
23154,-28.473765929704
23155,-67.74475921219718
23156,-7.514817377855881
23157,-5.41746385886662
23158,-76.21805629344574
23159,-16.92417823950304
23160,-63.73693224984801
23161,43.415833392652495
23162,-24.012722246509128
23163,-30.913709283730512
23164,-78.46709327676592
23165,-53.61207116959865
23166,-76.68251962039723
23167,-63.4063969171928
23168,-9.205266301730358
23169,65.4427044458922
23170,-6.401952123053142
23171,-60.47012156936529
23172,-7.9380160313626895
23173,-7.031280833630046
23174,40.19717761970696
23175,-6.011496250270697
23176,-5.105273529161892
23177,63.019611337349424
23178,-34.563627009487
23179,-67.28715720163231
23180,69.34563557122137
23181,61.55292977639851
23182,-38.89686199769912
23183,72.23469117822253
23184,-3.1099918105353312
23185,-29.534371465653003
23186,-9.3529729620861
23187,68.81987669856748
23188,-28.467322991363968
23189,0.1341282883381447
23190,-4.736312271908524
23191,-16.92417823950304
23192,44.56559718035652
23193,-5.14796152074276
23194,-77.80583874700397
23195,-26.91675152526744
23196,-7.865791050393128
23197,-13.409897691429167
23198,-83.69566837283493
23199,-15.006142531039956
23200,-57.36764610825578
23201,55.64552325234678
23202,-57.115353202921405
23203,-6.125247245308964
23204,73.59944246344256
23205,-5.432795343129225
23206,-67.15561918614304
23207,-72.30301698259757
23208,-67.86743581068527
23209,-26.09587973125001
23210,39.94987617731654
23211,-13.4375708383983
23212,-62.81056247571734
23213,57.290362606367125
23214,66.48460824720837
23215,63.78223711798851
23216,-27.65829819978271
23217,-3.233748810475345
23218,-57.39788797238211
23219,-59.64894640151044
23220,-13.409897691429167
23221,-30.78006164630147
23222,-11.257058596764068
23223,69.6919409210183
23224,-57.17196338859087
23225,-57.67732646585719
23226,-13.409897691429167
23227,-5.974878776669593
23228,-63.399299660718825
23229,-23.13683101323488
23230,-0.6154024005428118
23231,-81.91294189632991
23232,-5.47608037575408
23233,-57.52239760552196
23234,-34.35896764089643
23235,-2.3230037507050527
23236,-76.68089255672884
23237,-30.71377446858996
23238,-61.88142034835168
23239,-64.368025963856
23240,57.83073498336972
23241,-26.77924008538772
23242,-26.355158306771504
23243,37.61819147284515
23244,-25.694827931374363
23245,-0.5672025320852825
23246,-5.14796152074276
23247,-75.17924538324257
23248,67.43899334299891
23249,-61.4479704721239
23250,-7.514817377855881
23251,30.894266720228924
23252,-58.60297222868777
23253,39.20942846801753
23254,-6.900965466820537
23255,59.26898823638866
23256,-5.885380680815954
23257,41.02022542858145
23258,62.53483020778565
23259,-56.953275168812
23260,4.560415915968391
23261,-3.949522936142866
23262,39.78066263961281
23263,39.85180450208436
23264,63.62894396182072
23265,-57.10280774863303
23266,-3.233748810475345
23267,-63.4801797123658
23268,-23.974631898900068
23269,-52.82794283107236
23270,37.106820135257976
23271,-5.54703513790989
23272,-0.622591797977412
23273,-18.74559791031017
23274,-15.340600199039756
23275,66.10629987031484
23276,37.61819147284515
23277,-37.923925723009134
23278,-73.0212352748093
23279,-42.045435370629264
23280,38.77237777436453
23281,-11.731206452583743
23282,-26.875910005136763
23283,64.32104799764653
23284,-33.62949155156901
23285,40.0892843739704
23286,-82.90581768738578
23287,-9.205266301730358
23288,-32.80312309827871
23289,-68.79401514973988
23290,37.96697790554353
23291,-60.09928130844134
23292,59.74709321659715
23293,-84.511626032849
23294,63.39422878073484
23295,-64.67487402179223
23296,-60.15110816389086
23297,40.0892843739704
23298,-75.07920039916034
23299,-12.178977803505688
23300,-1.7668877624755304
23301,-78.12017100423164
23302,60.70364483774803
23303,-28.473765929704
23304,43.64997017007899
23305,-11.850130996166351
23306,-34.687825536750935
23307,-59.500781745209565
23308,-30.759679766946256
23309,-78.62601730006858
23310,60.19774114374799
23311,-7.225690207675024
23312,39.548517248023536
23313,-62.84780969334716
23314,-65.27045550958182
23315,-63.996311387439626
23316,-75.23104547309644
23317,26.63887994588488
23318,-75.99968655774828
23319,-32.444461793527914
23320,-62.81056247571734
23321,0.2765932796597994
23322,-7.514817377855881
23323,65.91304599993795
23324,55.64552325234678
23325,-5.14796152074276
23326,-73.80165496861366
23327,-8.83131850615009
23328,72.23469117822253
23329,-4.591672889577259
23330,-2.4072483200234784
23331,-42.045435370629264
23332,-70.42651736399226
23333,62.99242741394615
23334,-2.516975431035834
23335,54.30387008718296
23336,-21.89463534310276
23337,-76.94772199154613
23338,39.78066263961281
23339,-10.757631188753164
23340,-64.69441971674026
23341,-10.916991416728202
23342,-24.526150806366907
23343,-34.563627009487
23344,63.39422878073484
23345,-76.59992217031265
23346,63.78223711798851
23347,-73.77835527149662
23348,-63.73693224984801
23349,-76.94772199154613
23350,-58.50221340826251
23351,-3.922126125696311
23352,-23.018083400171108
23353,-71.58258669139748
23354,-72.69645516867293
23355,60.70364483774803
23356,-25.304473102730533
23357,-9.927694094212663
23358,-79.6492749909382
23359,-26.053309162841007
23360,-11.351497316096223
23361,-24.54082648523476
23362,-33.982364431742866
23363,43.1656482438834
23364,-10.677525801718376
23365,38.425055058381446
23366,-77.73884852923685
23367,-6.491666968521761
23368,-60.65944655896097
23369,73.42593801766539
23370,-1.2199282807710947
23371,-2.1522094060692885
23372,61.81042956492689
23373,-63.91917952910139
23374,68.64102367406149
23375,-56.66898709870297
23376,-63.68508655325343
23377,-23.927063710027248
23378,-58.35510832410119
23379,-81.21747914818863
23380,63.54346917743041
23381,-0.4884892797167841
23382,-5.14796152074276
23383,-55.01399417982185
23384,-2.4892601240097534
23385,-74.6553466535148
23386,-57.36803798988391
23387,-28.6729146014657
23388,-11.731206452583743
23389,-24.632855341215045
23390,30.985425812634983
23391,63.524330907977856
23392,-25.601656151353417
23393,-83.75004189185897
23394,37.627122380379845
23395,-24.8699590885784
23396,-25.694827931374363
23397,-82.34246873204486
23398,-81.86811257671891
23399,68.26048008457987
23400,36.85382190775398
23401,-77.8577917297113
23402,-26.053309162841007
23403,-85.94387861177808
23404,33.83078994316492
23405,-67.15561918614304
23406,-26.986870312351684
23407,69.48016518965657
23408,63.62894396182072
23409,38.425055058381446
23410,-32.03864676714741
23411,-82.34246873204486
23412,-82.12027684556583
23413,-78.18326101301102
23414,69.22573364153851
23415,-17.71863402091718
23416,39.052544754402206
23417,38.26799170731178
23418,-6.797697360233206
23419,-4.242178625575885
23420,-76.68089255672884
23421,41.61782370780445
23422,44.95656353395128
23423,-6.797697360233206
23424,-65.41527564201398
23425,63.90657321413163
23426,37.56672588793499
23427,39.08863430059908
23428,65.97572004282017
23429,-84.37081311162534
23430,-66.01233715336673
23431,-11.731206452583743
23432,-8.707807033301501
23433,-13.4375708383983
23434,37.11836815356264
23435,-84.3269402234312
23436,68.62174372332217
23437,-3.4078424683603163
23438,-73.64169042416873
23439,-82.12027684556583
23440,-54.98933574489092
23441,-24.20669476304976
23442,63.79798791876089
23443,-64.33308816128115
23444,-63.91917952910139
23445,-78.12567704577637
23446,-60.65684941562649
23447,48.53950547472694
23448,-24.53853349386753
23449,-8.54063771316031
23450,-64.23932971434402
23451,-72.33855581243368
23452,-9.3529729620861
23453,-9.76628013579302
23454,63.64607712799125
23455,-28.0427399088694
23456,64.59747847741517
23457,-54.52363106495735
23458,-25.977384691939243
23459,-78.08098539888104
23460,-61.498670422703455
23461,-79.33365240704248
23462,66.89306618283754
23463,-42.045435370629264
23464,-77.57487225726757
23465,-80.19134153251075
23466,1.4764923382225437
23467,-8.707807033301501
23468,-6.819119251179141
23469,-54.937013498677175
23470,-5.14796152074276
23471,-65.41527564201398
23472,-18.70844199054204
23473,-69.09029202137388
23474,66.70018740013523
23475,-24.217326708923764
23476,-6.365318256068937
23477,47.04364758029723
23478,36.33381041569599
23479,-55.444196487331325
23480,-53.05272624630148
23481,-18.27493805848968
23482,-25.9308642131563
23483,-32.80056166620899
23484,65.62946219039846
23485,58.68412360622713
23486,-59.28630746659016
23487,66.68128470368029
23488,-62.43073561862568
23489,-27.684563814214272
23490,-6.450450258853226
23491,-62.81056247571734
23492,3.832550604070912
23493,-59.33331266354455
23494,38.501280197981096
23495,-62.1089699748281
23496,61.55292977639851
23497,-57.67732646585719
23498,-81.6591282176976
23499,-9.36466339227301
23500,63.44389082200526
23501,43.83871302760448
23502,-58.70150544823527
23503,63.90657321413163
23504,-7.693709394917242
23505,-9.403757404634868
23506,-14.041799139103476
23507,-10.423397686232889
23508,61.46005371416136
23509,-77.73884852923685
23510,-58.69646428570213
23511,-57.88191591225807
23512,34.16133388754457
23513,-69.81628704184664
23514,-83.10443306545086
23515,-32.80056166620899
23516,-17.399123629832506
23517,-51.61848026298368
23518,-38.21948565765657
23519,-64.56341685355082
23520,-24.035256178805383
23521,55.64552325234678
23522,39.186065870963446
23523,43.55054548613053
23524,39.78066263961281
23525,-79.0722911193141
23526,43.93166454962573
23527,69.6247641178704
23528,-4.475163059705405
23529,47.03636639317152
23530,-25.43191126460401
23531,-59.00445923943978
23532,-58.13604939629367
23533,-65.27045550958182
23534,-60.15110816389086
23535,-5.14796152074276
23536,-0.3503308733318215
23537,-68.53280635805085
23538,38.67371420974409
23539,-8.707807033301501
23540,-60.946909004365466
23541,-79.46384581845702
23542,1.82621652463274
23543,-2.608346473544315
23544,-79.39921278217713
23545,-23.84808443093372
23546,-52.27692672186593
23547,-8.907878515655064
23548,-8.83131850615009
23549,-65.41527564201398
23550,-62.36072393000944
23551,-30.759679766946256
23552,-57.96327323400368
23553,-34.152771966939824
23554,-84.37081311162534
23555,-22.68034965524697
23556,-78.62601730006858
23557,-24.20669476304976
23558,-15.414818513016003
23559,-1.8514188540041785
23560,-6.153308856255392
23561,-71.95357847279041
23562,-56.93840378447163
23563,-9.59770782017585
23564,-32.80056166620899
23565,-71.58258669139748
23566,39.548517248023536
23567,65.51772370682234
23568,35.16888847364805
23569,-72.28754930130974
23570,-59.54009832575596
23571,-6.153308856255392
23572,-72.80484353323578
23573,-30.121210135718066
23574,-14.041799139103476
23575,5.347122527683888
23576,-76.59992217031265
23577,-66.92214283266928
23578,-73.0212352748093
23579,-52.03476087453906
23580,-60.03991548581881
23581,35.43707164448359
23582,63.037704295162186
23583,-25.64905791478609
23584,-42.045435370629264
23585,-73.70723841702606
23586,-28.98766559182189
23587,65.45644175988883
23588,-62.1089699748281
23589,-13.73137131212716
23590,-24.8699590885784
23591,33.63056666162687
23592,57.46031281507224
23593,-13.409897691429167
23594,41.84537668920997
23595,34.14589051471735
23596,63.44389082200526
23597,-7.820871200334798
23598,-56.953275168812
23599,-80.90664591013783
23600,-63.996311387439626
23601,-26.986870312351684
23602,-23.037731295801898
23603,65.29716457998478
23604,42.12892843319149
23605,41.346402604387
23606,-35.65997966171697
23607,61.80143742138343
23608,-13.73137131212716
23609,-76.41558711413765
23610,76.88770499129724
23611,-58.50221340826251
23612,-5.589353506025708
23613,63.70141165365001
23614,1.6776897095462724
23615,60.19774114374799
23616,-0.2843123932160489
23617,-57.39788797238211
23618,48.375879906465606
23619,-33.34578421567814
23620,41.18250980871298
23621,-1.1280106043793046
23622,0.5933965985437908
23623,-34.605740500297586
23624,-56.83465754850919
23625,-75.79630176341335
23626,-26.98842288009173
23627,-63.52258207955758
23628,-4.736312271908524
23629,39.03132521225556
23630,-10.757631188753164
23631,56.59154673564621
23632,41.5104004473656
23633,-77.66805449441193
23634,-7.661059652883708
23635,-2.1226249187859434
23636,66.06679038734897
23637,-3.922126125696311
23638,-6.365318256068937
23639,-6.365318256068937
23640,56.40964029594935
23641,-9.382331231821366
23642,-6.797697360233206
23643,-27.61560852498119
23644,-60.09756145323268
23645,-83.66664387803634
23646,65.52487481712994
23647,-7.820871200334798
23648,35.16888847364805
23649,-8.226064298554554
23650,32.265801479202416
23651,-1.667266098296949
23652,-75.89945873464977
23653,63.90657321413163
23654,-36.12067504084688
23655,-32.41041500504725
23656,-82.34246873204486
23657,-3.233748810475345
23658,65.4896696027716
23659,-11.222347450282752
23660,-15.006142531039956
23661,-8.564916521665584
23662,-8.907878515655064
23663,39.0854170148655
23664,57.46031281507224
23665,-15.267145121879336
23666,-56.5408557142831
23667,-54.94400624915717
23668,-5.346103400307259
23669,-21.89463534310276
23670,-1.06344978057599
23671,-65.41527564201398
23672,-62.43073561862568
23673,68.03062700946832
23674,34.14589051471735
23675,-15.88097733028178
23676,65.4427044458922
23677,39.052544754402206
23678,37.56672588793499
23679,-7.198226912761895
23680,-0.9823687691646475
23681,38.97610509535531
23682,-18.66159262417692
23683,43.55054548613053
23684,-65.87740221195853
23685,-61.4479704721239
23686,-7.225690207675024
23687,-29.444420971620453
23688,-73.65703420366022
23689,-80.36192439099662
23690,-62.84780969334716
23691,34.14589051471735
23692,-1.706307621913168
23693,-25.167758705605063
23694,-64.23932971434402
23695,-25.915858855368032
23696,65.91304599993795
23697,36.12165675678261
23698,-7.820871200334798
23699,-31.39722626282305
23700,-26.91675152526744
23701,63.64607712799125
23702,-7.418173323119847
23703,-5.816348165776377
23704,-5.281618873345328
23705,-10.677525801718376
23706,41.5104004473656
23707,65.62946219039846
23708,-32.336490938236615
23709,42.42662416569003
23710,36.149027023126095
23711,-3.205749749294165
23712,-3.657837477582362
23713,-61.52854425471117
23714,-60.45755323769234
23715,-29.75036090150781
23716,54.60056258645003
23717,-7.198226912761895
23718,63.64607712799125
23719,40.19717761970696
23720,36.09700267928625
23721,-76.93311188224683
23722,-78.66501013162717
23723,-5.367228369284004
23724,-5.79048255125444
23725,-57.96727273992486
23726,-26.406045400066013
23727,-57.17196338859087
23728,-8.54063771316031
23729,-78.95397293790538
23730,26.63887994588488
23731,-0.6356289853162156
23732,59.26898823638866
23733,-26.875910005136763
23734,37.52141682536951
23735,31.884328940609123
23736,-2.1584957913368363
23737,62.53483020778565
23738,-2.3754118217901103
23739,-56.90109732615596
23740,42.93751510376537
23741,-13.733943909762573
23742,-53.04112034192076
23743,-57.115353202921405
23744,63.62894396182072
23745,-2.2338263537662684
23746,-78.94319141151207
23747,33.10127757206775
23748,71.67776761113346
23749,-61.88142034835168
23750,60.19774114374799
23751,-1.8908563810203285
23752,-11.20549976657278
23753,-26.25758251001518
23754,26.63887994588488
23755,-5.713240841315569
23756,-0.622591797977412
23757,40.49049676084206
23758,34.14589051471735
23759,42.45349567533461
23760,62.83326522893733
23761,43.82333461876637
23762,-27.61560852498119
23763,-84.37081311162534
23764,-23.974631898900068
23765,69.33368104087116
23766,40.46190110288337
23767,-64.368025963856
23768,-63.31078928325038
23769,-78.2001839529774
23770,-4.475163059705405
23771,-79.46384581845702
23772,57.04752651240213
23773,-3.954893374477079
23774,-30.890767038080995
23775,40.33599833644789
23776,56.59154673564621
23777,-2.680590715281771
23778,-7.693709394917242
23779,-0.622591797977412
23780,33.00081511910711
23781,38.00287983366354
23782,-79.81249658246735
23783,-73.64169042416873
23784,-24.17916726421011
23785,40.19717761970696
23786,43.321100405248345
23787,-29.444420971620453
23788,-9.76628013579302
23789,-81.43497614291309
23790,-4.190107951278588
23791,-76.94772199154613
23792,-6.450450258853226
23793,36.12165675678261
23794,33.006690940398165
23795,-0.622591797977412
23796,59.38720809821959
23797,-1.883651703620696
23798,-2.1584957913368363
23799,-6.409298397482225
23800,38.97610509535531
23801,65.76854851642508
23802,-80.72509444284482
23803,62.53483020778565
23804,-75.70688431611613
23805,-6.450450258853226
23806,-78.95397293790538
23807,77.4016219985296
23808,-4.282845005514567
23809,-26.986870312351684
23810,-57.96327323400368
23811,62.26095516244536
23812,-58.60036689758465
23813,59.283171168436446
23814,67.43899334299891
23815,-57.17196338859087
23816,-82.90581768738578
23817,33.63056666162687
23818,65.4427044458922
23819,59.74709321659715
23820,59.26898823638866
23821,-9.32603190921073
23822,6.200716257659372
23823,-67.11633519331775
23824,-56.20571322171294
23825,-59.28630746659016
23826,-4.846103150592445
23827,-17.221099795845593
23828,-0.9823687691646475
23829,41.964983269999614
23830,-61.81399810328544
23831,60.19774114374799
23832,-54.27988140098434
23833,-63.399299660718825
23834,37.85407504324095
23835,-5.821019983820541
23836,-1.4389602604384215
23837,-10.403410304612764
23838,-85.31144405273723
23839,-75.47309189757604
23840,-64.33308816128115
23841,-1.6995798788261525
23842,-29.75036090150781
23843,-24.526150806366907
23844,-80.12487547421169
23845,-12.71361966802924
23846,-63.2280082540985
23847,-32.89080805016096
23848,-5.239251671291343
23849,-2.680590715281771
23850,-44.324191641751725
23851,-12.506563258772855
23852,-9.382331231821366
23853,42.12892843319149
23854,-1.1280106043793046
23855,-34.152771966939824
23856,38.67371420974409
23857,39.052544754402206
23858,-23.17772634995437
23859,-3.657837477582362
23860,-64.368025963856
23861,-1.1660240179056558
23862,-10.184297504071592
23863,-59.627575852244334
23864,-80.72509444284482
23865,-9.403757404634868
23866,-74.36004812968125
23867,-36.68261121680276
23868,66.89306618283754
23869,60.70364483774803
23870,-63.2280082540985
23871,-33.62949155156901
23872,-79.0722911193141
23873,45.91050875421632
23874,-60.946909004365466
23875,-68.0938106117234
23876,-4.591672889577259
23877,-16.564319812791613
23878,-10.757631188753164
23879,56.9903282125458
23880,-3.954893374477079
23881,-8.8377553184126
23882,-4.282845005514567
23883,-70.65778962067078
23884,-4.73101357290259
23885,-61.65409154788845
23886,50.42960235659119
23887,-0.9105591821925834
23888,-12.506563258772855
23889,39.0115562255757
23890,43.62994677748681
23891,1.4290712052522796
23892,-33.34578421567814
23893,48.1339453455068
23894,65.8869939513969
23895,-37.46443540108105
23896,-20.54176313132638
23897,-26.35863262955148
23898,72.5571015375285
23899,-62.81056247571734
23900,-24.313777753872763
23901,34.14589051471735
23902,-23.37272778093424
23903,-26.35863262955148
23904,-63.1073683230305
23905,-42.045435370629264
23906,38.00287983366354
23907,-3.2002719823554813
23908,-63.4063969171928
23909,-4.591672889577259
23910,64.81430806196548
23911,-9.4271708970347
23912,-81.43497614291309
23913,61.84129491304833
23914,65.3116208679119
23915,-54.748451755323565
23916,-3.237460763220758
23917,-9.927694094212663
23918,-11.850130996166351
23919,60.19774114374799
23920,52.27423363932581
23921,-29.12821461210367
23922,-79.62990939387207
23923,60.70364483774803
23924,59.38720809821959
23925,-60.946909004365466
23926,-9.3529729620861
23927,-4.64865354379525
23928,-78.01487393727714
23929,26.63887994588488
23930,65.72030069430711
23931,-81.86811257671891
23932,-58.70150544823527
23933,-77.92170975539675
23934,-58.35510832410119
23935,-26.053309162841007
23936,-8.83131850615009
23937,-26.868823333416778
23938,62.29830122049849
23939,-8.079598094275436
23940,-8.079598094275436
23941,-63.73693224984801
23942,26.63887994588488
23943,-69.32892559051697
23944,-4.565857144601425
23945,-4.477673241707694
23946,-2.608346473544315
23947,59.38720809821959
23948,36.057206601299015
23949,-22.740363574671523
23950,66.36533899670813
23951,-64.33308816128115
23952,-75.47309189757604
23953,35.61230450864007
23954,-76.59140170433068
23955,-81.4219003364661
23956,-5.571686097945205
23957,-18.590783098337347
23958,-71.58258669139748
23959,-28.950537641675176
23960,-78.34529476960118
23961,-7.061418640456296
23962,-85.31144405273723
23963,-73.73095006206573
23964,-80.68445216485105
23965,-25.9308642131563
23966,-26.19562313098608
23967,39.052544754402206
23968,73.01373239096073
23969,-4.792405900715582
23970,-2.405003210662352
23971,-78.2001839529774
23972,-4.242178625575885
23973,41.18483260366053
23974,-5.896063103795052
23975,-11.351497316096223
23976,2.011561020808288
23977,37.57434098456528
23978,-3.1937623239252613
23979,-6.011496250270697
23980,-5.432795343129225
23981,59.38720809821959
23982,61.595644855867874
23983,-3.2002719823554813
23984,-39.31438726876346
23985,-85.31144405273723
23986,-24.86542924297496
23987,-26.92122714484034
23988,56.9903282125458
23989,-75.07920039916034
23990,-91.65839393402136
23991,34.16133388754457
23992,-17.399123629832506
23993,60.8409263903214
23994,-76.41558711413765
23995,45.297745054964565
23996,-58.058029500270415
23997,56.26620131658363
23998,38.14051419330562
23999,-12.0811787445484
24000,52.27423363932581
24001,-3.1937623239252613
24002,62.26095516244536
24003,65.3116208679119
24004,-6.189265639866827
24005,-17.868743375084954
24006,38.14051419330562
24007,-9.382331231821366
24008,36.1517139207733
24009,36.33381041569599
24010,65.99122003248756
24011,-6.712459302293989
24012,-31.39722626282305
24013,-0.7818102552752748
24014,64.33445554230539
24015,-2.278392244968116
24016,-77.92170975539675
24017,-72.58697739906569
24018,59.26898823638866
24019,-2.558477456137518
24020,-76.87424545690175
24021,-30.759679766946256
24022,-13.400219335852285
24023,-7.661059652883708
24024,-2.1522094060692885
24025,4.8258161117804725
24026,-90.4153731522858
24027,-72.80841505235654
24028,-33.982364431742866
24029,54.30387008718296
24030,45.08816103494649
24031,-7.820871200334798
24032,66.37770224464388
24033,43.96992337397711
24034,56.59154673564621
24035,-4.811073818270353
24036,48.53950547472694
24037,-16.76665502246308
24038,-52.75266646464727
24039,72.27671674774916
24040,-80.86386173096948
24041,-73.33246955489616
24042,70.93517067467137
24043,-64.23932971434402
24044,-66.64265577642547
24045,-9.71273597499438
24046,62.83326522893733
24047,-33.982364431742866
24048,-33.21041350931191
24049,35.16888847364805
24050,60.8409263903214
24051,-3.237460763220758
24052,-24.876153712106028
24053,-3.233748810475345
24054,-9.219605361965172
24055,70.19632530580755
24056,-5.816348165776377
24057,1.4757383622104123
24058,-23.99534830299041
24059,65.4427044458922
24060,-59.12708568221157
24061,-9.591899526220391
24062,3.3156437374216887
24063,33.83078994316492
24064,-63.864460005113486
24065,55.38183245978577
24066,-60.79683619665708
24067,-9.71273597499438
24068,74.39893219500019
24069,39.0854170148655
24070,-17.369294950515656
24071,-4.811073818270353
24072,-73.66722915102977
24073,42.52967406966264
24074,-54.70271912125672
24075,60.19774114374799
24076,-61.81399810328544
24077,63.037704295162186
24078,-17.818122927769274
24079,-28.98766559182189
24080,-4.997292152967432
24081,-1.1572448155870907
24082,-3.493631464115552
24083,66.48460824720837
24084,-10.167906518046706
24085,-3.5304747575906887
24086,-5.534788046554409
24087,62.15053481124893
24088,-5.571686097945205
24089,-10.916991416728202
24090,-61.22685336161601
24091,-11.731206452583743
24092,71.14892377249149
24093,-32.41041500504725
24094,-62.23632469130845
24095,-74.39267232621464
24096,-6.0266897888589
24097,-82.34246873204486
24098,69.00403650183237
24099,-28.21317900928552
24100,-28.41554144830444
24101,-78.18326101301102
24102,-35.65997966171697
24103,-30.766100427641504
24104,-9.362634516422151
24105,-78.46709327676592
24106,-17.399123629832506
24107,-59.33331266354455
24108,-73.70723841702606
24109,64.81487911876368
24110,-3.237460763220758
24111,-85.72257429377856
24112,71.94680480383012
24113,-3.2982522380571595
24114,62.857810032520405
24115,-58.706517507775246
24116,-39.31438726876346
24117,64.81944310236403
24118,-3.954893374477079
24119,-83.69566837283493
24120,-76.977304184558
24121,-51.13243336090737
24122,37.1592399200574
24123,64.75289748057426
24124,-24.17916726421011
24125,-78.40135889375192
24126,-6.077818394064847
24127,38.77237777436453
24128,-5.239251671291343
24129,38.97610509535531
24130,-12.506563258772855
24131,-64.33308816128115
24132,38.67594111025417
24133,-28.473765929704
24134,-56.38744381701966
24135,-63.73693224984801
24136,-77.80583874700397
24137,-16.76665502246308
24138,-31.39722626282305
24139,46.01796238690357
24140,-81.33288189289921
24141,-10.916991416728202
24142,-67.15900800756036
24143,-23.34988839539026
24144,-74.31910899296047
24145,-54.410340671464944
24146,-26.053309162841007
24147,-24.035256178805383
24148,-25.9308642131563
24149,41.04774088520353
24150,-5.589353506025708
24151,-1.6108255366853896
24152,-10.393705241474656
24153,-8.079598094275436
24154,-79.33365240704248
24155,33.00081511910711
24156,-63.60250179112755
24157,-9.927694094212663
24158,45.199144548823774
24159,-22.30063922155707
24160,-9.59770782017585
24161,1.8640902598918847
24162,-4.565857144601425
24163,-7.1010706457861
24164,30.894266720228924
24165,67.489668287587
24166,45.56713524848598
24167,38.501280197981096
24168,-22.30422873381617
24169,-39.0291807336016
24170,-37.907157846273066
24171,-26.90182948790397
24172,-58.19169524062018
24173,-86.54129801875123
24174,-1.8514188540041785
24175,36.149027023126095
24176,42.12892843319149
24177,-57.20385638688347
24178,49.427112352918655
24179,3.03485487636388
24180,35.61230450864007
24181,-5.589353506025708
24182,36.09700267928625
24183,-71.04772684083105
24184,-63.60250179112755
24185,-60.87913077021663
24186,-8.707807033301501
24187,59.8077250704138
24188,-60.79683619665708
24189,-32.744637033078966
24190,-5.281618873345328
24191,-5.903016996217578
24192,41.04774088520353
24193,-54.42582196161711
24194,-75.70688431611613
24195,38.92947921837813
24196,59.8077250704138
24197,-32.04110619373821
24198,-26.91132978099904
24199,-80.06146995792716
24200,-5.879042838091374
24201,-7.661059652883708
24202,61.84129491304833
24203,-57.06197830451805
24204,-6.011496250270697
24205,63.62894396182072
24206,-3.493631464115552
24207,-80.12487547421169
24208,-34.687825536750935
24209,-10.393705241474656
24210,-75.79630176341335
24211,-7.248397043044775
24212,-24.50605058980709
24213,-72.06227489978001
24214,-49.57133236144138
24215,-33.34578421567814
24216,-76.41558711413765
24217,-42.045435370629264
24218,-81.21747914818863
24219,-80.12487547421169
24220,-62.43073561862568
24221,-6.391881785157917
24222,38.22437509065313
24223,-4.565857144601425
24224,67.55249766155046
24225,-9.76628013579302
24226,-7.40915133200993
24227,-78.53867788750658
24228,65.99122003248756
24229,39.07480011158056
24230,2.172783187981177
24231,-7.248397043044775
24232,-29.12821461210367
24233,35.43707164448359
24234,-7.031280833630046
24235,-3.237460763220758
24236,-9.382331231821366
24237,-30.759679766946256
24238,-73.33246955489616
24239,43.228026806790105
24240,-16.81459681963039
24241,-90.4153731522858
24242,-62.36072393000944
24243,-76.977304184558
24244,-74.39077664059784
24245,0.5933965985437908
24246,-8.421206502274847
24247,-13.727251531970913
24248,-81.26420025175081
24249,-76.41558711413765
24250,-81.4219003364661
24251,-26.72158823994228
24252,63.54346917743041
24253,-61.254484023818215
24254,-55.14785883329954
24255,-77.09693697184623
24256,-6.096184048807876
24257,-30.547365186373625
24258,-54.631825436819554
24259,-4.407580058088582
24260,-63.54679606227924
24261,62.30580339455723
24262,-5.346103400307259
24263,-14.131435485823497
24264,-59.627575852244334
24265,-39.31438726876346
24266,-77.999820380754
24267,36.83388635225771
24268,-64.368025963856
24269,-83.66312522275061
24270,-0.9823687691646475
24271,-65.41527564201398
24272,63.62894396182072
24273,-9.59770782017585
24274,0.8162360527015404
24275,-7.693709394917242
24276,66.09330170157199
24277,65.45644175988883
24278,-78.62601730006858
24279,-13.400219335852285
24280,-56.90109732615596
24281,-80.68445216485105
24282,-82.34246873204486
24283,-8.934958963907516
24284,-54.63464016784087
24285,-21.89463534310276
24286,-7.949349776540005
24287,41.02022542858145
24288,-65.41527564201398
24289,-75.65326570668242
24290,26.63887994588488
24291,-59.627575852244334
24292,-58.50221340826251
24293,-80.19134153251075
24294,-6.783391235830871
24295,-0.2215197017598108
24296,-4.736312271908524
24297,65.7176722538734
24298,41.04774088520353
24299,-26.875910005136763
24300,-75.47309189757604
24301,-23.0688295647456
24302,-80.12487547421169
24303,-17.818122927769274
24304,70.95411679182506
24305,-68.80820197219407
24306,-63.73693224984801
24307,41.35221146941846
24308,-23.018083400171108
24309,59.26898823638866
24310,43.83871302760448
24311,-10.824972608688828
24312,67.40849631787849
24313,-31.39722626282305
24314,-25.977384691939243
24315,-56.45843060020663
24316,-7.061418640456296
24317,-26.053309162841007
24318,-6.147360251623763
24319,-79.42441149671009
24320,-32.80312309827871
24321,-9.59770782017585
24322,-28.473765929704
24323,-63.31078928325038
24324,-3.5304747575906887
24325,-34.152771966939824
24326,-64.67487402179223
24327,-79.46384581845702
24328,-32.336490938236615
24329,-75.52023221860952
24330,-7.135553309178454
24331,62.30580339455723
24332,37.56672588793499
24333,-12.506563258772855
24334,-82.54019257686474
24335,63.64607712799125
24336,-77.09693697184623
24337,-25.0237520918818
24338,-57.778385395872114
24339,-2.278392244968116
24340,47.80414182619551
24341,-54.73267957090341
24342,-9.76628013579302
24343,41.5104004473656
24344,-6.096184048807876
24345,-78.62601730006858
24346,-21.66824330104929
24347,37.56672588793499
24348,-33.917363336106824
24349,-2.1584957913368363
24350,-10.916991416728202
24351,-77.08806788267556
24352,63.29754167456554
24353,-61.88142034835168
24354,-3.4078424683603163
24355,-26.91675152526744
24356,-25.0237520918818
24357,-9.35484568868868
24358,-72.16006698881564
24359,-36.68261121680276
24360,40.83456224282382
24361,65.7176722538734
24362,-81.33288189289921
24363,59.8077250704138
24364,-0.622591797977412
24365,-4.309504550827043
24366,-80.12487547421169
24367,-55.37699589912774
24368,-70.46327099067537
24369,-5.281618873345328
24370,-5.281618873345328
24371,-81.86811257671891
24372,-77.02478364114297
24373,-78.5868945275221
24374,-78.5868945275221
24375,-5.571686097945205
24376,41.99776463786405
24377,-2.144010360609772
24378,-5.281618873345328
24379,38.26799170731178
24380,-42.045435370629264
24381,-7.243011911861283
24382,-9.382331231821366
24383,-0.9325583786752628
24384,-68.23531221197456
24385,-81.33288189289921
24386,64.33445554230539
24387,-2.144010360609772
24388,-79.0722911193141
24389,39.07480011158056
24390,65.72030069430711
24391,-32.744637033078966
24392,-26.053309162841007
24393,-81.39039134375409
24394,-26.72158823994228
24395,-6.783391235830871
24396,-81.86811257671891
24397,-76.94772199154613
24398,66.85183720197575
24399,-37.923925723009134
24400,-2.3693051467307846
24401,37.56672588793499
24402,-33.73458221566604
24403,-78.12567704577637
24404,47.675546829547805
24405,-81.86811257671891
24406,40.5777792000319
24407,-53.87056917912219
24408,38.77237777436453
24409,70.41982052499026
24410,45.74837908404848
24411,67.66529436746193
24412,-60.11283100465394
24413,-62.43073561862568
24414,-78.98087900209498
24415,36.12165675678261
24416,-29.47960962433845
24417,-16.109566335014684
24418,-64.368025963856
24419,-64.19622671475173
24420,-9.403757404634868
24421,-17.818122927769274
24422,39.0854170148655
24423,-59.45696593526922
24424,-63.864460005113486
24425,-74.99829917239872
24426,-6.881865153196351
24427,38.92947921837813
24428,-67.15900800756036
24429,-17.868743375084954
24430,38.26799170731178
24431,63.524330907977856
24432,-10.167906518046706
24433,-72.17960831495508
24434,-33.21041350931191
24435,40.051025771845445
24436,-56.38744381701966
24437,33.006690940398165
24438,-9.591899526220391
24439,-76.92929892743192
24440,40.223334427629794
24441,30.985425812634983
24442,-28.82909683316981
24443,-9.591899526220391
24444,34.89869925966708
24445,-24.217326708923764
24446,61.80629293556119
24447,-62.36072393000944
24448,70.3059675057795
24449,-33.73458221566604
24450,-13.73137131212716
24451,65.72030069430711
24452,-10.167906518046706
24453,-37.35279260629292
24454,-63.91917952910139
24455,45.13252477563896
24456,-64.19622671475173
24457,65.52487481712994
24458,-69.94669796310579
24459,-75.53658726288056
24460,55.38183245978577
24461,-1.267764813656111
24462,-6.365318256068937
24463,40.64788016622858
24464,-21.89463534310276
24465,-6.900965466820537
24466,-82.90581768738578
24467,-59.627575852244334
24468,-74.1859874286335
24469,37.11836815356264
24470,-1.6123777419356786
24471,-53.86698344228371
24472,57.46031281507224
24473,33.50887235905374
24474,-20.54176313132638
24475,-4.190107951278588
24476,-1.6023004451156142
24477,-79.62990939387207
24478,-26.868823333416778
24479,-9.32818423338258
24480,-58.99991314469262
24481,-31.39722626282305
24482,-26.868823333416778
24483,58.38425050643528
24484,-76.94772199154613
24485,-9.59770782017585
24486,-76.21805629344574
24487,-84.37081311162534
24488,65.91304599993795
24489,-6.491666968521761
24490,62.1151895088048
24491,-78.34529476960118
24492,-35.434670060056206
24493,61.571181677564745
24494,-72.16006698881564
24495,1.1487839887141549
24496,-77.8497677351955
24497,-91.65839393402136
24498,-81.4219003364661
24499,-25.977384691939243
24500,70.2516851182793
24501,39.052544754402206
24502,33.83078994316492
24503,65.7176722538734
24504,47.53311652333044
24505,-79.63683747534677
24506,-60.65684941562649
24507,-64.368025963856
24508,64.59747847741517
24509,61.571181677564745
24510,-7.990843924838975
24511,-70.46327099067537
24512,-28.19340002519893
24513,36.09700267928625
24514,-3.2982522380571595
24515,-24.418465199881403
24516,69.30766796453084
24517,-21.89463534310276
24518,-6.903215349770536
24519,-51.20077234649544
24520,37.11836815356264
24521,-9.32603190921073
24522,-32.80312309827871
24523,63.524330907977856
24524,37.77826091444818
24525,-22.40860978870516
24526,-8.83131850615009
24527,40.4434776889568
24528,-4.997281716602396
24529,-55.48705237484744
24530,-5.713240841315569
24531,-10.42125330021919
24532,-7.820871200334798
24533,-52.372053410981
24534,42.79996786093994
24535,-57.20385638688347
24536,-31.39722626282305
24537,-76.21805629344574
24538,-7.437636001090805
24539,-78.12567704577637
24540,68.98706381129384
24541,-4.511040112718003
24542,32.25151650385384
24543,-76.68251962039723
24544,56.9903282125458
24545,-5.76225849812529
24546,65.67715315976474
24547,3.199365503659692
24548,-55.828534129664526
24549,62.30580339455723
24550,-35.434670060056206
24551,-4.997292152967432
24552,-4.309504550827043
24553,41.02022542858145
24554,-54.50015182724846
24555,-7.023763601820392
24556,-3.842270871680041
24557,-3.657837477582362
24558,64.87990593813024
24559,61.51906320893288
24560,61.55292977639851
24561,-28.82909683316981
24562,43.0471049474915
24563,-30.71377446858996
24564,-37.923925723009134
24565,72.16347813344957
24566,38.97610509535531
24567,-17.399123629832506
24568,53.39699026014466
24569,-27.070556979653546
24570,38.00287983366354
24571,39.1470663966359
24572,-10.916991416728202
24573,-0.3429552569728278
24574,-2.558477456137518
24575,-9.403757404634868
24576,-26.355158306771504
24577,39.0854170148655
24578,-76.59992217031265
24579,68.55366199641914
24580,-79.0722911193141
24581,-4.736312271908524
24582,40.8032447702852
24583,-1.2199282807710947
24584,61.20540572074926
24585,-5.281618873345328
24586,43.228026806790105
24587,61.20540572074926
24588,-6.797697360233206
24589,-31.327399597305902
24590,-11.327989515270977
24591,-39.31438726876346
24592,-3.934458444490876
24593,-28.045460877750344
24594,-59.28630746659016
24595,59.21736388942135
24596,66.48460824720837
24597,60.29469655473344
24598,-10.423397686232889
24599,-28.473765929704
24600,37.11836815356264
24601,-29.744998587338703
24602,-20.021167658049286
24603,-1.667266098296949
24604,-6.491666968521761
24605,0.7124341590448946
24606,40.77562655361631
24607,-2.206652452119889
24608,-3.621078299561706
24609,67.85810913207578
24610,-55.66042563782124
24611,-9.403757404634868
24612,1.6209453868694546
24613,68.33841576984072
24614,-49.89023572876647
24615,-4.591672889577259
24616,56.9903282125458
24617,37.77826091444818
24618,-79.33365240704248
24619,-58.31177800782348
24620,-72.16006698881564
24621,45.77204913571679
24622,71.67776761113346
24623,43.15418514860919
24624,57.671673446689326
24625,-28.38837082535096
24626,73.10565644772855
24627,-31.16108146178492
24628,-21.67989888216548
24629,-27.58295137416449
24630,62.857810032520405
24631,36.149027023126095
24632,35.61230450864007
24633,-60.65684941562649
24634,-37.923925723009134
24635,40.051025771845445
24636,-0.3841203387414911
24637,-3.949522936142866
24638,-6.35790705725686
24639,63.037704295162186
24640,-6.319336010631236
24641,-4.784871292944724
24642,44.83195017306789
24643,-55.22439987443952
24644,-13.727251531970913
24645,-8.753257135645732
24646,-29.75036090150781
24647,-6.957640308514188
24648,-85.72257429377856
24649,65.8869939513969
24650,-84.08085446831572
24651,-10.167906518046706
24652,59.32888137823817
24653,-57.20385638688347
24654,-62.52507602209999
24655,-25.304473102730533
24656,-79.62990939387207
24657,-16.564319812791613
24658,-16.76665502246308
24659,66.55264711707326
24660,39.94987617731654
24661,-3.842270871680041
24662,-81.39039134375409
24663,-64.25873296178516
24664,1.6150058361331157
24665,47.55590664341848
24666,-9.3529729620861
24667,-4.591672889577259
24668,-2.311705035320494
24669,-3.1785435777028264
24670,-60.48056132614733
24671,-1.7668877624755304
24672,-5.879042838091374
24673,37.988658955667646
24674,-75.53658726288056
24675,-3.2982522380571595
24676,-8.83131850615009
24677,-32.41041500504725
24678,-11.631787416427407
24679,-63.54679606227924
24680,34.89869925966708
24681,62.26095516244536
24682,-83.66312522275061
24683,-10.167906518046706
24684,33.63056666162687
24685,-7.384428920494485
24686,-5.258808644064233
24687,-9.129578328346565
24688,-2.405003210662352
24689,-3.4078424683603163
24690,-80.58156401063383
24691,-32.80312309827871
24692,-76.99552966402285
24693,-79.33365240704248
24694,-56.91198026176788
24695,-82.34246873204486
24696,-9.205266301730358
24697,-4.883593348670333
24698,55.64552325234678
24699,-24.67349800172532
24700,-37.35279260629292
24701,26.63887994588488
24702,-64.67487402179223
24703,41.5104004473656
24704,-79.63683747534677
24705,40.5777792000319
24706,-64.25873296178516
24707,-54.57390331324243
24708,-61.52854425471117
24709,-79.05755651725487
24710,-3.2942433847518817
24711,-5.18829390699416
24712,62.30580339455723
24713,41.18483260366053
24714,-54.70271912125672
24715,-74.27848297296836
24716,59.38720809821959
24717,-82.10368292217878
24718,-60.52504933462939
24719,-78.07964748297644
24720,68.33841576984072
24721,68.62174372332217
24722,-78.18326101301102
24723,-28.575202664348176
24724,58.38425050643528
24725,-60.47012156936529
24726,44.133458108867856
24727,-31.297257788983035
24728,64.84631460923688
24729,35.43707164448359
24730,-5.589353506025708
24731,-12.0811787445484
24732,38.67594111025417
24733,64.33445554230539
24734,65.67715315976474
24735,-66.11367618758992
24736,-6.0266897888589
24737,41.23224349922471
24738,39.85180450208436
24739,-79.97439368850696
24740,37.11836815356264
24741,-11.222347450282752
24742,-77.08806788267556
24743,-76.17876961145113
24744,-71.87165341326032
24745,61.571181677564745
24746,-37.35279260629292
24747,-3.5304747575906887
24748,-58.63469064369326
24749,-64.67487402179223
24750,42.93751510376537
24751,-2.14306747358034
24752,-7.990843924838975
24753,-60.03222573622223
24754,-6.450450258853226
24755,-6.787317231403479
24756,-77.08806788267556
24757,-8.89775091287727
24758,31.98200913504136
24759,-26.72158823994228
24760,-83.97464957943146
24761,-11.631787416427407
24762,-73.8235994708653
24763,40.8032447702852
24764,-6.787317231403479
24765,-8.181787563666921
24766,43.82333461876637
24767,-78.2501279418261
24768,-6.35790705725686
24769,-1.870634311077888
24770,-8.421206502274847
24771,-25.0237520918818
24772,43.96992337397711
24773,-9.205266301730358
24774,-32.744637033078966
24775,38.85313793393847
24776,35.43707164448359
24777,-7.437636001090805
24778,-20.11203141881048
24779,-42.045435370629264
24780,-6.615435034561498
24781,-4.565857144601425
24782,40.5777792000319
24783,-29.46403713819133
24784,60.70364483774803
24785,36.09700267928625
24786,-62.36072393000944
24787,41.5104004473656
24788,-57.39788797238211
24789,-9.59770782017585
24790,42.12892843319149
24791,67.09308058317453
24792,-13.400219335852285
24793,-4.784871292944724
24794,69.91812439730705
24795,-59.00445923943978
24796,70.3059675057795
24797,-23.85812491723343
24798,0.3443832275707201
24799,72.16347813344957
24800,-6.491666968521761
24801,-3.907885682896075
24802,-23.14597892981521
24803,-27.61560852498119
24804,70.2516851182793
24805,-4.964332565281746
24806,63.25857557398436
24807,-3.954893374477079
24808,39.64202042940768
24809,-72.06227489978001
24810,-78.5868945275221
24811,-7.990843924838975
24812,69.09142214741549
24813,-60.03991548581881
24814,44.46024970820256
24815,-2.3693051467307846
24816,-6.615435034561498
24817,-32.03864676714741
24818,-2.3693051467307846
24819,-5.481786896355015
24820,-32.03864676714741
24821,-12.506563258772855
24822,-31.44827116249608
24823,-61.52854425471117
24824,-78.18326101301102
24825,-75.2137705605968
24826,-4.73101357290259
24827,-11.850130996166351
24828,-61.98213032321068
24829,-74.6553466535148
24830,-2.1996031973564083
24831,-78.40135889375192
24832,-26.35863262955148
24833,-5.534788046554409
24834,67.43899334299891
24835,61.571181677564745
24836,-4.434038581038154
24837,-77.999820380754
24838,-74.55878356537603
24839,-34.01777345840117
24840,-56.765660884342566
24841,-59.08632786320052
24842,-64.19622671475173
24843,-77.13038989719206
24844,-3.543717611040022
24845,-13.727251531970913
24846,-32.41933650891959
24847,46.753472755878406
24848,-6.077818394064847
24849,-82.90581768738578
24850,-32.336490938236615
24851,-54.410340671464944
24852,42.16863930411108
24853,41.23224349922471
24854,-74.28223598719624
24855,-76.74068202255003
24856,38.67371420974409
24857,-5.571686097945205
24858,-56.68529163243982
24859,54.60056258645003
24860,42.45349567533461
24861,-90.4153731522858
24862,39.85180450208436
24863,-68.0938106117234
24864,-9.403757404634868
24865,64.59747847741517
24866,-62.43073561862568
24867,-7.243011911861283
24868,-79.63683747534677
24869,-11.327989515270977
24870,-59.33331266354455
24871,41.23224349922471
24872,-18.17640993120301
24873,-84.08085446831572
24874,-10.916991416728202
24875,-17.818122927769274
24876,-76.41558711413765
24877,1.3369782478524468
24878,-4.736312271908524
24879,41.98808889365748
24880,-76.68089255672884
24881,72.5571015375285
24882,62.15906133232584
24883,-3.887777148466175
24884,-11.327989515270977
24885,43.96992337397711
24886,-10.158575905071537
24887,-9.362634516422151
24888,-5.903016996217578
24889,-27.65733364771165
24890,-4.73101357290259
24891,-5.792940889487868
24892,-62.52507602209999
24893,-37.923925723009134
24894,-5.879042838091374
24895,39.64202042940768
24896,-34.01777345840117
24897,-25.77261780158543
24898,63.524330907977856
24899,-7.225690207675024
24900,-0.4493374646716912
24901,-9.362634516422151
24902,-37.35279260629292
24903,-6.797697360233206
24904,37.57434098456528
24905,-85.37207456534787
24906,41.84537668920997
24907,2.763214766809531
24908,66.43669510458274
24909,-10.65683293611954
24910,-56.953275168812
24911,-68.23531221197456
24912,-6.319336010631236
24913,-57.96327323400368
24914,-29.12821461210367
24915,38.27029841395087
24916,-8.542845258932342
24917,-77.96739537797005
24918,62.79106129246746
24919,34.76934012231049
24920,-63.54679606227924
24921,58.662580322866106
24922,-79.6492749909382
24923,-34.01777345840117
24924,67.35927277660129
24925,-10.536685473461782
24926,-56.45843060020663
24927,-64.67487402179223
24928,-9.880363401291934
24929,69.84906960036876
24930,-74.1859874286335
24931,67.03111814438375
24932,33.52821499889548
24933,-75.11036300923344
24934,38.67594111025417
24935,41.89138180412796
24936,-1.5861216585587732
24937,-3.907885682896075
24938,58.662580322866106
24939,36.09700267928625
24940,-7.559532191115157
24941,-8.421206502274847
24942,38.14051419330562
24943,-24.89473435937875
24944,40.69722599095189
24945,-0.7014349573715313
24946,-64.25873296178516
24947,-7.384428920494485
24948,66.75525672887802
24949,-39.31438726876346
24950,40.4434776889568
24951,-2.144010360609772
24952,39.08863430059908
24953,40.77562655361631
24954,-7.061418640456296
24955,-74.31910899296047
24956,-76.7486402840064
24957,-77.66805449441193
24958,-83.75004189185897
24959,-52.372053410981
24960,38.573224634085086
24961,-85.37207456534787
24962,-8.410169748966108
24963,64.33445554230539
24964,-10.42125330021919
24965,-28.950537641675176
24966,-81.21747914818863
24967,-4.227177215886787
24968,-15.340600199039756
24969,-58.35510832410119
24970,-3.493631464115552
24971,-35.434670060056206
24972,66.55264711707326
24973,-9.127739378716146
24974,-59.97096347238862
24975,-62.52507602209999
24976,-63.864460005113486
24977,-61.65409154788845
24978,-69.17745328351917
24979,-73.66722915102977
24980,-79.62990939387207
24981,-10.65683293611954
24982,-28.38837082535096
24983,-20.39037863713328
24984,3.571955675994849
24985,-2.292391990827566
24986,-64.67487402179223
24987,63.037704295162186
24988,-85.37207456534787
24989,-27.070556979653546
24990,-59.45696593526922
24991,72.58619398277618
24992,-12.71361966802924
24993,-10.35206879969035
24994,64.63540727816198
24995,54.60056258645003
24996,-7.061418640456296
24997,41.617783536696656
24998,-72.472807073264
24999,37.4206110861189
25000,-6.125001712324775
25001,-26.25758251001518
25002,0.5114674975282223
25003,-27.929938951549406
25004,61.55292977639851
25005,-9.880363401291934
25006,42.16863930411108
25007,-65.27045550958182
25008,30.94842945737268
25009,-61.32082291397885
25010,-0.3217788788515809
25011,65.91384794934038
25012,-3.5095606944422304
25013,-73.33246955489616
25014,47.66569555202254
25015,-13.727251531970913
25016,40.051025771845445
25017,-85.39444863728465
25018,-6.153308856255392
25019,50.31602446742991
25020,-75.53658726288056
25021,-79.42441149671009
25022,-66.85322722428891
25023,-6.491666968521761
25024,-11.257058596764068
25025,39.052544754402206
25026,-59.483419889571664
25027,37.77826091444818
25028,-9.59770782017585
25029,-8.83131850615009
25030,-58.31177800782348
25031,37.4206110861189
25032,68.33841576984072
25033,38.14051419330562
25034,-77.66805449441193
25035,-58.31177800782348
25036,-63.60250179112755
25037,-61.498670422703455
25038,29.818565490269485
25039,-28.575202664348176
25040,-64.23932971434402
25041,59.32888137823817
25042,-57.11583738983805
25043,40.5777792000319
25044,63.8182861771317
25045,-81.16533059368155
25046,41.99776463786405
25047,-64.16194880968865
25048,-28.98766559182189
25049,37.77826091444818
25050,42.52967406966264
25051,-21.4274418990984
25052,-38.070669469613264
25053,39.0854170148655
25054,-91.65839393402136
25055,63.64607712799125
25056,-5.3780443456447
25057,45.38680619153871
25058,-28.0427399088694
25059,-61.32082291397885
25060,70.52508184259858
25061,-77.999820380754
25062,-52.40393352651802
25063,-21.56190005640235
25064,-9.127739378716146
25065,-2.1996031973564083
25066,-84.12856823846114
25067,-78.37777809146169
25068,-76.68251962039723
25069,-61.5218308496239
25070,-3.338061538358912
25071,-6.459540828906654
25072,-33.73458221566604
25073,-25.712988459074268
25074,-58.35510832410119
25075,-24.17916726421011
25076,-36.68261121680276
25077,-6.957640308514188
25078,-24.846143699137148
25079,-63.54679606227924
25080,58.537830799835234
25081,-9.127739378716146
25082,-86.54129801875123
25083,-2.9895200959586745
25084,-77.73552331469133
25085,43.59093141192837
25086,-10.314632223010983
25087,38.89867313289324
25088,-29.47960962433845
25089,56.9903282125458
25090,-4.96544280500064
25091,-7.437636001090805
25092,-54.99745434066576
25093,-24.63563208297836
25094,59.283171168436446
25095,-66.92214283266928
25096,-26.35863262955148
25097,-55.77556518574699
25098,-79.42441149671009
25099,-75.82388898546292
25100,-26.35863262955148
25101,-22.32674914008135
25102,40.93765006566885
25103,-33.917363336106824
25104,-81.39039134375409
25105,-37.46443540108105
25106,-75.82362112174668
25107,-53.852660138023865
25108,45.297745054964565
25109,1.6497157134614255
25110,-23.377177290790343
25111,-34.605740500297586
25112,-63.54679606227924
25113,-18.17640993120301
25114,-79.63683747534677
25115,-64.23932971434402
25116,-85.37207456534787
25117,-13.400219335852285
25118,63.8182861771317
25119,-17.51091398594153
25120,-4.997281716602396
25121,-30.759679766946256
25122,-8.226064298554554
25123,44.56559718035652
25124,42.814289421866846
25125,57.46031281507224
25126,-81.7934290809595
25127,39.0854170148655
25128,-82.90581768738578
25129,61.43281440851523
25130,40.77759512080182
25131,-30.121210135718066
25132,59.32888137823817
25133,-0.8017876375281725
25134,61.80629293556119
25135,-66.4834116950165
25136,29.818565490269485
25137,-66.11367618758992
25138,68.10218271653247
25139,63.64607712799125
25140,-72.16006698881564
25141,-54.87314273671061
25142,69.30766796453084
25143,-11.631787416427407
25144,-79.46384581845702
25145,57.5306080757028
25146,-13.400219335852285
25147,54.60056258645003
25148,-79.63683747534677
25149,61.43281440851523
25150,36.83388635225771
25151,59.8077250704138
25152,-29.12821461210367
25153,-3.338061538358912
25154,41.89138180412796
25155,-63.31078928325038
25156,-76.25202968685743
25157,-4.377503136049266
25158,-32.41041500504725
25159,-81.34938692662213
25160,66.15469291522476
25161,-5.537935623298357
25162,40.71682202483329
25163,65.30357681261881
25164,69.36024974710863
25165,-5.210395828430251
25166,-25.10103944256712
25167,-76.21805629344574
25168,-16.255964740498197
25169,69.53411821750629
25170,-24.86542924297496
25171,58.662580322866106
25172,31.415975074356
25173,-57.20385638688347
25174,-37.923925723009134
25175,-9.403757404634868
25176,-33.62949155156901
25177,-75.70688431611613
25178,2.0124449329130814
25179,49.56984078655359
25180,-11.631787416427407
25181,-73.33246955489616
25182,-57.20385638688347
25183,-8.283247301684781
25184,38.22437509065313
25185,-3.4078424683603163
25186,62.26384589250782
25187,-85.72257429377856
25188,39.0854170148655
25189,-3.621078299561706
25190,-75.34112267938823
25191,38.40118453331777
25192,-78.08167404287607
25193,-9.127739378716146
25194,-68.0938106117234
25195,-10.393705241474656
25196,43.60924303798516
25197,-39.31438726876346
25198,-5.606535828072705
25199,-29.17303576498353
25200,26.63887994588488
25201,43.55356460713698
25202,-30.35204188622218
25203,-7.853853508010022
25204,-22.258683101893173
25205,-6.395902968675038
25206,38.14051419330562
25207,39.052544754402206
25208,-34.152771966939824
25209,-60.00429799213528
25210,-59.43373476213246
25211,37.4206110861189
25212,65.4427044458922
25213,-9.3529729620861
25214,-5.439673223862765
25215,63.39422878073484
25216,-7.135553309178454
25217,-71.14481113416633
25218,-9.435661975086942
25219,35.68000823745812
25220,-11.222347450282752
25221,38.14051419330562
25222,-54.38678316876361
25223,69.00403650183237
25224,-81.4219003364661
25225,36.85382190775398
25226,-6.787317231403479
25227,-59.43373476213246
25228,41.23974288154124
25229,-3.5052792222129234
25230,-6.754449733085991
25231,-29.47960962433845
25232,-4.672625212098357
25233,-26.355158306771504
25234,39.35368601627008
25235,36.149027023126095
25236,66.8852054688737
25237,-20.39037863713328
25238,-9.927694094212663
25239,-8.566389585748817
25240,-9.435661975086942
25241,-71.16152640444005
25242,-12.71361966802924
25243,-60.46266057887327
25244,39.12879437941376
25245,59.32888137823817
25246,-81.21554740273325
25247,-39.31438726876346
25248,-34.605740500297586
25249,40.8032447702852
25250,-10.344810071970093
25251,-78.01487393727714
25252,-79.0722911193141
25253,-76.68251962039723
25254,61.43281440851523
25255,-61.82615704016673
25256,-12.01181242273089
25257,-2.2338263537662684
25258,-31.39722626282305
25259,-58.60297222868777
25260,46.8218032714269
25261,63.06039002163137
25262,-8.17981860001223
25263,-72.55573123011106
25264,-57.33514116794002
25265,-81.43497614291309
25266,-35.434670060056206
25267,-2.1996031973564083
25268,-74.39267232621464
25269,-9.59770782017585
25270,-8.283247301684781
25271,-78.2501279418261
25272,-83.97464957943146
25273,-85.68422844730706
25274,36.53570960176854
25275,32.94380768366639
25276,-3.4714584568314235
25277,-5.713240841315569
25278,69.37918787859805
25279,61.93739847868425
25280,-25.77261780158543
25281,-75.47309189757604
25282,-7.990843924838975
25283,-14.19671842525914
25284,-4.769565918156631
25285,38.22437509065313
25286,60.07514659640373
25287,-11.327989515270977
25288,-5.281618873345328
25289,56.9903282125458
25290,-1.7588880043673436
25291,61.55292977639851
25292,41.0915740591024
25293,-78.12567704577637
25294,40.39792169833
25295,-8.753257135645732
25296,-55.82996928084266
25297,-66.11367618758992
25298,-28.0427399088694
25299,-80.64698200693117
25300,-0.5650555072542698
25301,-23.84256921025749
25302,-35.434670060056206
25303,-2.432206054462524
25304,33.52821499889548
25305,-79.46384581845702
25306,-29.46403713819133
25307,-39.31438726876346
25308,-8.982620526386052
25309,41.617783536696656
25310,-28.38837082535096
25311,35.61230450864007
25312,-78.40135889375192
25313,39.07480011158056
25314,35.43707164448359
25315,-63.864460005113486
25316,-86.01539478578931
25317,-4.792405900715582
25318,-33.73458221566604
25319,-29.744998587338703
25320,-80.28149415255231
25321,-7.243011911861283
25322,-11.327989515270977
25323,-64.19622671475173
25324,-77.8577917297113
25325,-20.11203141881048
25326,-33.698895994899004
25327,-11.679632912318256
25328,64.59747847741517
25329,-73.18482547778845
25330,-0.7014349573715313
25331,-73.08405570857683
25332,-6.319336010631236
25333,-54.38678316876361
25334,3.073172978018804
25335,40.77562655361631
25336,-16.255964740498197
25337,65.73794099747204
25338,-10.344810071970093
25339,38.00287983366354
25340,-2.144010360609772
25341,-8.566389585748817
25342,49.01768475442407
25343,-2.2338263537662684
25344,-6.783391235830871
25345,-7.840416787909541
25346,-59.28630746659016
25347,-11.14774047049242
25348,59.8077250704138
25349,-74.75302469775488
25350,-1.4228609260140086
25351,-58.70150544823527
25352,-72.08974348915298
25353,-27.866507981974813
25354,-60.55195081902075
25355,-72.472807073264
25356,-6.395902968675038
25357,-27.866507981974813
25358,60.70364483774803
25359,-8.283247301684781
25360,36.85382190775398
25361,61.80629293556119
25362,61.43281440851523
25363,50.31602446742991
25364,-70.46327099067537
25365,-2.2338263537662684
25366,41.12126348083147
25367,-27.929938951549406
25368,-85.68422844730706
25369,-86.54129801875123
25370,54.60056258645003
25371,-1.3712171529664474
25372,-4.73101357290259
25373,-56.70847668233562
25374,-75.99747464262376
25375,53.39699026014466
25376,-63.2280082540985
25377,67.47101062747076
25378,66.99471595493212
25379,-61.98213032321068
25380,-34.14787386591052
25381,-58.63469064369326
25382,36.149027023126095
25383,-2.405003210662352
25384,-9.439594277961715
25385,-0.9325583786752628
25386,63.8182861771317
25387,-60.52504933462939
25388,-25.715812593291574
25389,-31.854471139870164
25390,-72.16006698881564
25391,-30.319042486942216
25392,-24.94704600380169
25393,67.32734974743016
25394,64.63540727816198
25395,26.63887994588488
25396,-6.903215349770536
25397,-75.47309189757604
25398,59.283171168436446
25399,63.94179182645681
25400,-33.73458221566604
25401,-8.410169748966108
25402,-56.91198026176788
25403,40.21373509819192
25404,40.93765006566885
25405,41.89138180412796
25406,-70.46327099067537
25407,35.912346927292404
25408,-4.672625212098357
25409,-79.05755651725487
25410,-30.759679766946256
25411,-58.706517507775246
25412,-61.498670422703455
25413,-25.304473102730533
25414,61.22966786225656
25415,-75.52023221860952
25416,56.9903282125458
25417,-71.14849234107162
25418,1.3369782478524468
25419,-85.72257429377856
25420,64.68313231535765
25421,-5.887873721012564
25422,73.65976760764678
25423,32.95203838967225
25424,-62.23632469130845
25425,43.82317507759152
25426,-70.9037913044936
25427,-78.18326101301102
25428,64.63540727816198
25429,-12.01181242273089
25430,-3.4133477644711423
25431,72.22300854213296
25432,-17.51091398594153
25433,-35.15703372733711
25434,-29.46403713819133
25435,-37.35279260629292
25436,-80.88411939674268
25437,-5.816348165776377
25438,-6.787317231403479
25439,-54.99745434066576
25440,65.99122003248756
25441,-34.605740500297586
25442,-7.407716929454525
25443,-54.38678316876361
25444,55.38183245978577
25445,-63.31078928325038
25446,-27.61560852498119
25447,-4.736312271908524
25448,63.019611337349424
25449,-75.52023221860952
25450,-34.605740500297586
25451,43.288295351167214
25452,-63.60250179112755
25453,-58.66493573711881
25454,64.81944310236403
25455,-60.48056132614733
25456,-32.88170499490205
25457,-58.14022772512077
25458,-5.46175438888984
25459,63.524330907977856
25460,-28.38837082535096
25461,-37.35279260629292
25462,-16.92417823950304
25463,-64.25873296178516
25464,38.09813984038581
25465,40.64788016622858
25466,-77.98079247808425
25467,0.3595293996654862
25468,-26.19562313098608
25469,-67.11633519331775
25470,-63.91917952910139
25471,38.22437509065313
25472,35.61230450864007
25473,-58.26738436933333
25474,40.24252737907073
25475,-5.675078782902871
25476,-77.8577917297113
25477,46.44021149936594
25478,-81.33288189289921
25479,43.60924303798516
25480,-0.3217788788515809
25481,-25.36471998677906
25482,-16.255964740498197
25483,-20.39037863713328
25484,-85.68422844730706
25485,52.27423363932581
25486,-31.514507285100585
25487,-55.13150316619698
25488,-69.94669796310579
25489,-1.1572448155870907
25490,-63.82682025035549
25491,35.16888847364805
25492,-81.39039134375409
25493,37.89837306637298
25494,-29.97349858306507
25495,-60.87913077021663
25496,-76.93311188224683
25497,42.6599984859764
25498,0.5114674975282223
25499,-31.327399597305902
25500,37.85407504324095
25501,-3.567528791618717
25502,-78.2501279418261
25503,-0.9325583786752628
25504,-3.954893374477079
25505,-17.818122927769274
25506,34.14589051471735
25507,-2.2338263537662684
25508,40.80532645623907
25509,68.26048008457987
25510,-56.717808799978485
25511,-58.66493573711881
25512,-79.62990939387207
25513,43.0471049474915
25514,-78.01487393727714
25515,3.673655213155262
25516,-24.164021901559515
25517,-72.16006698881564
25518,61.51906320893288
25519,-0.3229574739678993
25520,-24.54400945809596
25521,40.83456224282382
25522,71.6408007109652
25523,-29.744998587338703
25524,-23.17772634995437
25525,-17.63791554731422
25526,39.08863430059908
25527,-6.183549418171426
25528,63.62894396182072
25529,-12.208603416418118
25530,42.47276061195943
25531,41.23224349922471
25532,32.97488263131372
25533,62.26384589250782
25534,-80.68445216485105
25535,-28.41554144830444
25536,-29.46403713819133
25537,-39.821925983047294
25538,43.228026806790105
25539,-67.11633519331775
25540,-2.41061645992914
25541,38.435183271791615
25542,60.29469655473344
25543,-0.0310491184816341
25544,64.56606827123287
25545,-57.96727273992486
25546,40.223334427629794
25547,-8.346477294065771
25548,71.56007470018218
25549,-10.344810071970093
25550,-58.30613530745269
25551,-70.46327099067537
25552,-3.493631464115552
25553,-79.05755651725487
25554,-6.787317231403479
25555,52.27423363932581
25556,-32.41041500504725
25557,-2.3754118217901103
25558,43.15418514860919
25559,-61.65409154788845
25560,-72.59351864413803
25561,-61.81399810328544
25562,46.71202105254872
25563,-86.54129801875123
25564,-32.22280559134375
25565,-80.86386173096948
25566,-6.67605673012746
25567,-24.01843547264048
25568,36.53570960176854
25569,-61.88142034835168
25570,-54.38678316876361
25571,-63.2280082540985
25572,-9.362634516422151
25573,-29.29334930151458
25574,4.431583132460345
25575,1.0778689108272088
25576,-5.453132695603269
25577,-4.73101357290259
25578,65.30357681261881
25579,-58.5990965229872
25580,-5.969536408473977
25581,-72.06227489978001
25582,68.62174372332217
25583,-1.3789836351097025
25584,-33.698895994899004
25585,-31.39722626282305
25586,-62.22004015981472
25587,-82.37083396267937
25588,61.80629293556119
25589,-56.70847668233562
25590,68.33841576984072
25591,-0.2296613278835861
25592,-7.023763601820392
25593,-6.571201206124518
25594,68.03062700946832
25595,-17.878932620465953
25596,-32.41933650891959
25597,38.484833114620045
25598,52.27423363932581
25599,33.52821499889548
25600,-8.410169748966108
25601,-54.59143705030113
25602,-27.387814550477792
25603,-71.4649513537842
25604,-85.31144405273723
25605,-58.99991314469262
25606,-61.65409154788845
25607,-5.621695375116026
25608,40.71698632580651
25609,62.391034811785104
25610,59.32888137823817
25611,-27.72163268865705
25612,-16.255964740498197
25613,65.91384794934038
25614,38.22437509065313
25615,-29.75036090150781
25616,-78.37777809146169
25617,38.02823211753954
25618,37.01655803065869
25619,41.23224349922471
25620,70.37041510763979
25621,-55.13150316619698
25622,-4.832314385373641
25623,-78.07964748297644
25624,-31.327399597305902
25625,67.53279823760859
25626,-27.65733364771165
25627,58.537830799835234
25628,-16.564319812791613
25629,-5.879042838091374
25630,-23.1107108621268
25631,-7.839163044518771
25632,-73.18482547778845
25633,63.87306848702515
25634,-0.2296613278835861
25635,-14.439596113049204
25636,67.32362775050872
25637,-27.65733364771165
25638,-70.46327099067537
25639,-1.1572448155870907
25640,29.818565490269485
25641,1.0683188808403772
25642,-71.72926542098423
25643,-11.327989515270977
25644,58.537830799835234
25645,-0.9268532617884198
25646,-60.48056132614733
25647,-26.76608873711445
25648,30.94842945737268
25649,-73.8235994708653
25650,-0.4276064908157133
25651,-23.49653201150448
25652,-80.44810040281625
25653,-17.51091398594153
25654,3.86548253522262
25655,-54.80026359791826
25656,66.1389067966288
25657,-76.68089255672884
25658,-85.39444863728465
25659,-13.846766413762674
25660,-62.84780969334716
25661,42.6599984859764
25662,-25.49882773678268
25663,-80.44810040281625
25664,-3.887777148466175
25665,-29.830086479507948
25666,-81.21554740273325
25667,-2.278392244968116
25668,-2.46454334883742
25669,-3.767626935699437
25670,-31.297257788983035
25671,-54.43366186913257
25672,-8.226064298554554
25673,-57.33514116794002
25674,-10.548282459140449
25675,43.24427239072433
25676,-27.929938951549406
25677,-25.36471998677906
25678,-25.915858855368032
25679,38.27029841395087
25680,-57.3690720335547
25681,67.55249766155046
25682,62.26384589250782
25683,-4.917985187232842
25684,-33.21041350931191
25685,-5.514166236893506
25686,-79.62990939387207
25687,-3.842270871680041
25688,-79.46384581845702
25689,50.92142619631545
25690,54.22964599152933
25691,-64.23932971434402
25692,66.79519854023671
25693,41.98808889365748
25694,43.59093141192837
25695,-75.88217789466871
25696,-26.42245667893441
25697,-59.88544302373569
25698,-63.54679606227924
25699,-29.383216006993862
25700,-27.69386642962574
25701,71.28729854249782
25702,-2.2338263537662684
25703,-63.60250179112755
25704,2.0969983913889565
25705,52.27423363932581
25706,-3.493631464115552
25707,-72.472807073264
25708,-16.564319812791613
25709,59.283171168436446
25710,-4.917985187232842
25711,-1.267764813656111
25712,-5.022570513430298
25713,-4.778241420642624
25714,-5.606535828072705
25715,-6.395902968675038
25716,-16.255964740498197
25717,-5.896809277222888
25718,-2.144010360609772
25719,-60.2080457834694
25720,-83.66312522275061
25721,60.8409263903214
25722,39.1470663966359
25723,-6.395902968675038
25724,-2.2338263537662684
25725,-18.17640993120301
25726,41.06931515302546
25727,-54.38678316876361
25728,-58.99991314469262
25729,-30.71377446858996
25730,-27.777609321073378
25731,63.8182861771317
25732,-68.70506920611703
25733,-9.127739378716146
25734,-2.089295764285729
25735,-63.14589018595164
25736,-79.05755651725487
25737,68.02913178680996
25738,-4.407580058088582
25739,38.02823211753954
25740,-78.37777809146169
25741,67.09308058317453
25742,41.23224349922471
25743,62.857810032520405
25744,-23.411049655624254
25745,-59.04397256284698
25746,62.15906133232584
25747,67.09308058317453
25748,-67.77565896948964
25749,-58.26738436933333
25750,-68.0938106117234
25751,-70.89393312781736
25752,-14.19484232851015
25753,-26.42245667893441
25754,-5.896809277222888
25755,-81.43497614291309
25756,-5.606535828072705
25757,-29.12821461210367
25758,-5.367228369284004
25759,-83.33713646630969
25760,32.97488263131372
25761,40.4434776889568
25762,-11.679632912318256
25763,-39.55145701373226
25764,-2.4263403110768804
25765,-58.70150544823527
25766,-80.88411939674268
25767,-85.37207456534787
25768,-23.49653201150448
25769,-3.795749827901503
25770,-26.72158823994228
25771,-75.52023221860952
25772,-9.76628013579302
25773,-8.786025525899511
25774,-62.23632469130845
25775,-4.565857144601425
25776,41.70755338535085
25777,6.250752767938138
25778,62.085079371907696
25779,64.31043432245707
25780,-9.59559767229508
25781,43.723387102997776
25782,58.537830799835234
25783,66.1389067966288
25784,-32.88170499490205
25785,33.83078994316492
25786,-7.747268322200521
25787,-68.23531221197456
25788,41.86484010190527
25789,68.10218271653247
25790,-76.25202968685743
25791,-16.255964740498197
25792,-29.198133744654584
25793,-25.55675832543612
25794,62.79294111506133
25795,68.45011011247345
25796,67.35927277660129
25797,-73.1572982705438
25798,-76.21805629344574
25799,-35.434670060056206
25800,-8.753257135645732
25801,63.8182861771317
25802,-61.32241781091751
25803,-0.8017876375281725
25804,-7.437636001090805
25805,-71.4162804112709
25806,-8.257897057045518
25807,-57.052958788234506
25808,-71.50030929279498
25809,0.695739273481963
25810,-6.400373450059661
25811,59.283171168436446
25812,-1.911946074626198
25813,66.36533899670813
25814,-71.14481113416633
25815,1.072516039956989
25816,-0.2296613278835861
25817,-54.73267957090341
25818,-59.483419889571664
25819,-12.414645458292544
25820,-86.10574819806993
25821,-56.91198026176788
25822,-80.68445216485105
25823,-17.878932620465953
25824,71.90504318925359
25825,-1.6123777419356786
25826,-63.2280082540985
25827,-61.98213032321068
25828,-8.283247301684781
25829,-9.065864780009576
25830,-2.793639058002308
25831,38.22437509065313
25832,42.47276061195943
25833,45.987838394933306
25834,5.268041671085789
25835,63.8182861771317
25836,-37.35279260629292
25837,-61.14934963538979
25838,-76.21805629344574
25839,48.92613509375092
25840,35.912346927292404
25841,-9.435661975086942
25842,65.85491651932462
25843,3.03485487636388
25844,-9.08560925473831
25845,-3.7887389746854927
25846,-6.787317231403479
25847,1.2544627968533284
25848,-59.97096347238862
25849,-10.536685473461782
25850,-77.73552331469133
25851,-20.98606234205685
25852,42.16863930411108
25853,-7.840416787909541
25854,59.94879868769289
25855,-6.183549418171426
25856,64.33445554230539
25857,70.64871415181261
25858,-6.722835535548942
25859,38.22437509065313
25860,41.23224349922471
25861,-7.839163044518771
25862,-80.88411939674268
25863,-6.67605673012746
25864,-69.18330289415913
25865,-10.304426045639527
25866,-29.31836034262364
25867,58.537830799835234
25868,-2.793639058002308
25869,-83.97464957943146
25870,-7.839163044518771
25871,-10.344810071970093
25872,2.3612050577045447
25873,-34.01777345840117
25874,2.956213878652402
25875,37.4206110861189
25876,-27.10484507747509
25877,3.073172978018804
25878,-9.59559767229508
25879,-26.42245667893441
25880,-76.21805629344574
25881,-11.14774047049242
25882,-8.17981860001223
25883,-12.01181242273089
25884,46.471207421406696
25885,-82.10132263079849
25886,-84.08085446831572
25887,66.0532052532001
25888,46.8262581714808
25889,-76.93311188224683
25890,-7.243011911861283
25891,-31.514507285100585
25892,-32.88170499490205
25893,-80.44810040281625
25894,62.26384589250782
25895,-6.199600225784057
25896,-60.52504933462939
25897,-80.44810040281625
25898,-6.125001712324775
25899,-62.52507602209999
25900,-32.826631060603695
25901,67.83045077661879
25902,-86.40363540246297
25903,3.408944480462293
25904,-34.01777345840117
25905,-24.21009123979418
25906,-18.17640993120301
25907,-6.754449733085991
25908,68.46618839314841
25909,68.55366199641914
25910,-9.59559767229508
25911,44.46254979465739
25912,-55.13150316619698
25913,-75.11036300923344
25914,37.54792314919781
25915,-28.58777794626592
25916,62.25362468913816
25917,2.599483568414126
25918,-53.852660138023865
25919,-65.27045550958182
25920,68.91213262398453
25921,41.99776463786405
25922,-25.77261780158543
25923,-5.141142543569335
25924,-30.10931848448586
25925,39.0726797069954
25926,-84.37081311162534
25927,2.9281610619864304
25928,38.02823211753954
25929,39.64202042940768
25930,-85.68422844730706
25931,-7.437636001090805
25932,-3.717805416202976
25933,-4.997281716602396
25934,59.20804742140507
25935,42.47276061195943
25936,-5.969536408473977
25937,-10.344810071970093
25938,-31.16108146178492
25939,-4.96544280500064
25940,39.28056851676459
25941,59.94879868769289
25942,-35.78845525171448
25943,-63.287889079191615
25944,-58.706517507775246
25945,-72.80841505235654
25946,-32.41041500504725
25947,-10.184297504071592
25948,-23.377177290790343
25949,-58.66493573711881
25950,-68.24357137235593
25951,-0.6040233300105964
25952,-69.84219246697802
25953,40.77759512080182
25954,-58.706517507775246
25955,31.415975074356
25956,-6.395902968675038
25957,-25.36471998677906
25958,-17.51091398594153
25959,40.93765006566885
25960,62.26384589250782
25961,-83.29382372128343
25962,-72.55573123011106
25963,-28.38837082535096
25964,63.524330907977856
25965,-65.4714516525678
25966,-14.19484232851015
25967,71.47205600200283
25968,40.21373509819192
25969,-12.072585286281148
25970,-26.42245667893441
25971,-2.7272919834938207
25972,-7.40915133200993
25973,-5.514166236893506
25974,31.415975074356
25975,34.76934012231049
25976,66.1389067966288
25977,-4.73101357290259
25978,-7.369310341752554
25979,-71.50030929279498
25980,-58.000293012026425
25981,43.723387102997776
25982,-28.575202664348176
25983,-3.168127121526005
25984,-12.01181242273089
25985,71.67278643394705
25986,-10.410717665294868
25987,38.965123101566704
25988,61.80629293556119
25989,40.14540748344381
25990,40.4434776889568
25991,40.24252737907073
25992,-35.17476804636696
25993,-76.21202698961886
25994,-5.896809277222888
25995,32.97488263131372
25996,-51.95445293013955
25997,-19.78810649861992
25998,-77.98079247808425
25999,67.09308058317453
26000,-25.39362908886764
26001,-13.727251531970913
26002,-78.12017100423164
26003,46.8218032714269
26004,-25.10103944256712
26005,-54.57390331324243
26006,-14.19484232851015
26007,-61.498670422703455
26008,-54.249864328755926
26009,39.0854170148655
26010,63.524330907977856
26011,-27.777609321073378
26012,-3.4133477644711423
26013,-35.434670060056206
26014,-58.70150544823527
26015,32.97488263131372
26016,46.8218032714269
26017,38.09813984038581
26018,0.653759351432674
26019,-76.36346623377615
26020,-24.01843547264048
26021,37.85407504324095
26022,-6.459540828906654
26023,-61.65409154788845
26024,70.53263779400446
26025,-81.86811257671891
26026,66.61858381710053
26027,-10.304426045639527
26028,64.81944310236403
26029,68.02913178680996
26030,-5.538673588201348
26031,-72.43234103978565
26032,-29.744998587338703
26033,-0.1440342373731042
26034,-71.58050563227525
26035,-74.39267232621464
26036,35.43707164448359
26037,40.24252737907073
26038,-61.254484023818215
26039,-4.623343867735684
26040,-6.787317231403479
26041,0.9779731543945112
26042,-78.2501279418261
26043,0.3116797058542992
26044,-6.35790705725686
26045,-74.28223598719624
26046,37.54792314919781
26047,35.94574364467655
26048,-19.62257094917824
26049,-13.846766413762674
26050,-66.11367618758992
26051,38.92947921837813
26052,-3.621078299561706
26053,-67.11633519331775
26054,-6.881865153196351
26055,-38.21948565765657
26056,-79.63683747534677
26057,-16.255964740498197
26058,-1.674712428412326
26059,-6.339024329104827
26060,-9.439594277961715
26061,44.28024256720516
26062,-4.2390392556169125
26063,-60.11283100465394
26064,49.88790479038804
26065,-63.14589018595164
26066,63.8182861771317
26067,-59.077977165703786
26068,-76.117052181256
26069,-5.830415975910235
26070,-9.08560925473831
26071,-33.698895994899004
26072,-58.5990965229872
26073,41.98808889365748
26074,-27.070556979653546
26075,-8.02708258488169
26076,-77.73552331469133
26077,-25.10103944256712
26078,-0.2716223767160945
26079,-24.60454479561
26080,-2.726115456331841
26081,55.38183245978577
26082,55.84860688103778
26083,60.29469655473344
26084,54.22964599152933
26085,40.83456224282382
26086,-24.425874403261865
26087,-56.71919853529757
26088,-12.623257738081062
26089,-1.7588880043673436
26090,-1.4764173642135263
26091,-59.478388438392
26092,66.79519854023671
26093,-4.425930082896981
26094,-78.37777809146169
26095,-18.17640993120301
26096,65.32345580906166
26097,-28.58777794626592
26098,-31.514507285100585
26099,39.35368601627008
26100,-5.022570513430298
26101,-79.05755651725487
26102,68.08867229358842
26103,-77.11353943120592
26104,-26.76608873711445
26105,35.912346927292404
26106,-13.400219335852285
26107,41.23224349922471
26108,43.92095801476662
26109,-6.063305526418591
26110,-61.08839533319703
26111,35.68000823745812
26112,41.35221146941846
26113,-25.10103944256712
26114,-29.46403713819133
26115,-6.712459302293989
26116,-1.1107327869875825
26117,-29.12821461210367
26118,-0.4276064908157133
26119,-11.351497316096223
26120,-14.19484232851015
26121,-76.82665961941964
26122,-27.172937984136475
26123,62.77090164587944
26124,-78.58382073178602
26125,59.8077250704138
26126,-8.856769216045516
26127,-59.97096347238862
26128,-27.58295137416449
26129,-21.45952531814692
26130,-7.248397043044775
26131,64.68313231535765
26132,59.32888137823817
26133,-31.514507285100585
26134,-81.09331306982624
26135,-67.11633519331775
26136,-74.71910591487772
26137,63.94179182645681
26138,67.55249766155046
26139,-77.98079247808425
26140,-85.03531222389228
26141,75.30981338604121
26142,-75.40306406324513
26143,-12.414645458292544
26144,-1.3993472016464694
26145,-11.222347450282752
26146,-33.495287320660694
26147,63.06039002163137
26148,-29.744998587338703
26149,-80.64698200693117
26150,-7.40915133200993
26151,0.695739273481963
26152,45.987838394933306
26153,-7.436820698480079
26154,-10.21136193675839
26155,-1.9627627053411525
26156,-57.54146608837622
26157,66.0532052532001
26158,-56.1039319282846
26159,-57.109832546643055
26160,-60.887329241507295
26161,-34.01777345840117
26162,39.12879437941376
26163,-81.21554740273325
26164,-5.538673588201348
26165,37.89837306637298
26166,-10.548282459140449
26167,-69.94669796310579
26168,-3.338061538358912
26169,-6.722835535548942
26170,40.39792169833
26171,-58.07557606091676
26172,-74.1859874286335
26173,-7.032132085662957
26174,68.46416365475811
26175,-1.963349213834876
26176,64.68313231535765
26177,-76.7486402840064
26178,-4.997281716602396
26179,-24.612100601338
26180,-76.82665961941964
26181,-66.15570659377302
26182,-11.14774047049242
26183,-6.276227706933705
26184,-72.06227489978001
26185,1.3369782478524468
26186,-26.045488322545893
26187,62.24301320975856
26188,0.695739273481963
26189,-6.199600225784057
26190,38.22437509065313
26191,58.537830799835234
26192,-58.66493573711881
26193,-85.03531222389228
26194,-8.753257135645732
26195,-35.434670060056206
26196,-6.67605673012746
26197,62.26384589250782
26198,-60.52504933462939
26199,-38.070669469613264
26200,-10.304426045639527
26201,71.93015723247186
26202,40.80532645623907
26203,-85.68422844730706
26204,38.00287983366354
26205,62.391034811785104
26206,-23.63711604617722
26207,-6.486146791751066
26208,-24.485689703688617
26209,-71.50030929279498
26210,64.3542798526859
26211,58.537830799835234
26212,-6.199600225784057
26213,67.42711884865432
26214,-5.453132695603269
26215,57.43935833544437
26216,-5.367228369284004
26217,0.0408797253370423
26218,-27.070556979653546
26219,-80.91326378816238
26220,-10.42125330021919
26221,68.98250526509237
26222,-16.579105669595556
26223,-31.514507285100585
26224,52.27423363932581
26225,40.83456224282382
26226,-76.87424545690175
26227,43.70230989754101
26228,-61.65409154788845
26229,-58.08444904428363
26230,-17.878932620465953
26231,-65.27045550958182
26232,-8.283247301684781
26233,-82.10132263079849
26234,-27.866507981974813
26235,41.79905150516588
26236,-55.23967968393722
26237,-54.249864328755926
26238,-28.80983736658183
26239,-10.297045565177044
26240,-1.4204178156869642
26241,-38.31263381521072
26242,68.33677289869745
26243,-25.36471998677906
26244,-59.08632786320052
26245,62.32207757439417
26246,-31.514507285100585
26247,-3.7887389746854927
26248,39.186065870963446
26249,-81.88574709811745
26250,39.1470663966359
26251,60.29469655473344
26252,-59.97096347238862
26253,-10.35206879969035
26254,-48.86888309673071
26255,42.4305629482916
26256,-56.45678203531435
26257,-25.38291123455537
26258,-7.520097454065729
26259,73.04407598948079
26260,-35.434670060056206
26261,-5.514166236893506
26262,66.15469291522476
26263,-9.59559767229508
26264,-36.68261121680276
26265,-2.3230037507050527
26266,-79.62990939387207
26267,-4.778241420642624
26268,-25.88345996914679
26269,-26.548252329670344
26270,38.68617970114894
26271,-1.6988983859647462
26272,-6.455593736500338
26273,-12.293512331759064
26274,-56.71919853529757
26275,60.84905852168857
26276,59.32888137823817
26277,60.12192904644061
26278,67.09308058317453
26279,-31.327399597305902
26280,-5.621695375116026
26281,39.35368601627008
26282,-0.546596176483157
26283,54.19966348431995
26284,55.38183245978577
26285,40.21373509819192
26286,-9.59770782017585
26287,67.66529436746193
26288,66.0532052532001
26289,-4.832314385373641
26290,40.4434776889568
26291,-35.15703372733711
26292,-26.76608873711445
26293,-5.453132695603269
26294,-5.621695375116026
26295,-1.2248371969919862
26296,-86.10574819806993
26297,-76.74068202255003
26298,-60.887329241507295
26299,-63.51348339670662
26300,-85.39444863728465
26301,-6.41776058963557
26302,-29.383216006993862
26303,50.03800852072016
26304,-23.44517926346965
26305,70.29229971841258
26306,59.69136061278424
26307,-83.29382372128343
26308,-80.64698200693117
26309,-66.4834116950165
26310,-77.98079247808425
26311,-5.379265607318596
26312,-24.700479478343333
26313,-82.10368292217878
26314,-14.19484232851015
26315,-60.52504933462939
26316,-5.606535828072705
26317,3.4126209619141403
26318,-30.319042486942216
26319,-5.621695375116026
26320,-0.0342389503642834
26321,61.43281440851523
26322,-6.787317231403479
26323,-78.07716164950126
26324,68.50543746008154
26325,38.09813984038581
26326,-61.98213032321068
26327,-74.71910591487772
26328,-63.37391014069955
26329,-32.68757341146856
26330,-59.483419889571664
26331,-81.09331306982624
26332,-31.02659376687893
26333,69.30766796453084
26334,-6.500792959291772
26335,-74.27848297296836
26336,-23.377177290790343
26337,-17.63791554731422
26338,70.4661582545962
26339,-79.97439368850696
26340,-35.434670060056206
26341,37.89837306637298
26342,60.07514659640373
26343,-27.363875625922432
26344,-63.41440333350511
26345,37.4206110861189
26346,37.106820135257976
26347,68.77273109578016
26348,-33.495287320660694
26349,67.42711884865432
26350,-32.18991902723548
26351,-85.68422844730706
26352,68.01688860624358
26353,-0.1795574242689213
26354,-54.96117580910497
26355,-74.99829917239872
26356,34.76934012231049
26357,-13.947579251059368
26358,-73.81382869563461
26359,-30.319042486942216
26360,-2.5095303134557936
26361,-68.23531221197456
26362,-28.58777794626592
26363,-8.533505613703326
26364,-23.03801241037071
26365,50.03800852072016
26366,-25.49882773678268
26367,60.29469655473344
26368,43.92095801476662
26369,-5.887873721012564
26370,-6.712459302293989
26371,62.1618265273784
26372,-6.395902968675038
26373,-42.045435370629264
26374,-57.25807989165688
26375,-54.249864328755926
26376,-76.82665961941964
26377,-70.46327099067537
26378,-9.59559767229508
26379,-2.206652452119889
26380,46.53482321672698
26381,36.09700267928625
26382,-63.73936639586786
26383,-81.6591282176976
26384,-32.826631060603695
26385,59.8077250704138
26386,-26.31588109701751
26387,-6.7114755943198094
26388,-80.86386173096948
26389,35.61230450864007
26390,-59.88544302373569
26391,-63.37391014069955
26392,-60.45893448239259
26393,-31.16108146178492
26394,59.69136061278424
26395,-27.172937984136475
26396,66.1389067966288
26397,-4.2390392556169125
26398,-9.08560925473831
26399,67.33816128347894
26400,-7.759716955771264
26401,-8.257897057045518
26402,35.94574364467655
26403,-21.525475129988912
26404,-60.45893448239259
26405,-68.70506920611703
26406,62.124612723534746
26407,-82.47615110382611
26408,-14.19671842525914
26409,-27.69386642962574
26410,-62.22004015981472
26411,-11.633727690897665
26412,38.40118453331777
26413,62.79294111506133
26414,37.85407504324095
26415,60.36768889621115
26416,58.537830799835234
26417,-63.37391014069955
26418,-80.28149415255231
26419,-71.82800722309678
26420,66.77462324314254
26421,62.24301320975856
26422,-5.538673588201348
26423,-28.82909683316981
26424,62.1618265273784
26425,38.09813984038581
26426,-9.5515422989967
26427,-85.31144405273723
26428,59.390971218827175
26429,-81.43497614291309
26430,61.80629293556119
26431,-17.63791554731422
26432,-1.9602615697585524
26433,32.97488263131372
26434,-7.369310341752554
26435,-3.621078299561706
26436,-7.29579905398424
26437,45.57926665047784
26438,63.38328201722909
26439,-27.070556979653546
26440,-51.9436608863927
26441,-26.045488322545893
26442,-72.55573123011106
26443,70.47814505577415
26444,-35.17476804636696
26445,42.839538059398926
26446,-2.9691111954017213
26447,-6.41776058963557
26448,-69.94669796310579
26449,36.1517139207733
26450,-31.854471139870164
26451,42.4305629482916
26452,-33.917363336106824
26453,-8.283247301684781
26454,43.29628450906245
26455,-33.495287320660694
26456,40.71698632580651
26457,-78.07964748297644
26458,39.28056851676459
26459,-6.486146791751066
26460,-73.69820373155072
26461,-33.495287320660694
26462,-76.17544520042676
26463,-57.052958788234506
26464,41.89138180412796
26465,-78.12567704577637
26466,-76.13824593017591
26467,-23.03801241037071
26468,69.7904708478945
26469,40.77759512080182
26470,-10.304426045639527
26471,-9.59559767229508
26472,-60.48056132614733
26473,-35.17476804636696
26474,59.305516940133806
26475,-85.68422844730706
26476,-10.049000002814225
26477,-6.395902968675038
26478,40.77759512080182
26479,-16.579105669595556
26480,-5.238436324426727
26481,-24.546812670346867
26482,-32.88170499490205
26483,-83.29382372128343
26484,45.901737729484616
26485,-5.439673223862765
26486,-77.999820380754
26487,40.223334427629794
26488,-9.435661975086942
26489,-8.346477294065771
26490,-14.471928008491874
26491,-79.46384581845702
26492,60.07514659640373
26493,-57.10346379570037
26494,42.59635566672728
26495,-85.68422844730706
26496,-6.67605673012746
26497,-0.9268532617884198
26498,32.95203838967225
26499,65.91384794934038
26500,-14.471928008491874
26501,-62.36072393000944
26502,40.71698632580651
26503,-85.68422844730706
26504,-24.066597943264988
26505,-82.61205299063654
26506,-3.7887389746854927
26507,42.839538059398926
26508,38.40118453331777
26509,-27.65733364771165
26510,-4.832314385373641
26511,44.3060764594974
26512,-8.934958963907516
26513,-63.44174655146243
26514,-59.483419889571664
26515,59.32888137823817
26516,-8.410169748966108
26517,-86.40363540246297
26518,-30.27202334630418
26519,-7.407716929454525
26520,-14.866953492690634
26521,-25.55675832543612
26522,-0.2296613278835861
26523,-5.649207017438792
26524,-5.141142543569335
26525,-16.579105669595556
26526,-1.18989256700348
26527,-8.346477294065771
26528,41.47924945069136
26529,68.02913178680996
26530,-86.40363540246297
26531,71.52698223240961
26532,62.92652784474216
26533,-90.15517883690066
26534,-76.117052181256
26535,44.83195017306789
26536,36.05771354034164
26537,30.94842945737268
26538,32.95203838967225
26539,60.07514659640373
26540,-13.926132116800956
26541,-5.621695375116026
26542,42.4305629482916
26543,66.0532052532001
26544,42.602277054453126
26545,-67.15900800756036
26546,-30.319042486942216
26547,41.90181535402377
26548,-53.17626773979754
26549,0.3595293996654862
26550,65.30357681261881
26551,-6.67605673012746
26552,0.3410166487090857
26553,-80.86386173096948
26554,67.31766776025081
26555,-28.82909683316981
26556,41.06931515302546
26557,-31.98343448183158
26558,-66.11367618758992
26559,-71.96581217784258
26560,44.20237148156052
26561,38.02823211753954
26562,-58.82437749454829
26563,-0.9325583786752628
26564,59.81658706644868
26565,-59.08632786320052
26566,-2.3035336311118435
26567,62.1618265273784
26568,-12.623257738081062
26569,50.03800852072016
26570,25.24586859659626
26571,35.912346927292404
26572,-7.759716955771264
26573,-79.62990939387207
26574,-21.92665993846327
26575,-17.878932620465953
26576,-77.90761526015427
26577,-33.142656287978006
26578,-4.683632697229847
26579,-31.327399597305902
26580,33.91531480866631
26581,-67.80662400777956
26582,-68.23531221197456
26583,67.53279823760859
26584,45.57926665047784
26585,-2.800091422879865
26586,-74.59819658886084
26587,-82.10132263079849
26588,-0.9469851710432128
26589,-60.52504933462939
26590,-3.4133477644711423
26591,-26.77846973988987
26592,-10.344810071970093
26593,32.95203838967225
26594,-54.63918522402981
26595,33.52821499889548
26596,-80.66483721205891
26597,-73.66689727875806
26598,-8.283247301684781
26599,63.8182861771317
26600,62.124612723534746
26601,-5.453132695603269
26602,39.1470663966359
26603,-0.2716223767160945
26604,-58.03747648887016
26605,-58.14022772512077
26606,54.19966348431995
26607,-4.658928763842418
26608,-1.6334132704619115
26609,-67.11633519331775
26610,-25.77261780158543
26611,-58.37413896821322
26612,-12.072585286281148
26613,64.16805132353358
26614,-10.515984291039144
26615,-12.71361966802924
26616,-6.598732974750629
26617,36.43676440653324
26618,-30.319042486942216
26619,38.66357862536928
26620,-7.614519349536239
26621,-57.10346379570037
26622,-23.42116034248936
26623,-60.924953228584656
26624,0.2183070840599046
26625,-5.675078782902871
26626,-25.49882773678268
26627,-3.1340765317699537
26628,-22.776812771421664
26629,-60.887329241507295
26630,-76.13824593017591
26631,56.9903282125458
26632,-62.61791229312949
26633,-11.631787416427407
26634,-79.13843078140023
26635,-34.01777345840117
26636,66.0532052532001
26637,-58.07632100879001
26638,61.53412776648988
26639,-2.1691139495301863
26640,32.97488263131372
26641,-0.2716223767160945
26642,-82.10132263079849
26643,-52.99162562811856
26644,-23.38794856904305
26645,-79.62990939387207
26646,-4.961840838128673
26647,-61.65409154788845
26648,-23.84256921025749
26649,59.390971218827175
26650,63.37687482843738
26651,-75.88217789466871
26652,-74.27848297296836
26653,33.91531480866631
26654,-8.17981860001223
26655,-3.842270871680041
26656,-23.6487641032096
26657,-70.78327189024048
26658,25.24586859659626
26659,59.32888137823817
26660,-33.67310551596777
26661,-84.08085446831572
26662,29.818565490269485
26663,-78.95397293790538
26664,-56.16323620193791
26665,-5.675078782902871
26666,42.38404525022783
26667,-32.22280559134375
26668,-5.344746290950577
26669,-6.547202616350263
26670,-3.7887389746854927
26671,-23.46051056382222
26672,-1.5822640553639316
26673,-81.21554740273325
26674,-27.78870897352387
26675,-32.88170499490205
26676,-53.852660138023865
26677,-70.46327099067537
26678,-8.02708258488169
26679,-8.982620526386052
26680,-7.759716955771264
26681,57.43935833544437
26682,-27.05561566551065
26683,-7.5061932540169405
26684,-27.45252992559808
26685,-27.363875625922432
26686,-62.66847000419977
26687,-58.07557606091676
26688,-74.49750122288697
26689,-5.896809277222888
26690,-33.495287320660694
26691,43.92810276729183
26692,45.37632162649295
26693,-75.11036300923344
26694,-27.866507981974813
26695,-28.82909683316981
26696,46.09558199366008
26697,40.4434776889568
26698,-67.11633519331775
26699,60.8409263903214
26700,-31.327399597305902
26701,-10.344810071970093
26702,61.571181677564745
26703,-14.866953492690634
26704,-5.621695375116026
26705,-18.17640993120301
26706,-27.172937984136475
26707,38.5472743536512
26708,64.68313231535765
26709,-26.04401704921969
26710,34.49038476147068
26711,-14.19484232851015
26712,-58.405222409015686
26713,-73.88534463713178
26714,-10.049000002814225
26715,3.992758928995905
26716,-60.52504933462939
26717,-6.486146791751066
26718,37.89837306637298
26719,66.09509454555541
26720,-54.249864328755926
26721,-57.54146608837622
26722,-63.1754066868699
26723,-0.2716223767160945
26724,-13.947579251059368
26725,-58.75471757807748
26726,-3.3784553253869256
26727,0.043810663332509
26728,-76.09472260778045
26729,-63.35773489210172
26730,-29.17303576498353
26731,-63.35773489210172
26732,-3.018426364786736
26733,43.55692447435875
26734,-10.344810071970093
26735,-57.33514116794002
26736,41.94772770936778
26737,-70.64292587012295
26738,-72.79022668047435
26739,63.38328201722909
26740,41.35221146941846
26741,-80.64698200693117
26742,42.6599984859764
26743,-63.864460005113486
26744,-75.47309189757604
26745,-24.59754922184325
26746,-5.675078782902871
26747,-80.18504140789318
26748,-9.08560925473831
26749,-60.11283100465394
26750,-0.4302157578669163
26751,40.21373509819192
26752,-8.856769216045516
26753,-73.88534463713178
26754,-76.21202698961886
26755,-68.38337079965952
26756,67.88611361869891
26757,42.20030148115727
26758,64.31043432245707
26759,-2.3754118217901103
26760,67.99822585160489
26761,-3.621078299561706
26762,-28.676728817475265
26763,62.391034811785104
26764,-3.482770574833653
26765,66.55264711707326
26766,-3.1340765317699537
26767,-10.314632223010983
26768,-12.623257738081062
26769,-9.5515422989967
26770,-30.27202334630418
26771,-29.198133744654584
26772,-26.84430182470259
26773,-82.47615110382611
26774,-6.063305526418591
26775,-1.6179567868503089
26776,-2.1996031973564083
26777,-75.53658726288056
26778,-75.11036300923344
26779,-10.548282459140449
26780,-6.395902968675038
26781,-4.917985187232842
26782,64.17061891151447
26783,68.76347801123347
26784,-28.41554144830444
26785,-32.975738438580535
26786,59.20804742140507
26787,-2.2338263537662684
26788,-7.437636001090805
26789,-27.894358436688712
26790,-59.3057634861683
26791,62.26384589250782
26792,-59.478388438392
26793,-7.023763601820392
26794,-5.9448172501924255
26795,-31.514507285100585
26796,-65.4714516525678
26797,-54.23991361567968
26798,59.283171168436446
26799,-80.66483721205891
26800,-75.88217789466871
26801,-12.072585286281148
26802,-73.09653496271916
26803,-55.29686346719531
26804,59.305516940133806
26805,-78.07716164950126
26806,-72.40788414366061
26807,-17.878932620465953
26808,34.76934012231049
26809,1.973522659435216
26810,1.914567661983908
26811,-77.13038989719206
26812,69.43551782445269
26813,-24.485689703688617
26814,-79.05755651725487
26815,-4.407580058088582
26816,-72.41843951200258
26817,-63.1754066868699
26818,-61.14934963538979
26819,-7.369310341752554
26820,-76.17876961145113
26821,-0.283539878727062
26822,-7.663918543668436
26823,42.839538059398926
26824,-28.68081226602039
26825,-14.866953492690634
26826,44.47953565387069
26827,-35.78845525171448
26828,-2.095920025219186
26829,-59.57474990876793
26830,42.16862751757356
26831,-75.34112267938823
26832,-81.33288189289921
26833,-64.63453633591179
26834,-23.6487641032096
26835,-57.62940155073923
26836,-81.09331306982624
26837,-76.82665961941964
26838,-84.53164030274368
26839,-6.783391235830871
26840,-58.000293012026425
26841,-7.759716955771264
26842,-62.36072393000944
26843,-6.328872333417657
26844,-10.410717665294868
26845,-75.82388898546292
26846,41.47924945069136
26847,68.5137704672276
26848,-72.40788414366061
26849,-62.09270753400772
26850,-61.32241781091751
26851,-26.42245667893441
26852,-3.338061538358912
26853,-13.947579251059368
26854,62.26384589250782
26855,-5.9448172501924255
26856,69.99873034630261
26857,-65.4714516525678
26858,-82.47615110382611
26859,-80.66483721205891
26860,-58.31177800782348
26861,47.68404240998807
26862,63.37687482843738
26863,68.88798108097359
26864,-72.88999378791944
26865,58.57927134280142
26866,-30.042759177406083
26867,40.64788016622858
26868,43.90956760303322
26869,-28.45693193878792
26870,38.27029841395087
26871,-58.66493573711881
26872,-5.675078782902871
26873,68.33677289869745
26874,-83.29382372128343
26875,-75.55800105820846
26876,37.40897788238648
26877,-3.938055578327604
26878,37.89837306637298
26879,64.35666663139426
26880,-23.362242154321656
26881,42.37884455540795
26882,-7.384428920494485
26883,-60.924953228584656
26884,32.95203838967225
26885,-5.453132695603269
26886,32.94380768366639
26887,-23.362242154321656
26888,-56.765660884342566
26889,-28.874838908660315
26890,65.7273848242336
26891,-85.25667167828755
26892,-16.579105669595556
26893,67.96812814614297
26894,-10.536685473461782
26895,65.7273848242336
26896,-59.88544302373569
26897,-1.3789836351097025
26898,-83.29382372128343
26899,57.43935833544437
26900,-28.291598377543576
26901,41.94772770936778
26902,-82.61205299063654
26903,-53.93037396649732
26904,37.613947009662965
26905,-13.678463524316838
26906,-29.17303576498353
26907,55.84860688103778
26908,-30.766100427641504
26909,-24.60454479561
26910,53.8589473936937
26911,62.124612723534746
26912,62.124612723534746
26913,-35.78845525171448
26914,-79.86904961377519
26915,-76.45323565553896
26916,50.079732006923535
26917,-39.821925983047294
26918,-63.287889079191615
26919,-82.61205299063654
26920,-82.47615110382611
26921,-10.297045565177044
26922,41.89138180412796
26923,69.54658848336747
26924,-26.42245667893441
26925,-10.03537907302148
26926,-26.42245667893441
26927,-29.052720309010382
26928,-60.65572797365582
26929,-24.425874403261865
26930,-27.866507981974813
26931,46.59432115435094
26932,-33.698895994899004
26933,71.55289510684389
26934,-80.88411939674268
26935,-38.31263381521072
26936,65.73794099747204
26937,-6.395902968675038
26938,-80.37570042547122
26939,68.08867229358842
26940,68.46618839314841
26941,-59.65014412603578
26942,59.20804742140507
26943,-5.379265607318596
26944,-11.394518506815803
26945,-60.44048839151937
26946,-70.58108360121562
26947,-3.4133477644711423
26948,-21.56003132658249
26949,40.71698632580651
26950,-54.73267957090341
26951,-80.37570042547122
26952,-6.199600225784057
26953,-10.536685473461782
26954,-7.5061932540169405
26955,-13.442100244537482
26956,-31.16545227169304
26957,37.89837306637298
26958,-83.97464957943146
26959,-6.183549418171426
26960,-2.3005877765507785
26961,-14.866953492690634
26962,54.19966348431995
26963,64.42768541457514
26964,-75.55800105820846
26965,-12.623257738081062
26966,-60.83744937157714
26967,-80.64698200693117
26968,42.37884455540795
26969,-52.82923041879605
26970,66.94334192359334
26971,-10.304426045639527
26972,-17.878932620465953
26973,-28.526964431095376
26974,61.43281440851523
26975,62.17934732724071
26976,-5.675078782902871
26977,-5.379265607318596
26978,65.25395651828724
26979,-5.238436324426727
26980,-75.84204797454106
26981,-3.4133477644711423
26982,32.95203838967225
26983,50.03800852072016
26984,-77.78876654561721
26985,-7.737398751098947
26986,-56.10202695829517
26987,-76.45323565553896
26988,-71.24110397632788
26989,-24.546812670346867
26990,-27.05561566551065
26991,-29.806535238646028
26992,60.12192904644061
26993,65.30357681261881
26994,-59.49880402762214
26995,-29.052720309010382
26996,44.133458108867856
26997,60.07514659640373
26998,-22.258683101893173
26999,73.71532779264967
27000,-3.4714584568314235
27001,-29.052720309010382
27002,38.39817945349056
27003,-68.39665910206365
27004,67.96812814614297
27005,-8.289405032932773
27006,40.71698632580651
27007,-28.58777794626592
27008,62.79294111506133
27009,67.69104746956646
27010,45.0192090341378
27011,-80.88411939674268
27012,-79.05755651725487
27013,-81.09331306982624
27014,-13.947579251059368
27015,-28.80983736658183
27016,-28.874838908660315
27017,-63.287889079191615
27018,62.29189459467323
27019,-5.453132695603269
27020,-2.954292904672488
27021,64.81944310236403
27022,-6.41776058963557
27023,-10.410717665294868
27024,-56.67516009199776
27025,-27.05561566551065
27026,-71.53937988030553
27027,46.55749711279245
27028,-27.65733364771165
27029,41.79905150516588
27030,-59.478388438392
27031,64.16805132353358
27032,35.65658534711088
27033,-5.108988552703419
27034,63.75272943646932
27035,-30.042759177406083
27036,-77.905157094156
27037,-80.64698200693117
27038,-71.81524216063926
27039,-1.6484437279428836
27040,65.03603521220634
27041,-1.8651166565201835
27042,-75.5476654911517
27043,-24.066597943264988
27044,68.21796194663584
27045,-31.98343448183158
27046,40.21373509819192
27047,-85.25667167828755
27048,-13.947579251059368
27049,-7.747268322200521
27050,-68.23531221197456
27051,-8.421206502274847
27052,-7.437636001090805
27053,0.2180184572875529
27054,-4.961840838128673
27055,0.7827328079757376
27056,-83.56142767596916
27057,64.56606827123287
27058,59.305516940133806
27059,-10.255906307813325
27060,-9.435661975086942
27061,-76.82682581064859
27062,64.84631460923688
27063,-63.14589018595164
27064,61.53412776648988
27065,-28.874838908660315
27066,-9.59559767229508
27067,-24.89473435937875
27068,41.17559540743392
27069,-10.053781411547616
27070,2.138176962719728
27071,-62.09270753400772
27072,-78.27428157758766
27073,43.7123217120994
27074,-5.541745497294249
27075,-80.28149415255231
27076,-5.379265607318596
27077,2.138176962719728
27078,-8.29474870546319
27079,-56.717808799978485
27080,-82.47615110382611
27081,-7.663918543668436
27082,-29.605064426416646
27083,-2.089295764285729
27084,-68.70506920611703
27085,46.59432115435094
27086,-71.53937988030553
27087,64.21822097318632
27088,-70.46327099067537
27089,-26.67510536765468
27090,-20.39037863713328
27091,-59.88544302373569
27092,-8.346477294065771
27093,-30.89180324342267
27094,42.04380517996
27095,38.965123101566704
27096,-74.75302469775488
27097,25.92086614969084
27098,-35.40183812949404
27099,-72.47987768268854
27100,-81.09331306982624
27101,-65.4714516525678
27102,-53.44285801353731
27103,-0.3217788788515809
27104,-75.88217789466871
27105,-21.540705440001204
27106,65.03603521220634
27107,59.20804742140507
27108,41.89138180412796
27109,-9.59559767229508
27110,-9.59559767229508
27111,-63.37391014069955
27112,2.087066565240112
27113,-80.88411939674268
27114,-27.69386642962574
27115,-63.60250179112755
27116,-3.482770574833653
27117,-32.3637492533274
27118,59.64182105077597
27119,-27.866507981974813
27120,66.99471595493212
27121,31.415975074356
27122,-4.377503136049266
27123,69.66483390086852
27124,-53.77198900013855
27125,-8.346477294065771
27126,-7.520097454065729
27127,25.24586859659626
27128,-8.841289714592131
27129,-78.37777809146169
27130,-69.94669796310579
27131,-34.01777345840117
27132,42.6915548071771
27133,47.6420649907839
27134,-66.15570659377302
27135,66.3057429742606
27136,58.670337410829525
27137,61.99476019022237
27138,47.76894809684544
27139,-7.023763601820392
27140,-3.492132374614937
27141,-75.41743748714218
27142,-81.7934290809595
27143,-26.548252329670344
27144,-61.82615704016673
27145,63.38328201722909
27146,64.17061891151447
27147,-26.91132978099904
27148,-6.395902968675038
27149,25.24586859659626
27150,68.3826779278799
27151,-59.84867888132433
27152,-57.778385395872114
27153,-28.641675356210296
27154,-58.409245576124505
27155,-10.548282459140449
27156,34.15091305626876
27157,-7.032132085662957
27158,-26.654500603505177
27159,62.25362468913816
27160,-7.29579905398424
27161,45.48354918222476
27162,-28.40804924502927
27163,-83.56142767596916
27164,43.07265536177764
27165,41.17559540743392
27166,-25.36471998677906
27167,65.9025713042973
27168,-59.57474990876793
27169,-55.12984378803539
27170,-10.515984291039144
27171,61.51906320893288
27172,27.977699725781843
27173,-23.44517926346965
27174,-75.55800105820846
27175,41.06931515302546
27176,-5.675078782902871
27177,-60.83744937157714
27178,4.714700480289335
27179,-78.58382073178602
27180,-0.2296613278835861
27181,-5.238436324426727
27182,-0.283539878727062
27183,-28.45693193878792
27184,-55.60059826457744
27185,-6.459540828906654
27186,67.88611361869891
27187,-32.975738438580535
27188,-82.10132263079849
27189,-29.17303576498353
27190,2.3736035145035954
27191,-81.88574709811745
27192,-83.97464957943146
27193,-12.103773302627404
27194,-9.284496663251742
27195,-10.442345120300985
27196,-5.9448172501924255
27197,4.587216203769187
27198,-7.341958981241387
27199,32.97488263131372
27200,-53.44285801353731
27201,-57.54146608837622
27202,-3.311703263681575
27203,-9.550156862158266
27204,-9.91600465431023
27205,38.78692898037039
27206,-75.89321096044262
27207,-2.2338263537662684
27208,68.98250526509237
27209,-1.9602615697585524
27210,-83.29382372128343
27211,-0.2716223767160945
27212,-55.22795765920474
27213,-79.13843078140023
27214,-4.2774241325296805
27215,-57.052958788234506
27216,-60.83744937157714
27217,-57.80736602582954
27218,-54.728834603629394
27219,70.36082519760828
27220,-81.88574709811745
27221,-14.19484232851015
27222,-6.41776058963557
27223,-24.54400945809596
27224,-2.800091422879865
27225,-62.2434119804028
27226,-72.47987768268854
27227,-75.93608598676043
27228,68.45011011247345
27229,-9.569955678672182
27230,-10.304426045639527
27231,58.670337410829525
27232,-73.69820373155072
27233,-10.053781411547616
27234,-58.63469064369326
27235,-80.28149415255231
27236,62.77090164587944
27237,-1.1107327869875825
27238,-26.67510536765468
27239,44.00646731037515
27240,72.02633599413123
27241,-70.56093315487466
27242,31.415975074356
27243,32.94380768366639
27244,37.01655803065869
27245,-58.37413896821322
27246,-29.29334930151458
27247,68.50543746008154
27248,-8.410169748966108
27249,40.433218509628176
27250,55.84860688103778
27251,-85.39444863728465
27252,62.1618265273784
27253,-24.21009123979418
27254,-51.56708195721782
27255,0.3547632637460975
27256,54.66291801244864
27257,55.84860688103778
27258,-74.77358831726754
27259,-86.40363540246297
27260,38.09813984038581
27261,-9.569955678672182
27262,-5.379265607318596
27263,-71.96581217784258
27264,-60.93507871501883
27265,-26.045488322545893
27266,-6.400373450059661
27267,43.795076815121085
27268,41.11614560191425
27269,-14.471928008491874
27270,-12.623257738081062
27271,-58.706517507775246
27272,-6.958051884117269
27273,-55.22439987443952
27274,38.5472743536512
27275,-6.455593736500338
27276,-78.58156061531768
27277,-76.57974379093844
27278,-9.08560925473831
27279,-8.283247301684781
27280,-63.37391014069955
27281,-77.96739537797005
27282,-6.063305526418591
27283,-16.579105669595556
27284,-5.108988552703419
27285,-13.846766413762674
27286,-77.19695707276716
27287,38.02823211753954
27288,-83.29382372128343
27289,54.66291801244864
27290,64.99796815694134
27291,39.86679220726085
27292,-2.6845393102215382
27293,71.2083233437237
27294,63.54657633388789
27295,67.96812814614297
27296,-3.7887389746854927
27297,40.14540748344381
27298,66.80255288675615
27299,-6.598732974750629
27300,-6.16701592339146
27301,-54.16495727922344
27302,-65.4714516525678
27303,-80.88411939674268
27304,-31.614680196925875
27305,71.3899502594833
27306,-5.541745497294249
27307,-23.6487641032096
27308,-56.96088125893253
27309,-10.515984291039144
27310,-59.65014412603578
27311,59.94879868769289
27312,-63.287889079191615
27313,-55.556566307021086
27314,-35.40183812949404
27315,-28.641675356210296
27316,68.76347801123347
27317,-71.53937988030553
27318,68.50543746008154
27319,68.91213262398453
27320,-7.29579905398424
27321,47.87457373514466
27322,25.92086614969084
27323,-7.520097454065729
27324,42.16862751757356
27325,65.85491651932462
27326,-0.2096768023716171
27327,-31.539056365197965
27328,71.1143340121354
27329,-32.826631060603695
27330,45.41680209194487
27331,46.00192906901816
27332,-74.27848297296836
27333,2.768024641265062
27334,-74.0770373006545
27335,-75.89321096044262
27336,-77.905157094156
27337,-30.35204188622218
27338,-80.8992624411524
27339,-34.14787386591052
27340,-29.8774045086035
27341,-7.088479140815005
27342,-39.821925983047294
27343,-1.7655257962529802
27344,-3.2456169053477257
27345,-23.38794856904305
27346,3.3719197197524604
27347,64.0092198968781
27348,-28.58777794626592
27349,-68.23531221197456
27350,-28.291598377543576
27351,34.42639156630854
27352,-78.27428157758766
27353,-77.905157094156
27354,-77.54856600235709
27355,0.653759351432674
27356,-23.100793998253884
27357,47.94986899696705
27358,60.36768889621115
27359,-79.13843078140023
27360,60.12192904644061
27361,-53.033379623573374
27362,-87.70799569183507
27363,-4.407580058088582
27364,65.85491651932462
27365,-64.34052157781349
27366,-11.14774047049242
27367,-30.319042486942216
27368,47.71442346546615
27369,-7.614519349536239
27370,33.91531480866631
27371,-58.09335414781823
27372,37.54792314919781
27373,-22.967355104032748
27374,-27.10484507747509
27375,-71.82800722309678
27376,-10.251316890306438
27377,25.24586859659626
27378,63.75272943646932
27379,-5.830415975910235
27380,-5.9448172501924255
27381,-3.842270871680041
27382,39.28056851676459
27383,35.65658534711088
27384,-80.37570042547122
27385,-27.65733364771165
27386,-55.54239301080116
27387,36.571618811389484
27388,-13.03531584956244
27389,-28.80983736658183
27390,-38.31263381521072
27391,40.06230706552835
27392,67.86463662002213
27393,-6.41776058963557
27394,-7.29579905398424
27395,-61.81399810328544
27396,-39.821925983047294
27397,42.4305629482916
27398,-24.612100601338
27399,37.106820135257976
27400,41.42772359271218
27401,-60.44048839151937
27402,44.068619944811736
27403,-27.363875625922432
27404,61.53412776648988
27405,60.12192904644061
27406,-4.90999620065903
27407,-26.67510536765468
27408,38.13855954816428
27409,-6.328872333417657
27410,68.08867229358842
27411,-52.36640892396392
27412,54.22964599152933
27413,-6.41776058963557
27414,42.92658780655825
27415,-70.66700309634095
27416,-1.1054487747135695
27417,-26.51570640219364
27418,-7.520097454065729
27419,-58.22039825779212
27420,25.24586859659626
27421,-60.887329241507295
27422,-16.098785646957847
27423,59.305516940133806
27424,-32.826631060603695
27425,-63.35773489210172
27426,-7.759716955771264
27427,3.069008048348648
27428,58.670337410829525
27429,-10.255906307813325
27430,-1.2314782236306456
27431,-53.783557342586974
27432,-86.10210364509132
27433,39.36747959854374
27434,44.84063081559994
27435,-76.82665961941964
27436,-24.21009123979418
27437,-80.18504140789318
27438,65.25395651828724
27439,62.701099775710446
27440,69.81847069383954
27441,-75.43195499408067
27442,41.89138180412796
27443,-27.172937984136475
27444,-55.828534129664526
27445,-68.23531221197456
27446,-30.27202334630418
27447,40.223334427629794
27448,42.391920864984975
27449,-33.495287320660694
27450,32.95203838967225
27451,-8.06647912908096
27452,-70.78327189024048
27453,-71.1221458185701
27454,42.58359992549085
27455,-53.93037396649732
27456,-25.387157751106777
27457,-28.40804924502927
27458,-60.84600576155833
27459,43.08208940464535
27460,-30.10931848448586
27461,39.01593350004718
27462,40.77759512080182
27463,-60.924953228584656
27464,-33.142656287978006
27465,-2.309167978313485
27466,-76.95649689989943
27467,-10.49084281809876
27468,58.57927134280142
27469,-7.02765387122139
27470,-15.061825363076473
27471,-14.19484232851015
27472,-3.5271486806440127
27473,54.19966348431995
27474,46.324602757978376
27475,-81.7934290809595
27476,-63.1754066868699
27477,-5.022570513430298
27478,25.92086614969084
27479,60.07514659640373
27480,-7.759716955771264
27481,68.91213262398453
27482,37.01655803065869
27483,-24.58404372426373
27484,-86.10574819806993
27485,-61.58120853487452
27486,-55.77563100823048
27487,-86.10210364509132
27488,64.35666663139426
27489,45.84898222638278
27490,-60.87328175187865
27491,62.24301320975856
27492,38.02823211753954
27493,-72.47987768268854
27494,-9.5515422989967
27495,66.09509454555541
27496,-80.88411939674268
27497,4.130246839189733
27498,-4.832314385373641
27499,40.77759512080182
27500,-72.01496864407893
27501,73.528096931232
27502,-5.124297723299102
27503,-62.61791229312949
27504,-11.633727690897665
27505,44.068619944811736
27506,-78.58382073178602
27507,-80.91326378816238
27508,-27.45252992559808
27509,-0.0909567483455564
27510,-12.623257738081062
27511,-9.880363401291934
27512,-28.40804924502927
27513,-5.621695375116026
27514,38.02823211753954
27515,-59.84867888132433
27516,-75.88217789466871
27517,67.88611361869891
27518,-28.40804924502927
27519,63.6211393325681
27520,44.21102251748732
27521,-27.894358436688712
27522,68.50543746008154
27523,-76.92525358779606
27524,43.91296921148869
27525,40.381114088078135
27526,-6.276227706933705
27527,-74.60491953359679
27528,35.17377052515205
27529,-57.80736602582954
27530,-58.30613530745269
27531,59.76870540287756
27532,-28.291598377543576
27533,-26.51570640219364
27534,-5.431984897988738
27535,-30.319042486942216
27536,-13.947579251059368
27537,-10.255906307813325
27538,-74.02013923128887
27539,-61.35029023678949
27540,-65.7516880969526
27541,-10.636557681239106
27542,-8.006637487526826
27543,59.69136061278424
27544,0.0267688349068833
27545,-28.40804924502927
27546,-6.455593736500338
27547,70.64871415181261
27548,-23.362242154321656
27549,-59.85290210800755
27550,61.20540572074926
27551,-5.444594038530566
27552,-57.10346379570037
27553,-28.24130588751584
27554,31.02473603599356
27555,-80.28149415255231
27556,67.376011221812
27557,-72.08974348915298
27558,-62.23632469130845
27559,66.09509454555541
27560,-58.405222409015686
27561,-55.1022263785108
27562,-80.91326378816238
27563,-0.5650575612096045
27564,-76.95649689989943
27565,-6.782332318363395
27566,-23.03801241037071
27567,-24.790761201112467
27568,-0.9469851710432128
27569,-71.38288253329223
27570,-7.663918543668436
27571,-8.346477294065771
27572,-57.80736602582954
27573,46.04143931040024
27574,-5.238436324426727
27575,37.01655803065869
27576,-29.17303576498353
27577,-0.2186739895057865
27578,-0.4276064908157133
27579,41.11614560191425
27580,-0.4302157578669163
27581,-77.78876654561721
27582,64.17061891151447
27583,-22.776812771421664
27584,-57.80736602582954
27585,50.079732006923535
27586,-57.80736602582954
27587,64.16805132353358
27588,-13.846766413762674
27589,-72.42318886095626
27590,59.09615289913432
27591,41.47924945069136
27592,-29.26858235731649
27593,-30.042759177406083
27594,-31.02659376687893
27595,59.76870540287756
27596,-58.37413896821322
27597,-82.61205299063654
27598,50.03800852072016
27599,-23.281196788540424
27600,62.701099775710446
27601,-11.633727690897665
27602,41.94772770936778
27603,-32.975738438580535
27604,-27.363875625922432
27605,-30.274534804193483
27606,-23.6487641032096
27607,65.85491651932462
27608,-8.06647912908096
27609,0.0812954887998511
27610,4.302387507510239
27611,64.17061891151447
27612,-55.22795765920474
27613,-34.14023288629976
27614,-77.11353943120592
27615,-8.17981860001223
27616,-60.44048839151937
27617,-16.579105669595556
27618,68.2644093803002
27619,71.93687026622028
27620,-10.410717665294868
27621,62.124612723534746
27622,42.16863930411108
27623,-7.9152853636687315
27624,40.39792169833
27625,59.09615289913432
27626,-7.078797038845146
27627,-8.159032889156984
27628,64.16805132353358
27629,-32.826631060603695
27630,59.75749582753002
27631,-58.409245576124505
27632,-3.548924006880859
27633,-61.761302544240834
27634,62.79294111506133
27635,62.124612723534746
27636,-71.90851652714589
27637,-76.8166050974935
27638,-28.68081226602039
27639,69.00532556186431
27640,-6.598732974750629
27641,-9.880363401291934
27642,-6.615435034561498
27643,57.55481561703998
27644,-11.42009911598659
27645,-78.02595876844734
27646,-3.548924006880859
27647,64.6732749521098
27648,-61.35029023678949
27649,32.97488263131372
27650,-10.45693069372556
27651,-63.287889079191615
27652,-72.30803704606393
27653,71.00436106366163
27654,-77.69880934116989
27655,-3.3897316092169407
27656,44.14465631169428
27657,-58.37413896821322
27658,-58.60088378742359
27659,-5.022570513430298
27660,-5.9448172501924255
27661,-35.40183812949404
27662,-34.14787386591052
27663,-62.2434119804028
27664,35.94574364467655
27665,-33.67310551596777
27666,61.99476019022237
27667,-5.238436324426727
27668,-25.38291123455537
27669,-29.052720309010382
27670,-3.5271486806440127
27671,45.48354918222476
27672,60.36768889621115
27673,41.11614560191425
27674,61.51906320893288
27675,66.20312377448424
27676,-77.98079247808425
27677,-78.37777809146169
27678,-57.80736602582954
27679,-80.91326378816238
27680,-27.172937984136475
27681,-5.894204714083779
27682,-8.504469578343427
27683,-26.95820462793316
27684,-5.584591910045536
27685,-31.327399597305902
27686,-39.55145701373226
27687,-28.80983736658183
27688,-28.68081226602039
27689,61.258975132726775
27690,67.42711884865432
27691,67.79020726401217
27692,41.62979205181463
27693,-55.32658103355105
27694,38.66357862536928
27695,38.78692898037039
27696,33.91531480866631
27697,40.57428030337196
27698,-7.614519349536239
27699,-33.142656287978006
27700,-76.17544520042676
27701,40.57428030337196
27702,-74.71910591487772
27703,71.3899502594833
27704,0.7827328079757376
27705,-9.49814778274446
27706,35.65658534711088
27707,-74.53255507024691
27708,1.8332727154439643
27709,-6.7114755943198094
27710,-28.526964431095376
27711,-26.6338935316383
27712,37.01655803065869
27713,-75.29468224961413
27714,-11.42009911598659
27715,-65.0868284074433
27716,-1.7815422166039556
27717,-6.41776058963557
27718,-61.26216751059956
27719,-69.31512972155953
27720,-68.70506920611703
27721,-80.28149415255231
27722,-5.649207017438792
27723,65.9025713042973
27724,63.06039002163137
27725,42.46757844979901
27726,1.914567661983908
27727,-64.34052157781349
27728,-0.7398729711038472
27729,-27.894358436688712
27730,-76.70061198929623
27731,-29.171196430130514
27732,72.7583889846759
27733,-7.672627332251203
27734,-0.7727113660560253
27735,-24.612100601338
27736,-5.913693305999402
27737,-82.83243569514744
27738,-64.34052157781349
27739,-81.34938692662213
27740,47.71442346546615
27741,40.433218509628176
27742,-66.63879494292283
27743,-55.10334307566155
27744,-6.690251223710196
27745,-9.08560925473831
27746,70.36082519760828
27747,61.258975132726775
27748,-26.67510536765468
27749,64.17061891151447
27750,-2.800091422879865
27751,-90.15517883690066
27752,-63.287889079191615
27753,61.53412776648988
27754,-81.09331306982624
27755,-10.548282459140449
27756,-5.9448172501924255
27757,-30.274534804193483
27758,-3.311703263681575
27759,-61.254484023818215
27760,25.24586859659626
27761,-26.95820462793316
27762,33.91531480866631
27763,67.16677009107083
27764,37.2468191461457
27765,-26.95820462793316
27766,-7.5061932540169405
27767,-7.759716955771264
27768,66.43669510458274
27769,-7.088479140815005
27770,61.99476019022237
27771,65.4118663482699
27772,-11.017836271096318
27773,-6.459540828906654
27774,-11.017836271096318
27775,-10.997919689956404
27776,-3.2083180804149727
27777,-9.844337985295542
27778,-9.550156862158266
27779,-6.67605673012746
27780,60.25217977452664
27781,-60.52504933462939
27782,59.76870540287756
27783,-9.844337985295542
27784,-7.369310341752554
27785,-7.737398751098947
27786,-77.11353943120592
27787,61.53412776648988
27788,27.8047716354511
27789,-78.02595876844734
27790,-10.304426045639527
27791,66.61858381710053
27792,-5.538673588201348
27793,-68.09172641546317
27794,-25.24103268471529
27795,-13.442100244537482
27796,-10.49084281809876
27797,-9.569955678672182
27798,-24.75062217573036
27799,-39.55145701373226
27800,42.82216254545907
27801,-9.284496663251742
27802,-10.03537907302148
27803,-63.37391014069955
27804,64.63872250080149
27805,36.39093823462436
27806,-12.293512331759064
27807,-61.14934963538979
27808,-7.0381361783279495
27809,-80.37570042547122
27810,-35.78845525171448
27811,-77.78876654561721
27812,-55.55984519298551
27813,-1.5822640553639316
27814,-61.82615704016673
27815,38.66357862536928
27816,-68.70506920611703
27817,-2.202451327722737
27818,-74.71910591487772
27819,-29.052720309010382
27820,-73.67951943942529
27821,-78.63668193077027
27822,-78.02571825842995
27823,-7.663918543668436
27824,-13.03531584956244
27825,-10.410717665294868
27826,71.15369316849382
27827,-0.6293639038457348
27828,-74.59819658886084
27829,0.0812954887998511
27830,-4.957455325862766
27831,65.57195765301265
27832,-6.395902968675038
27833,-4.818910110880172
27834,-4.832314385373641
27835,-10.03537907302148
27836,-55.33779665494491
27837,-74.12487136410564
27838,-79.00336270081132
27839,-6.16701592339146
27840,-6.67605673012746
27841,-75.43195499408067
27842,66.80255288675615
27843,-54.16176493655316
27844,41.64929562212083
27845,-74.02013923128887
27846,-67.31419989944028
27847,68.50543746008154
27848,-13.926132116800956
27849,-79.2792639302895
27850,-33.142656287978006
27851,-76.36346623377615
27852,-6.455593736500338
27853,62.92652784474216
27854,66.3057429742606
27855,66.39822624425447
27856,-55.68837762009447
27857,65.85977223279365
27858,56.94009673783013
27859,39.83239154513157
27860,-62.22004015981472
27861,-23.18962233781463
27862,-31.539056365197965
27863,-85.55940031388323
27864,38.02823211753954
27865,-12.581522104819104
27866,41.34074036981345
27867,-27.51504506449061
27868,66.45954902760475
27869,38.26591674419341
27870,-63.44322697934688
27871,-79.86904961377519
27872,64.94588487093185
27873,61.52077650085173
27874,-6.782332318363395
27875,-7.614519349536239
27876,-63.35773489210172
27877,42.92658780655825
27878,35.912346927292404
27879,-3.1340765317699537
27880,30.67314480410844
27881,-35.78845525171448
27882,43.87899237673664
27883,-4.860673808627716
27884,60.07514659640373
27885,59.64182105077597
27886,-77.69880934116989
27887,-31.98343448183158
27888,38.66357862536928
27889,-60.45893448239259
27890,38.81997866583008
27891,-5.379265607318596
27892,-6.455593736500338
27893,-24.54427505552343
27894,50.079732006923535
27895,-67.42524592726602
27896,-5.379265607318596
27897,-16.098785646957847
27898,43.795076815121085
27899,-61.35029023678949
27900,-86.01539478578931
27901,-1.6334132704619115
27902,-80.80077501926378
27903,-38.31263381521072
27904,-9.569955678672182
27905,69.43551782445269
27906,-0.2716223767160945
27907,65.65412580748912
27908,69.43551782445269
27909,-10.536685473461782
27910,-7.853853508010022
27911,-12.103773302627404
27912,-4.123250451744234
27913,-73.60181291944123
27914,-7.0381361783279495
27915,-26.0012100592042
27916,25.24586859659626
27917,-26.67510536765468
27918,-7.9152853636687315
27919,39.407816103434
27920,41.34074036981345
27921,54.22964599152933
27922,-11.42009911598659
27923,-28.68081226602039
27924,-8.26903014525455
27925,67.45714958081132
27926,-3.311703263681575
27927,-0.1530186942503126
27928,-74.42985063666092
27929,-30.27202334630418
27930,-61.14934963538979
27931,64.16805132353358
27932,-4.878592578409034
27933,45.19872870862951
27934,-75.29468224961413
27935,73.57603832227984
27936,-16.098785646957847
27937,-33.495287320660694
27938,-5.887873721012564
27939,-2.752528124632426
27940,-13.947579251059368
27941,-10.03537907302148
27942,-65.21029943702263
27943,-10.636557681239106
27944,47.741629532321234
27945,-71.51486925733637
27946,-13.947579251059368
27947,-13.733943909762573
27948,46.55392153386269
27949,-78.02595876844734
27950,-82.83243569514744
27951,-76.92525358779606
27952,63.06039002163137
27953,-58.07632100879001
27954,-8.53980961235081
27955,-82.10132263079849
27956,-23.3574835965589
27957,-1.3789836351097025
27958,-4.832314385373641
27959,-57.80736602582954
27960,-11.633727690897665
27961,68.21796194663584
27962,-16.098785646957847
27963,-57.25807989165688
27964,-7.663918543668436
27965,-68.38337079965952
27966,-21.591923923899422
27967,33.91531480866631
27968,69.43551782445269
27969,-39.821925983047294
27970,-10.548282459140449
27971,38.78692898037039
27972,4.302387507510239
27973,-18.303838827444803
27974,-7.341958981241387
27975,63.453417125290514
27976,45.987838394933306
27977,-63.82682025035549
27978,-75.89321096044262
27979,42.47918152407219
27980,27.8047716354511
27981,-74.02013923128887
27982,42.391920864984975
27983,-10.442345120300985
27984,37.97564868750474
27985,-12.01181242273089
27986,-7.329453888872736
27987,-33.67310551596777
27988,64.42768541457514
27989,-56.63336334920359
27990,-26.67510536765468
27991,68.3657135648662
27992,-26.6338935316383
27993,65.17217896943161
27994,-62.2434119804028
27995,-4.3159127468897545
27996,-29.8774045086035
27997,49.98464430702874
27998,39.28056851676459
27999,-79.86904961377519
28000,-74.42422198397867
28001,-28.40804924502927
28002,-64.34052157781349
28003,-77.905157094156
28004,-2.4842366554053994
28005,36.39093823462436
28006,-33.67310551596777
28007,-8.346477294065771
28008,-38.65337488757024
28009,66.80255288675615
28010,38.47170019313568
28011,-51.31982402104004
28012,40.71698632580651
28013,-78.63668193077027
28014,-83.29382372128343
28015,-8.289405032932773
28016,42.79969115113765
28017,46.924827286649055
28018,-68.52732314385284
28019,37.54792314919781
28020,-3.9468412580170567
28021,57.55481561703998
28022,-52.2468396125994
28023,68.2644093803002
28024,-30.27202334630418
28025,-72.08974348915298
28026,-77.90761526015427
28027,-29.582850046717496
28028,-9.54992925012006
28029,-5.620409643386936
28030,34.15091305626876
28031,-60.512218217489085
28032,-2.1691139495301863
28033,-28.40804924502927
28034,66.23984776817396
28035,-73.66689727875806
28036,40.694720663051775
28037,43.23988927541056
28038,-7.5061932540169405
28039,-80.66483721205891
28040,-61.26216751059956
28041,56.92344418782477
28042,-3.7887389746854927
28043,-81.7934290809595
28044,-7.774084357220175
28045,-35.572627711950695
28046,40.59298252918755
28047,-56.4562961146221
28048,44.068619944811736
28049,48.25227944757672
28050,-73.81382869563461
28051,48.76083223598873
28052,-83.56142767596916
28053,-28.17227901066424
28054,-83.33713646630969
28055,-5.379265607318596
28056,-12.242559184328464
28057,42.46757844979901
28058,63.75272943646932
28059,-29.8774045086035
28060,-28.41554144830444
28061,-17.51091398594153
28062,-2.752528124632426
28063,37.89837306637298
28064,60.3195484258141
28065,-10.49084281809876
28066,70.24466627926567
28067,-4.426965106101424
28068,-14.866953492690634
28069,-8.055519113151773
28070,-6.7114755943198094
28071,-51.48683566164206
28072,-11.633727690897665
28073,62.1618265273784
28074,71.439912817242
28075,38.13855954816428
28076,-7.078797038845146
28077,-62.66847000419977
28078,-25.563620381776964
28079,38.26591674419341
28080,-33.82799619516611
28081,34.49038476147068
28082,64.16805132353358
28083,-4.669418863521052
28084,-62.2434119804028
28085,-6.16701592339146
28086,-72.47987768268854
28087,65.25395651828724
28088,-4.818910110880172
28089,66.34682227101028
28090,-77.65879898514564
28091,67.25085339289086
28092,71.4797927815772
28093,35.65658534711088
28094,-7.078797038845146
28095,65.7273848242336
28096,-65.7516880969526
28097,-8.210795064822413
28098,74.86747789170994
28099,66.47759204991048
28100,-0.6360223995609493
28101,-25.36471998677906
28102,34.15091305626876
28103,-74.42985063666092
28104,-16.098785646957847
28105,-4.2774241325296805
28106,-8.26903014525455
28107,2.614433459753682
28108,-59.88544302373569
28109,-10.536685473461782
28110,-18.297525865510345
28111,-58.60088378742359
28112,-71.38288253329223
28113,-7.35320490890356
28114,66.58719426217152
28115,-8.006637487526826
28116,-23.918563708070185
28117,-10.636557681239106
28118,-63.35773489210172
28119,-10.882207033768475
28120,37.34341145332
28121,-10.304426045639527
28122,-74.59819658886084
28123,54.04085473336757
28124,-9.284496663251742
28125,-61.82615704016673
28126,-77.905157094156
28127,45.97445496635333
28128,60.3195484258141
28129,-35.00243556523699
28130,53.8589473936937
28131,-22.18359482936068
28132,42.59635566672728
28133,65.65412580748912
28134,-79.13843078140023
28135,-8.159032889156984
28136,41.11614560191425
28137,0.043810663332509
28138,-35.40183812949404
28139,63.6211393325681
28140,-90.15517883690066
28141,-77.19695707276716
28142,-70.37750928709592
28143,-60.91498516976949
28144,-63.287889079191615
28145,-75.30685910820603
28146,-28.874838908660315
28147,64.68313231535765
28148,42.47918152407219
28149,-7.41915296601786
28150,-15.336223165078602
28151,-71.93559858508623
28152,-82.83243569514744
28153,-28.40804924502927
28154,-82.21804752507532
28155,-38.65337488757024
28156,-78.02595876844734
28157,42.20030148115727
28158,-61.58120853487452
28159,-63.14589018595164
28160,-26.539104744384147
28161,-57.10346379570037
28162,-73.8452452030316
28163,-5.375734586071491
28164,-79.00336270081132
28165,-10.049000002814225
28166,-26.04401704921969
28167,-54.71688053968257
28168,68.21796194663584
28169,63.54657633388789
28170,-28.198742107526545
28171,-2.2548100490355307
28172,-80.8992624411524
28173,-1.5822640553639316
28174,64.3402421871359
28175,-5.453132695603269
28176,71.00436106366163
28177,-26.654500603505177
28178,-24.546812670346867
28179,-24.75062217573036
28180,-33.67310551596777
28181,53.8589473936937
28182,-10.304426045639527
28183,-90.15517883690066
28184,-3.488248610676283
28185,-79.13843078140023
28186,40.14540748344381
28187,-12.581522104819104
28188,42.20030148115727
28189,-1.4450364381283922
28190,36.53570960176854
28191,-4.023968788996996
28192,1.8175351801223565
28193,-16.3827053300977
28194,-3.99550456833117
28195,65.4118663482699
28196,-69.2601677342811
28197,-25.24103268471529
28198,-10.032743489816438
28199,-86.10210364509132
28200,-4.517609647917773
28201,-66.4834116950165
28202,-60.44048839151937
28203,44.133458108867856
28204,-63.008906569897775
28205,31.52955648433899
28206,-27.172937984136475
28207,-71.77565795174472
28208,-4.851263786804408
28209,-65.4714516525678
28210,-1.6591055687441727
28211,0.7827328079757376
28212,-6.16701592339146
28213,1.2840229161235626
28214,-7.321343970048748
28215,-26.258821546862578
28216,-22.967355104032748
28217,61.52077650085173
28218,-76.95649689989943
28219,-35.0767338582761
28220,-60.08539593991804
28221,-6.16701592339146
28222,-75.43195499408067
28223,59.305516940133806
28224,65.35247972412779
28225,44.76170579449388
28226,-55.49807765912514
28227,-26.654500603505177
28228,65.85491651932462
28229,53.8589473936937
28230,-58.58753699895658
28231,59.09615289913432
28232,-61.26216751059956
28233,-3.734643916025293
28234,63.64046404612803
28235,-8.825461015357678
28236,-0.5650575612096045
28237,66.58719426217152
28238,-11.459134415001785
28239,-10.251316890306438
28240,39.32757440492362
28241,-2.4649938888406293
28242,-63.1754066868699
28243,68.47859257152102
28244,46.60554049403746
28245,66.23984776817396
28246,62.92652784474216
28247,-10.997919689956404
28248,-76.70061198929623
28249,0.1306465343811864
28250,-58.81674326970055
28251,30.67314480410844
28252,-61.32241781091751
28253,-23.918563708070185
28254,37.97564868750474
28255,-7.774084357220175
28256,-7.759716955771264
28257,-6.328872333417657
28258,-27.78870897352387
28259,-2.107570177766566
28260,58.57927134280142
28261,-5.379265607318596
28262,-5.653141104922327
28263,-59.93199489574493
28264,-67.15749898000443
28265,-6.634116620787839
28266,-7.0381361783279495
28267,36.43676440653324
28268,42.500255950274926
28269,59.76870540287756
28270,59.64182105077597
28271,70.36048906208964
28272,44.068619944811736
28273,-0.5650575612096045
28274,-32.09548726168145
28275,-2.089295764285729
28276,-55.54239301080116
28277,-75.70791341995178
28278,-0.5455337297589122
28279,-59.07193826973098
28280,-75.41743748714218
28281,-2.819870718033344
28282,-34.14023288629976
28283,-4.818910110880172
28284,-7.0381361783279495
28285,-63.35773489210172
28286,-76.56019966566126
28287,68.20924382180802
28288,-62.09270753400772
28289,1.0883702877645982
28290,-65.46620727243953
28291,-5.043421717802136
28292,-9.5515422989967
28293,65.4913363443551
28294,-74.53255507024691
28295,62.085079371907696
28296,-38.31263381521072
28297,-74.02013923128887
28298,-62.09270753400772
28299,-1.9271511747759489
28300,-9.49814778274446
28301,-7.088479140815005
28302,-60.121057677694026
28303,57.43935833544437
28304,63.6211393325681
28305,-77.28193377911182
28306,-10.636557681239106
28307,-64.03793297646487
28308,37.70615931186991
28309,-74.53255507024691
28310,-10.515984291039144
28311,-15.336223165078602
28312,-8.991190151717396
28313,-6.300736219178749
28314,-21.05789297203782
28315,-13.926132116800956
28316,59.64182105077597
28317,-62.66847000419977
28318,-20.80273018277954
28319,60.12192904644061
28320,-5.133050498044554
28321,-65.0868284074433
28322,-28.34360919388495
28323,-76.96931515724538
28324,65.25395651828724
28325,-75.29468224961413
28326,-4.851263786804408
28327,43.3482575453643
28328,-34.14787386591052
28329,-34.20215713586555
28330,25.24586859659626
28331,-26.258821546862578
28332,-35.78845525171448
28333,-86.10574819806993
28334,67.1008224337782
28335,-73.59709284155522
28336,59.75749582753002
28337,59.69136061278424
28338,-12.581522104819104
28339,-3.2456169053477257
28340,35.65658534711088
28341,-63.58264842197116
28342,-35.17476804636696
28343,-8.210795064822413
28344,-10.251316890306438
28345,-13.733943909762573
28346,59.75749582753002
28347,-34.13682029714132
28348,-32.09548726168145
28349,-28.874838908660315
28350,-54.71688053968257
28351,-73.66689727875806
28352,63.38328201722909
28353,-13.509491984376554
28354,63.453417125290514
28355,-28.641675356210296
28356,35.17377052515205
28357,-5.133050498044554
28358,70.66269462724901
28359,-71.82800722309678
28360,-32.68757341146856
28361,0.043810663332509
28362,-80.91326378816238
28363,-86.10574819806993
28364,46.58187312578615
28365,-7.077884964605545
28366,-13.03531584956244
28367,-4.878592578409034
28368,42.1614115759128
28369,40.65245417096777
28370,-33.495287320660694
28371,-6.2447779146128575
28372,-74.80000626929665
28373,-35.17476804636696
28374,-27.78870897352387
28375,-64.34052157781349
28376,-32.24909617791889
28377,60.36768889621115
28378,-7.216631450040989
28379,-62.813172795849816
28380,-72.71959463662074
28381,-77.94246706553756
28382,-7.072242298161688
28383,67.88611361869891
28384,-58.81674326970055
28385,43.87899237673664
28386,-10.45693069372556
28387,42.92658780655825
28388,-54.63918522402981
28389,-11.633727690897665
28390,-30.042759177406083
28391,-9.844337985295542
28392,68.99554696848959
28393,-28.526964431095376
28394,35.65658534711088
28395,-82.61205299063654
28396,-55.32658103355105
28397,-26.83543526499105
28398,-81.09331306982624
28399,-4.90999620065903
28400,-75.29468224961413
28401,46.78506761016306
28402,68.01688860624358
28403,65.33548486460991
28404,-35.17476804636696
28405,-27.51504506449061
28406,37.70615931186991
28407,-76.61050764374887
28408,-77.19695707276716
28409,-4.257673977760776
28410,-27.51504506449061
28411,-75.28572984724627
28412,-80.66483721205891
28413,-67.16109125151777
28414,38.26591674419341
28415,-3.642791850616885
28416,-6.060322662800093
28417,-19.54739591928645
28418,-62.2434119804028
28419,70.48401192064617
28420,-33.67310551596777
28421,-60.1705698547065
28422,-55.23967968393722
28423,-7.774084357220175
28424,-22.53338577615188
28425,-71.81524216063926
28426,-87.70799569183507
28427,65.4913363443551
28428,-26.563389044509982
28429,69.4745814936049
28430,39.234651499519565
28431,-72.79022668047435
28432,59.64182105077597
28433,46.00434518935778
28434,-32.5190699908205
28435,-67.15749898000443
28436,-12.623257738081062
28437,69.71451381986031
28438,-60.83744937157714
28439,-74.77358831726754
28440,-55.352194779137214
28441,-28.12214580228676
28442,-25.563620381776964
28443,-3.904493206431354
28444,-8.289405032932773
28445,-11.459134415001785
28446,-10.45693069372556
28447,-7.35320490890356
28448,66.45954902760475
28449,-10.03537907302148
28450,-62.66847000419977
28451,-38.65337488757024
28452,-67.16109125151777
28453,-63.35773489210172
28454,-63.35773489210172
28455,38.5472743536512
28456,-29.61290197201405
28457,-11.394518506815803
28458,-2.7272919834938207
28459,-24.60454479561
28460,-24.99472036173683
28461,-77.90761526015427
28462,62.24301320975856
28463,-0.1030898437185685
28464,-4.933167798367661
28465,-9.844337985295542
28466,39.057164514670944
28467,-6.300736219178749
28468,-83.7260744114233
28469,36.53570960176854
28470,59.76870540287756
28471,-57.896284030168815
28472,-67.15749898000443
28473,-2.4842366554053994
28474,-83.7260744114233
28475,-1.994528959783225
28476,-10.417860135962158
28477,-9.844337985295542
28478,-29.61290197201405
28479,-15.061825363076473
28480,-8.825461015357678
28481,-11.727404454765754
28482,63.453417125290514
28483,37.19432958315555
28484,-5.042386980293056
28485,-59.91183851794145
28486,-11.459134415001785
28487,-82.10132263079849
28488,-67.15749898000443
28489,-0.4758753833305675
28490,-11.492830636218692
28491,-5.584591910045536
28492,-7.57743871404968
28493,-9.08560925473831
28494,-8.006637487526826
28495,-9.569955678672182
28496,-2.762452056099256
28497,57.43935833544437
28498,56.92344418782477
28499,-4.957455325862766
28500,-20.85203451224325
28501,-71.82800722309678
28502,-8.991190151717396
28503,57.43935833544437
28504,44.14465631169428
28505,-28.8495205444058
28506,-86.10574819806993
28507,-22.123559584225987
28508,-32.975738438580535
28509,59.390971218827175
28510,65.65412580748912
28511,-75.35710077222889
28512,-27.363875625922432
28513,-85.35936671595823
28514,-3.751990717186768
28515,-81.09331306982624
28516,-72.47987768268854
28517,-59.80557441752721
28518,-78.27980954276403
28519,-73.66689727875806
28520,-6.455593736500338
28521,38.75167756166681
28522,64.9579543784485
28523,38.13855954816428
28524,-2.818822832196098
28525,0.8449121883125343
28526,-38.65337488757024
28527,-73.26510173938419
28528,-60.46908770878765
28529,-69.2547461587255
28530,67.98631226670138
28531,-59.699972546111965
28532,-2.9020363203777952
28533,69.3308613132984
28534,-28.526964431095376
28535,-34.14023288629976
28536,-60.91498516976949
28537,65.65412580748912
28538,37.97564868750474
28539,49.06470655812964
28540,-11.017836271096318
28541,0.0394007800866553
28542,59.305516940133806
28543,-7.41915296601786
28544,-10.49084281809876
28545,-10.882207033768475
28546,-10.410717665294868
28547,-22.962829315712547
28548,56.92344418782477
28549,-66.63879494292283
28550,-81.08926344977795
28551,-55.29686346719531
28552,-29.482806653930293
28553,30.67314480410844
28554,-63.24775065556959
28555,-79.00336270081132
28556,-39.19573514116094
28557,-8.210795064822413
28558,-29.26858235731649
28559,-67.16109125151777
28560,-23.70756131952384
28561,59.69136061278424
28562,-74.80000626929665
28563,-71.95031655958118
28564,-53.340272379657215
28565,-76.8166050974935
28566,-71.79628652185802
28567,-27.241505153667138
28568,-55.68837762009447
28569,-30.89180324342267
28570,62.70060625386354
28571,-62.61791229312949
28572,-3.1340765317699537
28573,-18.564962715845244
28574,-54.23772859806032
28575,56.94009673783013
28576,59.305516940133806
28577,2.8507561813896647
28578,46.71359026402617
28579,54.04085473336757
28580,-69.82722341394141
28581,-24.088371080431408
28582,-76.24545858174076
28583,69.36395821453127
28584,62.92652784474216
28585,-0.1030898437185685
28586,-87.70799569183507
28587,35.6865955443908
28588,-8.670904573756147
28589,67.25085339289086
28590,68.78252155284208
28591,45.253402440628726
28592,-83.56142767596916
28593,-32.37424949618884
28594,-28.68081226602039
28595,-61.44796738909098
28596,69.00532556186431
28597,-64.94521851953243
28598,-81.6819519245199
28599,40.65245417096777
28600,-77.85244235654723
28601,-6.668581135250743
28602,-59.84867888132433
28603,44.246187742818975
28604,37.01655803065869
28605,35.68000823745812
28606,-6.782332318363395
28607,38.78692898037039
28608,-2.367288168844776
28609,-7.66650443641471
28610,-6.471919530876159
28611,46.00434518935778
28612,-32.68757341146856
28613,0.0767878579693399
28614,-7.41915296601786
28615,-76.34386382620535
28616,-60.84600576155833
28617,-67.21474342068984
28618,56.92344418782477
28619,-5.133050498044554
28620,-63.44322697934688
28621,-11.017836271096318
28622,-59.80557441752721
28623,40.57428030337196
28624,-30.988362413403404
28625,-6.400373450059661
28626,38.75167756166681
28627,-58.7930225152107
28628,39.15437826461535
28629,60.375756512158176
28630,-12.242559184328464
28631,38.26591674419341
28632,57.55481561703998
28633,-80.37570042547122
28634,-75.43195499408067
28635,-73.65757806178982
28636,-56.85495260095169
28637,-67.5863285881914
28638,45.54131193876019
28639,-2.1286810934601235
28640,43.00071091152671
28641,-26.83543526499105
28642,-8.504469578343427
28643,-78.38497131690244
28644,-86.10574819806993
28645,41.58992212699815
28646,-74.53255507024691
28647,49.98464430702874
28648,-61.26216751059956
28649,-32.37424949618884
28650,64.42768541457514
28651,62.48660497710701
28652,63.38328201722909
28653,-63.1754066868699
28654,-78.79164015789988
28655,-25.563620381776964
28656,41.06931515302546
28657,-62.09270753400772
28658,0.043810663332509
28659,-73.26510173938419
28660,-57.94293088521762
28661,-4.851263786804408
28662,63.02868556104775
28663,-63.1754066868699
28664,-24.546812670346867
28665,60.25217977452664
28666,-76.82682581064859
28667,-64.34052157781349
28668,-28.45693193878792
28669,0.1621015213278482
28670,-5.043421717802136
28671,-27.87016394033393
28672,39.32757440492362
28673,-72.7974253294038
28674,-10.515984291039144
28675,42.37884455540795
28676,38.26591674419341
28677,-63.24775065556959
28678,-67.5863285881914
28679,-30.27202334630418
28680,38.79023500174229
28681,40.59298252918755
28682,-64.08302679747247
28683,-8.289405032932773
28684,-67.5863285881914
28685,-29.61290197201405
28686,-1.8530752832685475
28687,-73.81382869563461
28688,60.375756512158176
28689,-5.238436324426727
28690,-62.09270753400772
28691,-5.133050498044554
28692,44.213692522681086
28693,-79.86904961377519
28694,-11.017836271096318
28695,42.06322010610597
28696,-85.55940031388323
28697,-86.10210364509132
28698,-3.4677144864517526
28699,59.305516940133806
28700,38.13855954816428
28701,-57.94293088521762
28702,-67.75692594808051
28703,72.05288987639835
28704,-11.679632912318256
28705,36.43676440653324
28706,-54.85783799071906
28707,-59.80557441752721
28708,64.9579543784485
28709,-80.37570042547122
28710,68.87560281959243
28711,-11.633727690897665
28712,42.0891094857726
28713,-1.4353661592912743
28714,-0.6504936356801894
28715,58.670337410829525
28716,-19.80583495583195
28717,-61.58120853487452
28718,65.57195765301265
28719,-76.96931515724538
28720,-75.72220845581394
28721,-21.93215764373344
28722,-58.944851989450285
28723,-29.582850046717496
28724,-24.790761201112467
28725,-13.846194093192128
28726,-70.66700309634095
28727,-5.589323348798785
28728,-18.935860329432664
28729,43.3482575453643
28730,68.21838987246437
28731,33.67309090163825
28732,-1.6229430279570742
28733,0.1306465343811864
28734,-82.83243569514744
28735,-75.56531786816335
28736,-58.03747648887016
28737,-3.642791850616885
28738,-79.20950631712464
28739,36.43676440653324
28740,-6.782332318363395
28741,38.13855954816428
28742,-29.052720309010382
28743,-71.09427315323512
28744,0.6860410051167092
28745,34.15091305626876
28746,-82.80765966652082
28747,-8.289405032932773
28748,-59.21208591309063
28749,65.35247972412779
28750,35.17377052515205
28751,-73.66689727875806
28752,-78.02595876844734
28753,-5.620409643386936
28754,68.3657135648662
28755,-58.7930225152107
28756,60.3195484258141
28757,1.8332727154439643
28758,64.35666663139426
28759,-63.51348339670662
28760,-82.80765966652082
28761,-53.42151589053228
28762,0.043810663332509
28763,69.50665887790124
28764,59.76870540287756
28765,-26.258821546862578
28766,-7.078797038845146
28767,-58.944851989450285
28768,53.8589473936937
28769,-6.668581135250743
28770,-32.826631060603695
28771,41.12074405301958
28772,34.53058808201676
28773,-76.96931515724538
28774,-22.92140194738296
28775,-6.16701592339146
28776,-72.47987768268854
28777,-76.81987550570119
28778,-67.15749898000443
28779,-78.18094080226537
28780,38.66357862536928
28781,-6.471919530876159
28782,-31.220591043469707
28783,63.453417125290514
28784,67.29312935500386
28785,-28.40804924502927
28786,-6.668581135250743
28787,-75.43195499408067
28788,39.34167756752591
28789,-34.14023288629976
28790,-0.7851584529012419
28791,47.94986899696705
28792,31.52955648433899
28793,-55.55984519298551
28794,50.079732006923535
28795,-1.4353661592912743
28796,-7.672627332251203
28797,-7.088479140815005
28798,27.8047716354511
28799,-83.7260744114233
28800,-10.251316890306438
28801,-7.672627332251203
28802,-10.49084281809876
28803,66.58653637229874
28804,-75.29468224961413
28805,1.2811414780893653
28806,41.70755338535085
28807,41.17559540743392
28808,-10.417860135962158
28809,40.06230706552835
28810,-72.79022668047435
28811,-55.15934288101696
28812,-10.049000002814225
28813,-55.556566307021086
28814,5.256047895225137
28815,27.44650397243624
28816,38.81997866583008
28817,-86.10210364509132
28818,59.390971218827175
28819,63.02868556104775
28820,-11.42009911598659
28821,70.36048906208964
28822,-61.58120853487452
28823,-82.83243569514744
28824,-87.70799569183507
28825,70.68718286587797
28826,25.92086614969084
28827,-80.80077501926378
28828,-0.5650575612096045
28829,59.69136061278424
28830,-32.5190699908205
28831,58.57927134280142
28832,-76.95649689989943
28833,-4.957455325862766
28834,2.095160162149371
28835,-30.274534804193483
28836,-57.7373032870097
28837,-70.67785421828121
28838,42.47918152407219
28839,-18.935860329432664
28840,-59.96114834684028
28841,-58.944851989450285
28842,-8.62636446357775
28843,-2.309167978313485
28844,-68.09172641546317
28845,-10.882207033768475
28846,44.213692522681086
28847,-74.53255507024691
28848,-68.09172641546317
28849,67.29312935500386
28850,-8.504469578343427
28851,-5.576974005260533
28852,-79.00336270081132
28853,36.09434045754935
28854,-5.133050498044554
28855,-9.284496663251742
28856,-10.882207033768475
28857,-3.53018815888472
28858,-78.72510072395052
28859,37.940161737719386
28860,-10.417860135962158
28861,39.234651499519565
28862,-6.575037590926007
28863,63.57898006693498
28864,-62.65931897635829
28865,-2.8467349138996907
28866,35.6865955443908
28867,61.52077650085173
28868,-76.51167584734266
28869,-0.3775366145129695
28870,-36.09282961601644
28871,46.04143931040024
28872,-7.5061932540169405
28873,-67.75692594808051
28874,-61.53999320273032
28875,-7.216631450040989
28876,-74.17901556814262
28877,39.15437826461535
28878,-61.26216751059956
28879,62.70060625386354
28880,64.99796815694134
28881,-32.37424949618884
28882,37.97564868750474
28883,43.00071091152671
28884,-8.460495965999549
28885,-37.50128799817179
28886,63.21289705539818
28887,-75.43195499408067
28888,-11.633727690897665
28889,45.08561673615424
28890,-72.71959463662074
28891,57.55481561703998
28892,-30.23103774304602
28893,-60.14504400442945
28894,-52.22097764440939
28895,-76.64709341086038
28896,-28.12214580228676
28897,-0.6105661167963563
28898,1.8332727154439643
28899,-61.761302544240834
28900,-2.7526857399977804
28901,-13.509491984376554
28902,-34.948918859892125
28903,44.3765903785614
28904,60.375756512158176
28905,-4.90999620065903
28906,-64.94521851953243
28907,-0.7851584529012419
28908,-3.522935669078602
28909,60.375756512158176
28910,-6.902167700277055
28911,-26.64806943853066
28912,38.26591674419341
28913,-27.17677293630929
28914,-63.53402833383004
28915,-8.53980961235081
28916,-13.733943909762573
28917,54.04085473336757
28918,65.57195765301265
28919,-62.44690509097306
28920,-3.1979566578652543
28921,35.17377052515205
28922,-82.47615110382611
28923,-8.26903014525455
28924,-13.210553134466888
28925,43.3482575453643
28926,-63.35773489210172
28927,-64.03793297646487
28928,-1.3370288172233522
28929,-10.03537907302148
28930,-72.50549596593714
28931,-10.45693069372556
28932,-13.210553134466888
28933,61.258975132726775
28934,43.66258585561401
28935,-6.16701592339146
28936,40.73384198008036
28937,-68.09172641546317
28938,44.14465631169428
28939,-57.24616281686921
28940,-80.80077501926378
28941,-18.935860329432664
28942,-5.541745497294249
28943,-8.347965436023118
28944,-26.539104744384147
28945,-58.58753699895658
28946,-60.93507871501883
28947,-56.043394404949545
28948,-1.3662104767704788
28949,32.298173628458414
28950,-32.480580393100006
28951,-5.665251910300282
28952,38.13855954816428
28953,63.38328201722909
28954,49.98464430702874
28955,-79.2792639302895
28956,-20.265082087529294
28957,34.15091305626876
28958,60.78075456159073
28959,-64.63453633591179
28960,-86.10210364509132
28961,43.26205972720503
28962,-57.94293088521762
28963,69.58321566066701
28964,-13.846194093192128
28965,-6.2447779146128575
28966,-0.3196427680943421
28967,-1.6179567868503089
28968,-8.825461015357678
28969,-0.8465927467037977
28970,-6.2447779146128575
28971,-6.887270191934922
28972,66.97986244809256
28973,43.7123217120994
28974,43.7123217120994
28975,64.20545964302512
28976,-24.846143699137148
28977,-29.582850046717496
28978,60.375756512158176
28979,2.138176962719728
28980,59.75749582753002
28981,-3.1340765317699537
28982,34.179473241654506
28983,-29.61290197201405
28984,-80.66483721205891
28985,-8.347965436023118
28986,-52.33648382638181
28987,37.940161737719386
28988,-1.4927483969643291
28989,62.48660497710701
28990,-59.74398557736171
28991,-34.14023288629976
28992,-79.00336270081132
28993,-22.18359482936068
28994,64.42460200452126
28995,-6.782332318363395
28996,-10.997919689956404
28997,37.2468191461457
28998,-3.398032458709473
28999,-21.0740030948822
29000,-31.558723619088013
29001,-59.07193826973098
29002,-5.814218704735921
29003,-39.19573514116094
29004,40.73384198008036
29005,-8.825461015357678
29006,-10.49084281809876
29007,33.67309090163825
29008,37.61254359071404
29009,0.0394007800866553
29010,46.41348246656479
29011,-10.442345120300985
29012,66.89923955715885
29013,35.69735320495931
29014,-1.6112132188958923
29015,64.3402421871359
29016,-13.509491984376554
29017,-78.79164015789988
29018,36.39093823462436
29019,-68.41580626791827
29020,1.6666354424200067
29021,59.76870540287756
29022,-74.97812513715402
29023,-63.008906569897775
29024,-26.539104744384147
29025,-26.539104744384147
29026,-1.88134420340892
29027,-60.44048839151937
29028,-80.59694702433468
29029,-78.28100974536751
29030,-32.37424949618884
29031,-0.6737570973033908
29032,-76.67181215639226
29033,-0.7387190552107888
29034,-78.72510072395052
29035,-14.866953492690634
29036,-60.93507871501883
29037,-71.95031655958118
29038,3.222317861744405
29039,-25.563620381776964
29040,-8.26903014525455
29041,-11.727404454765754
29042,41.58992212699815
29043,62.77857297618064
29044,65.03603521220634
29045,-32.975738438580535
29046,64.20545964302512
29047,71.3899502594833
29048,-13.509491984376554
29049,-23.18481297072085
29050,38.78692898037039
29051,4.784505923784001
29052,-24.83781999311751
29053,-57.65385246699775
29054,-26.5610611085297
29055,40.694720663051775
29056,-70.06070610219311
29057,-3.53018815888472
29058,61.99476019022237
29059,-10.03537907302148
29060,60.375756512158176
29061,-78.02595876844734
29062,58.670337410829525
29063,-61.58120853487452
29064,-8.347965436023118
29065,66.75123432937164
29066,-31.614680196925875
29067,-55.1117129671631
29068,-59.32978950251598
29069,-83.5388323257828
29070,35.54114802103433
29071,-11.459134415001785
29072,-18.297525865510345
29073,-8.825461015357678
29074,-10.997919689956404
29075,40.14540748344381
29076,-29.171196430130514
29077,-6.471919530876159
29078,-2.107570177766566
29079,-53.84538445094607
29080,66.20312377448424
29081,-3.938055578327604
29082,-15.336223165078602
29083,-78.38497131690244
29084,42.92658780655825
29085,-81.08926344977795
29086,-53.75747614376534
29087,-80.18504140789318
29088,38.75167756166681
29089,40.59697853796336
29090,64.42460200452126
29091,-63.24775065556959
29092,-25.563620381776964
29093,-10.515984291039144
29094,-56.0809899317802
29095,-53.09445308006897
29096,-6.266789704207847
29097,40.381114088078135
29098,65.65412580748912
29099,-7.072242298161688
29100,-4.014148525957694
29101,-81.08926344977795
29102,-58.3649107732906
29103,-1.3370288172233522
29104,-2.3005877765507785
29105,-71.81524216063926
29106,59.64182105077597
29107,62.085079371907696
29108,49.98464430702874
29109,-55.556566307021086
29110,-61.58120853487452
29111,-2.0158663674750787
29112,63.02868556104775
29113,62.32207757439417
29114,-76.50165459980913
29115,-68.37656318570657
29116,-11.634556432090466
29117,62.48660497710701
29118,37.613947009662965
29119,66.70233337699429
29120,34.42639156630854
29121,-4.878592578409034
29122,-3.3897316092169407
29123,-4.123250451744234
29124,68.06152337356723
29125,-2.6845393102215382
29126,-70.58108360121562
29127,-34.948918859892125
29128,-32.24909617791889
29129,-61.53999320273032
29130,63.453417125290514
29131,-10.442345120300985
29132,59.76870540287756
29133,-62.44690509097306
29134,-23.595753892105577
29135,-25.67569784388535
29136,69.4745814936049
29137,38.81997866583008
29138,33.67309090163825
29139,-1.0602673242344949
29140,-66.35360541737023
29141,-24.99472036173683
29142,-11.42009911598659
29143,-29.82285416465091
29144,-4.841245185685775
29145,-18.297525865510345
29146,-53.84538445094607
29147,-10.882207033768475
29148,-6.69662737753368
29149,-15.336223165078602
29150,-6.566262646709859
29151,1.9718527478541632
29152,38.75167756166681
29153,2.138176962719728
29154,-86.10574819806993
29155,-7.072242298161688
29156,-35.40183812949404
29157,-5.043421717802136
29158,-57.12255451159288
29159,36.416652055173
29160,-6.328872333417657
29161,42.55535005670966
29162,47.76620540658708
29163,-3.311703263681575
29164,39.32757440492362
29165,-8.006637487526826
29166,64.88173127801382
29167,64.42768541457514
29168,-77.79491636428368
29169,-70.2881859681797
29170,40.694720663051775
29171,-11.459134415001785
29172,66.47759204991048
29173,-1.27132972183915
29174,37.613947009662965
29175,-55.25517569936024
29176,44.59969643271405
29177,64.20545964302512
29178,-39.821925983047294
29179,-62.813172795849816
29180,-34.13682029714132
29181,-56.4562961146221
29182,-7.774084357220175
29183,-1.5659426145449071
29184,40.42111384711715
29185,-15.336223165078602
29186,54.04085473336757
29187,-29.582850046717496
29188,-83.7260744114233
29189,66.97986244809256
29190,78.78716108645239
29191,67.85564763136095
29192,-82.21804752507532
29193,-10.417860135962158
29194,-80.59694702433468
29195,49.080344426903935
29196,57.55481561703998
29197,-18.935860329432664
29198,-3.645588905375181
29199,67.86463662002213
29200,-0.5361066382250552
29201,63.57898006693498
29202,-68.60413322310616
29203,69.43551782445269
29204,-4.853923267498508
29205,-12.581522104819104
29206,-23.53988144490302
29207,-73.05557885464783
29208,64.02626440480721
29209,36.43676440653324
29210,64.02626440480721
29211,-79.33846025638597
29212,-19.22868581421713
29213,-27.51504506449061
29214,-5.124297723299102
29215,-38.65337488757024
29216,27.44650397243624
29217,41.64929562212083
29218,-59.80557441752721
29219,-39.19573514116094
29220,-83.5637030127045
29221,-25.146210015243053
29222,42.6915548071771
29223,-28.82605312969004
29224,-6.471919530876159
29225,63.02868556104775
29226,64.88173127801382
29227,-67.75692594808051
29228,-79.18962508704082
29229,-13.846194093192128
29230,-4.085883314716392
29231,65.30225146113621
29232,-64.90366321438832
29233,42.79969115113765
29234,37.97564868750474
29235,-4.547675830238919
29236,-5.576974005260533
29237,-26.83543526499105
29238,-6.414247065498609
29239,66.38617570448903
29240,61.258975132726775
29241,-85.35936671595823
29242,-76.50165459980913
29243,-72.02853374560544
29244,-57.72718819098296
29245,-76.70061198929623
29246,-6.0606900571421285
29247,-65.21029943702263
29248,-55.556566307021086
29249,66.43669510458274
29250,-7.795157149584072
29251,-7.072242298161688
29252,-78.83557315423825
29253,-69.86993799379043
29254,-11.727404454765754
29255,38.66357862536928
29256,56.92344418782477
29257,38.66357862536928
29258,-23.70756131952384
29259,31.11058750868439
29260,-76.56019966566126
29261,-10.49084281809876
29262,-5.541745497294249
29263,56.92344418782477
29264,-6.373342437656121
29265,-82.80765966652082
29266,-3.938055578327604
29267,-6.266789704207847
29268,-34.948918859892125
29269,-18.297525865510345
29270,-27.71406488558407
29271,-13.926132116800956
29272,41.94497817102774
29273,-85.25667167828755
29274,-13.926132116800956
29275,-61.38257686707007
29276,-22.923148766656404
29277,-5.2370094942048
29278,71.93687026622028
29279,35.17377052515205
29280,-3.734643916025293
29281,40.46178810678943
29282,-13.210553134466888
29283,-65.46620727243953
29284,-39.19573514116094
29285,71.00436106366163
29286,67.29312935500386
29287,-28.735394568256268
29288,44.133458108867856
29289,-83.46780799549097
29290,-29.582850046717496
29291,64.20545964302512
29292,62.20912998316777
29293,-25.14025108119299
29294,-22.123559584225987
29295,-6.634116620787839
29296,-7.216631450040989
29297,-9.386056667651452
29298,45.36638160349359
29299,34.15091305626876
29300,-9.54992925012006
29301,62.12262252004981
29302,66.34682227101028
29303,67.85564763136095
29304,36.09434045754935
29305,-73.66689727875806
29306,58.99594530039049
29307,-63.51348339670662
29308,-35.0767338582761
29309,-22.271184153576883
29310,-60.829101588216005
29311,0.7242480249759176
29312,43.75869924327146
29313,-55.67241983113901
29314,-5.378198030372411
29315,-85.25667167828755
29316,-7.0381361783279495
29317,-76.51167584734266
29318,-20.53629451441157
29319,-29.779389417115546
29320,-35.572627711950695
29321,46.44797417502779
29322,-28.45693193878792
29323,61.444324326385534
29324,-38.65337488757024
29325,38.47170019313568
29326,69.11042281095368
29327,62.77090164587944
29328,-78.25621787898072
29329,-53.340272379657215
29330,-2.367288168844776
29331,64.7725066539196
29332,64.88173127801382
29333,38.13855954816428
29334,-22.19374300515061
29335,-6.471919530876159
29336,-34.14023288629976
29337,42.391920864984975
29338,-69.91799765123977
29339,-60.81517022713007
29340,-60.829101588216005
29341,-88.7126234409147
29342,-25.29344544531369
29343,-60.65572797365582
29344,-6.486146791751066
29345,65.25395651828724
29346,38.66357862536928
29347,-26.41445227079029
29348,42.664925679576704
29349,-59.74398557736171
29350,-59.91183851794145
29351,-1.3370288172233522
29352,-28.40804924502927
29353,-32.5190699908205
29354,-8.825461015357678
29355,-16.098785646957847
29356,-8.347965436023118
29357,-13.926132116800956
29358,-29.582850046717496
29359,38.26591674419341
29360,-62.66847000419977
29361,-1.0748323232242258
29362,-24.816719037415112
29363,-63.1754066868699
29364,38.89451643018749
29365,-8.508223969815887
29366,-76.8166050974935
29367,-55.9904088953713
29368,37.97564868750474
29369,-68.55839179393134
29370,-33.142656287978006
29371,69.03096679945291
29372,-5.620409643386936
29373,-13.926132116800956
29374,-15.336223165078602
29375,-68.09172641546317
29376,46.924827286649055
29377,-10.417860135962158
29378,-76.34386382620535
29379,-78.17151111886696
29380,-63.36469728449672
29381,2.768024641265062
29382,72.38097786515617
29383,41.69849103141292
29384,-68.55839179393134
29385,-78.63668193077027
29386,3.622742569172873
29387,-61.15759013156151
29388,-6.966331754691062
29389,39.234651499519565
29390,65.03603521220634
29391,34.15091305626876
29392,-78.02595876844734
29393,-10.21136193675839
29394,-5.978961555518813
29395,-76.92525358779606
29396,65.57195765301265
29397,42.58359992549085
29398,27.44650397243624
29399,-67.5863285881914
29400,-12.242559184328464
29401,64.28909792281848
29402,-3.9468412580170567
29403,66.97986244809256
29404,-26.79491662964521
29405,-64.7342923521712
29406,-64.08302679747247
29407,-3.1979566578652543
29408,-13.678463524316838
29409,59.09615289913432
29410,-57.10839763236423
29411,68.78252155284208
29412,-77.20620210383552
29413,-26.11295335409651
29414,-36.09282961601644
29415,-78.15861502301163
29416,-8.315750747790508
29417,-67.62183125866663
29418,-5.7559824309796
29419,-77.19695707276716
29420,43.00071091152671
29421,-20.53629451441157
29422,-60.81517022713007
29423,39.234651499519565
29424,-28.17227901066424
29425,-76.96931515724538
29426,-7.6410397884858625
29427,-82.80765966652082
29428,-7.66650443641471
29429,47.61009102739123
29430,-80.59694702433468
29431,62.12262252004981
29432,-77.27760585804346
29433,64.20545964302512
29434,37.2468191461457
29435,-10.49084281809876
29436,-55.77563100823048
29437,-6.16701592339146
29438,59.03046290674125
29439,-72.63737087282426
29440,63.1809770613026
29441,-2.519368494857128
29442,-55.1117129671631
29443,-68.41580626791827
29444,-28.21568298421714
29445,37.61254359071404
29446,-6.0606900571421285
29447,-1.9271511747759489
29448,-32.68757341146856
29449,-27.537189227980065
29450,43.87925522167085
29451,-17.22088112351483
29452,-5.7559824309796
29453,50.079732006923535
29454,64.88173127801382
29455,-56.83000697704927
29456,-29.779389417115546
29457,-32.09548726168145
29458,3.6499168098332913
29459,3.622742569172873
29460,-55.22795765920474
29461,-0.7398729711038472
29462,-25.29344544531369
29463,-71.81524216063926
29464,-79.33846025638597
29465,70.077486124482
29466,-78.72510072395052
29467,46.96531783740724
29468,-38.65337488757024
29469,-7.616730498439925
29470,-35.0767338582761
29471,-80.80077501926378
29472,-77.49488045429311
29473,37.2468191461457
29474,31.11058750868439
29475,39.057164514670944
29476,-53.340272379657215
29477,-51.84495418129152
29478,-79.75330428881254
29479,-35.40183812949404
29480,-3.860889064242148
29481,-67.5863285881914
29482,-57.07890300663233
29483,67.96812814614297
29484,-58.07632100879001
29485,43.7123217120994
29486,-1.994528959783225
29487,-55.67241983113901
29488,-68.85629836853916
29489,-7.216631450040989
29490,-56.83000697704927
29491,-0.6105661167963563
29492,-73.20074561768591
29493,-3.53018815888472
29494,-78.79164015789988
29495,64.02626440480721
29496,-7.831721005520761
29497,70.18218342765493
29498,-0.8967964503639048
29499,65.93401550535333
29500,-6.471919530876159
29501,-35.0767338582761
29502,-24.992845702521407
29503,-75.56531786816335
29504,-61.53999320273032
29505,-0.5650575612096045
29506,62.29189459467323
29507,-7.672627332251203
29508,-74.80000626929665
29509,65.65412580748912
29510,-74.97812513715402
29511,55.899012242418
29512,-24.992845702521407
29513,-60.81517022713007
29514,69.97525000259384
29515,-13.210553134466888
29516,-4.853923267498508
29517,70.90159581530828
29518,-10.882207033768475
29519,43.58287125856089
29520,69.71451381986031
29521,33.67309090163825
29522,-83.7260744114233
29523,-76.8166050974935
29524,-7.072242298161688
29525,37.40613795099339
29526,-78.02595876844734
29527,60.3195484258141
29528,-9.284496663251742
29529,-15.061825363076473
29530,-24.75062217573036
29531,-79.20950631712464
29532,66.58653637229874
29533,-78.27980954276403
29534,-38.65337488757024
29535,-16.098785646957847
29536,-68.41580626791827
29537,-6.343028840139971
29538,-7.072242298161688
29539,-23.61662535920139
29540,43.03474555980978
29541,-23.70893135395245
29542,-14.90090150703792
29543,35.65658534711088
29544,-6.585080205853628
29545,-28.17227901066424
29546,-10.251316890306438
29547,-3.522935669078602
29548,68.20924382180802
29549,36.09434045754935
29550,-2.0158663674750787
29551,67.29213444802652
29552,-22.00322260569501
29553,42.1614115759128
29554,-8.670904573756147
29555,-80.80077501926378
29556,-81.08926344977795
29557,-29.582850046717496
29558,-10.882207033768475
29559,3.0153813239748626
29560,-83.5388323257828
29561,-28.8495205444058
29562,-13.210553134466888
29563,-31.02659376687893
29564,40.59697853796336
29565,-30.23103774304602
29566,62.17934732724071
29567,-4.014148525957694
29568,-3.311703263681575
29569,-60.121057677694026
29570,-76.49188329774165
29571,60.36456619480283
29572,-31.220591043469707
29573,38.79680616286453
29574,-80.59694702433468
29575,-65.46620727243953
29576,-77.94246706553756
29577,-23.047555460215523
29578,-9.386056667651452
29579,61.52077650085173
29580,-4.292059113380323
29581,-10.49084281809876
29582,-11.017836271096318
29583,-5.690145256939204
29584,-64.08302679747247
29585,-15.336223165078602
29586,-28.82605312969004
29587,-75.56531786816335
29588,-6.585080205853628
29589,-4.933167798367661
29590,-78.25621787898072
29591,-7.9152853636687315
29592,65.65412580748912
29593,-50.48150413553834
29594,-74.97812513715402
29595,-52.91225491725651
29596,-2.9055843959285506
29597,-3.636376545812332
29598,-31.220591043469707
29599,73.47911356838942
29600,-72.41843951200258
29601,-6.2447779146128575
29602,-11.634556432090466
29603,-5.133050498044554
29604,-63.36469728449672
29605,-2.2922946008535376
29606,-62.68560219722772
29607,-20.86000506378172
29608,69.45271558056258
29609,-3.915238740857701
29610,-68.75734757995612
29611,-71.95031655958118
29612,-28.29708400446266
29613,-37.50128799817179
29614,-4.123250451744234
29615,59.88574795194592
29616,-69.1246363807693
29617,74.0188645961247
29618,40.01450989465578
29619,-8.825461015357678
29620,64.7725066539196
29621,67.29427196120909
29622,-29.51779085833835
29623,70.18218342765493
29624,-28.29708400446266
29625,-14.90090150703792
29626,-3.860889064242148
29627,-88.7126234409147
29628,27.8047716354511
29629,-21.92665993846327
29630,-77.79491636428368
29631,-28.82605312969004
29632,-12.103773302627404
29633,-5.198779182969293
29634,36.09434045754935
29635,69.97525000259384
29636,-19.279988583962275
29637,-56.33936157566428
29638,-60.62454100090483
29639,-5.133050498044554
29640,-20.53629451441157
29641,-29.582850046717496
29642,-52.15114274580178
29643,-85.55940031388323
29644,-64.03793297646487
29645,-22.967355104032748
29646,-28.17227901066424
29647,-18.935860329432664
29648,-3.891271355173013
29649,66.10783999715392
29650,-34.13682029714132
29651,-27.17677293630929
29652,-1.9271511747759489
29653,35.69735320495931
29654,-58.07632100879001
29655,-23.165969631009663
29656,-17.577095936827995
29657,-31.220591043469707
29658,-7.072242298161688
29659,67.70574796805512
29660,-24.99472036173683
29661,-18.95408801426541
29662,-28.21568298421714
29663,61.99476019022237
29664,-78.63668193077027
29665,-29.26858235731649
29666,-11.115733465258284
29667,40.42111384711715
29668,-79.77735911314954
29669,-75.72220845581394
29670,57.55481561703998
29671,-2.7526857399977804
29672,41.94497817102774
29673,-6.838684117731712
29674,-52.354464362470495
29675,41.58992212699815
29676,-77.20620210383552
29677,-8.347965436023118
29678,-32.3637492533274
29679,-72.63737087282426
29680,1.8199333318788344
29681,-62.68560219722772
29682,-6.566262646709859
29683,-80.13772003018735
29684,-38.65337488757024
29685,42.104229283830506
29686,-6.585080205853628
29687,-25.563620381776964
29688,-7.072242298161688
29689,74.19731692928757
29690,61.52077650085173
29691,-14.215862898727709
29692,-1.5659426145449071
29693,0.2005545123601337
29694,-78.27980954276403
29695,35.69735320495931
29696,-3.420959142319055
29697,-63.008906569897775
29698,74.19731692928757
29699,1.7843316490359276
29700,-71.7385862304437
29701,-4.123250451744234
29702,-63.008906569897775
29703,-3.522935669078602
29704,-25.382271141049472
29705,41.91236792060346
29706,-57.89463527508617
29707,73.87790520102698
29708,-67.5863285881914
29709,43.03474555980978
29710,-60.35589216277076
29711,68.1347312731347
29712,-29.82285416465091
29713,-30.916507177081
29714,-5.576974005260533
29715,-6.0606900571421285
29716,42.50877049401651
29717,41.67684237456975
29718,-8.289405032932773
29719,-72.41843951200258
29720,-4.878592578409034
29721,-29.82285416465091
29722,64.28909792281848
29723,-8.991190151717396
29724,-71.29935638474362
29725,63.21289705539818
29726,0.5094649872915531
29727,-7.321343970048748
29728,-77.20620210383552
29729,-79.77735911314954
29730,-49.03297421246987
29731,-65.46620727243953
29732,-56.05876632618042
29733,-1.2522525430331264
29734,62.12262252004981
29735,2.821775533920724
29736,60.32829557559617
29737,-66.96719454500236
29738,-9.844337985295542
29739,-79.33846025638597
29740,-63.58264842197116
29741,-32.09548726168145
29742,68.12795673732012
29743,42.06322010610597
29744,-61.44796738909098
29745,-54.99657417299736
29746,-73.59709284155522
29747,37.2468191461457
29748,48.739568159282165
29749,38.13855954816428
29750,-29.51779085833835
29751,-11.394518506815803
29752,-0.6293639038457348
29753,60.36456619480283
29754,63.68012843930861
29755,-8.50649268360364
29756,66.31837693369562
29757,-27.624578227953588
29758,-8.53980961235081
29759,1.4249823145551308
29760,62.85867700370972
29761,-73.72491963271123
29762,-7.66650443641471
29763,-2.5737211226994967
29764,-24.992845702521407
29765,46.00434518935778
29766,-67.16109125151777
29767,-68.75734757995612
29768,42.500255950274926
29769,38.27040676606077
29770,63.02868556104775
29771,39.62357358360081
29772,40.59697853796336
29773,-28.58874592953909
29774,59.03046290674125
29775,-54.971630429742106
29776,-29.052720309010382
29777,61.258975132726775
29778,-1.6229430279570742
29779,66.10783999715392
29780,-67.06071342816472
29781,-58.38482510951848
29782,68.21838987246437
29783,41.58992212699815
29784,-64.08302679747247
29785,-74.97812513715402
29786,-78.02571825842995
29787,-11.634556432090466
29788,-3.53018815888472
29789,-83.7260744114233
29790,41.642849342125295
29791,-6.854417490003584
29792,-2.367288168844776
29793,-58.88976485914567
29794,38.79680616286453
29795,-56.01536062054064
29796,-59.21208591309063
29797,-34.20215713586555
29798,-21.88801091196873
29799,64.28909792281848
29800,-3.642791850616885
29801,-80.66483721205891
29802,-26.110294047866688
29803,-76.34386382620535
29804,-59.97873752766231
29805,-78.27980954276403
29806,-10.636557681239106
29807,69.69994995808213
29808,-60.66300703092882
29809,-6.300736219178749
29810,-2.1286810934601235
29811,65.35247972412779
29812,-7.616730498439925
29813,37.61254359071404
29814,64.20545964302512
29815,-57.7373032870097
29816,-8.306454491866143
29817,64.88173127801382
29818,41.17898252174857
29819,-3.693701541666651
29820,42.92658780655825
29821,-7.341958981241387
29822,-83.33713646630969
29823,72.53162982354324
29824,-7.169158786604625
29825,-6.410438944763321
29826,-35.572627711950695
29827,42.423706891132205
29828,42.14311796956356
29829,-33.111451787590184
29830,-64.43463876329483
29831,68.2720334908892
29832,64.88173127801382
29833,-11.727404454765754
29834,-5.133050498044554
29835,-7.5061932540169405
29836,-72.24617324058562
29837,-29.582850046717496
29838,-7.209246384404441
29839,-13.210553134466888
29840,-71.7385862304437
29841,38.89451643018749
29842,-31.60406819854084
29843,-26.11295335409651
29844,-70.66700309634095
29845,65.03603521220634
29846,40.65245417096777
29847,-60.16245096410221
29848,-34.13682029714132
29849,-6.634116620787839
29850,-60.35589216277076
29851,-67.15749898000443
29852,39.057164514670944
29853,64.29777111101707
29854,-22.123559584225987
29855,42.763676185275486
29856,-65.46620727243953
29857,57.55481561703998
29858,63.11874289646549
29859,-75.46297164056345
29860,-8.508391561479085
29861,-33.111451787590184
29862,-4.3894208740050455
29863,41.34074036981345
29864,70.68718286587797
29865,62.70060625386354
29866,-8.460495965999549
29867,-5.926856344160231
29868,-82.80765966652082
29869,-28.526964431095376
29870,-34.20215713586555
29871,-30.916507177081
29872,38.47170019313568
29873,70.59496216819917
29874,-25.472631299784865
29875,-82.83243569514744
29876,65.93401550535333
29877,-5.584591910045536
29878,64.00415870886917
29879,33.97638802141837
29880,-14.90090150703792
29881,-9.584903441464787
29882,-9.439594277961715
29883,-76.92525358779606
29884,-13.210553134466888
29885,68.48660966110883
29886,-5.584591910045536
29887,70.05076961262351
29888,-14.127531584050956
29889,-83.7260744114233
29890,-34.948918859892125
29891,5.295662694550139
29892,-29.582850046717496
29893,-2.5711891732486567
29894,-85.91012407175597
29895,-83.18657623104494
29896,-68.41580626791827
29897,-5.261039230904898
29898,42.47918152407219
29899,71.9002994187033
29900,-33.111451787590184
29901,-58.38482510951848
29902,-11.833948668478124
29903,64.63872250080149
29904,-4.050316916579703
29905,-5.565029273329027
29906,38.26591674419341
29907,32.298173628458414
29908,-8.210795064822413
29909,-68.41580626791827
29910,-22.839228460393127
29911,-32.37424949618884
29912,35.65658534711088
29913,67.376011221812
29914,-3.693701541666651
29915,-7.341958981241387
29916,65.30225146113621
29917,-13.06159143470894
29918,65.93401550535333
29919,-63.53402833383004
29920,-59.80557441752721
29921,61.81737917661943
29922,-9.584903441464787
29923,-5.690145256939204
29924,65.35247972412779
29925,39.62357358360081
29926,-63.53402833383004
29927,-23.642857478857543
29928,43.77771836529617
29929,40.46178810678943
29930,42.423706891132205
29931,-6.566262646709859
29932,-32.080905264740856
29933,-59.889374655739005
29934,-77.79491636428368
29935,-61.26216751059956
29936,64.02626440480721
29937,-71.32147738073957
29938,-4.340373327336053
29939,-34.948918859892125
29940,-62.813172795849816
29941,-13.339489167121467
29942,-68.56159619955028
29943,-5.051274149582214
29944,-79.77735911314954
29945,-64.7342923521712
29946,-9.49814778274446
29947,-60.35589216277076
29948,-61.33721802055972
29949,33.67309090163825
29950,40.433218509628176
29951,-10.00984296942132
29952,-25.67569784388535
29953,-1.2522525430331264
29954,-76.50165459980913
29955,64.02626440480721
29956,-70.1318714711175
29957,66.39822624425447
29958,-7.41915296601786
29959,57.55481561703998
29960,-2.5737211226994967
29961,-5.198779182969293
29962,-68.427149493765
29963,-58.22039825779212
29964,37.940161737719386
29965,-12.103773302627404
29966,-39.19573514116094
29967,-7.893822815067005
29968,-6.567280105927559
29969,-7.6410397884858625
29970,-26.41445227079029
29971,-71.79859823132514
29972,-68.41580626791827
29973,-75.56531786816335
29974,-34.43292016933652
29975,37.940161737719386
29976,-85.91012407175597
29977,-59.32978950251598
29978,38.5472743536512
29979,-72.51957759178063
29980,42.630173709673855
29981,2.5058133199880235
29982,-2.106354454600525
29983,-0.2067234244209235
29984,50.92816676221403
29985,41.23203673924978
29986,-70.66700309634095
29987,36.09434045754935
29988,-18.935860329432664
29989,64.88173127801382
29990,-62.65931897635829
29991,-21.0938592165879
29992,-34.43292016933652
29993,-68.44064695302109
29994,-35.572627711950695
29995,-9.386056667651452
29996,-36.09282961601644
29997,-59.91183851794145
29998,-63.36469728449672
29999,56.94009673783013
30000,-32.3637492533274
30001,-85.55940031388323
30002,31.339915557372667
30003,61.5816304491733
30004,38.47170019313568
30005,66.72395138238667
30006,-77.28193377911182
30007,-23.642857478857543
30008,-60.93507871501883
30009,33.67309090163825
30010,-29.8774045086035
30011,-34.56723172053903
30012,-6.854417490003584
30013,62.82593887002127
30014,-73.27992016853473
30015,-21.964745174549208
30016,29.91143637103002
30017,-76.34386382620535
30018,-3.1554578768611563
30019,-7.209246384404441
30020,-11.42009911598659
30021,-7.35320490890356
30022,68.21838987246437
30023,-57.38996020377705
30024,-5.720803724350171
30025,-9.560978053415194
30026,-10.00984296942132
30027,-3.6829683474998673
30028,-3.904493206431354
30029,51.50379617809811
30030,-7.572187345959808
30031,-3.660619124885189
30032,-7.072242298161688
30033,-3.6829683474998673
30034,70.59496216819917
30035,-72.05447964032514
30036,-4.853923267498508
30037,-68.75734757995612
30038,-61.38257686707007
30039,-80.59694702433468
30040,44.213692522681086
30041,59.03046290674125
30042,-83.46780799549097
30043,-38.65337488757024
30044,34.179473241654506
30045,-12.529315090038189
30046,41.91236792060346
30047,-76.12271575875063
30048,-78.28100974536751
30049,69.09631849885564
30050,-80.61296816222776
30051,-8.315750747790508
30052,-5.133050498044554
30053,-81.08926344977795
30054,41.34074036981345
30055,64.3402421871359
30056,-1.3894851140924098
30057,-56.92291573785261
30058,-3.636376545812332
30059,-28.12214580228676
30060,-22.49987856980444
30061,-72.50549596593714
30062,-2.023273455979981
30063,-54.81487348343415
30064,-18.297525865510345
30065,-25.194570429087705
30066,61.39044562225148
30067,-26.512592936861903
30068,-3.689360014678393
30069,-22.123559584225987
30070,38.37887893659343
30071,-61.58120853487452
30072,-63.58264842197116
30073,-28.8495205444058
30074,-11.001993918387573
30075,-59.21208591309063
30076,-83.46780799549097
30077,-9.54992925012006
30078,64.42460200452126
30079,-78.17151111886696
30080,-11.727404454765754
30081,63.89277284701216
30082,-8.347965436023118
30083,-3.99648738029666
30084,65.33548486460991
30085,-8.306454491866143
30086,-2.616808410650832
30087,-57.7373032870097
30088,-33.096568514818046
30089,61.52077650085173
30090,37.427674779752266
30091,-9.560978053415194
30092,43.79764560714968
30093,-60.512218217489085
30094,-5.198779182969293
30095,-60.81517022713007
30096,-59.32978950251598
30097,-70.79887932057508
30098,-23.69136565870248
30099,-5.845860761801807
30100,-9.49814778274446
30101,37.40613795099339
30102,-54.04097620765368
30103,69.82922252768977
30104,-1.6468831832671953
30105,-26.41445227079029
30106,-9.658890984272528
30107,45.57317112801498
30108,41.00240108323537
30109,33.97638802141837
30110,-5.720803724350171
30111,-4.123250451744234
30112,37.34319843513289
30113,-6.266789704207847
30114,66.72395138238667
30115,-3.693701541666651
30116,-51.88420869902682
30117,70.77752198318933
30118,-61.96066828640335
30119,-4.123250451744234
30120,46.79856162315485
30121,-25.210734596228093
30122,-18.297525865510345
30123,-24.903998332181665
30124,-34.20215713586555
30125,27.8047716354511
30126,-76.34386382620535
30127,-73.85587007371322
30128,-63.58264842197116
30129,64.20545964302512
30130,-53.84538445094607
30131,-7.9152853636687315
30132,-9.844337985295542
30133,-60.829101588216005
30134,40.01450989465578
30135,35.54114802103433
30136,38.75167756166681
30137,-30.916507177081
30138,61.81737917661943
30139,-7.439660031084001
30140,-24.992845702521407
30141,48.73595435485974
30142,-34.13682029714132
30143,-22.99818432256661
30144,-34.20215713586555
30145,-5.690145256939204
30146,46.81035744313867
30147,-28.198742107526545
30148,-66.63879494292283
30149,-62.65931897635829
30150,-28.58874592953909
30151,-14.90090150703792
30152,-30.793822748884583
30153,42.82216254545907
30154,-7.5061932540169405
30155,-6.199767817591771
30156,66.47759204991048
30157,-22.68597273761898
30158,66.72395138238667
30159,-55.85580333853856
30160,-80.80077501926378
30161,-25.629969593881214
30162,-59.32978950251598
30163,-81.91225822606634
30164,-7.57743871404968
30165,-72.60189440483893
30166,-7.216631450040989
30167,68.90770959863804
30168,-72.50549596593714
30169,-77.49488045429311
30170,-3.526444152512848
30171,-54.71688053968257
30172,-28.798302772625068
30173,-60.81517022713007
30174,-18.297525865510345
30175,-9.9176052188697
30176,-24.02275387744668
30177,-8.347965436023118
30178,-3.636376545812332
30179,1.7843316490359276
30180,-2.600730814850636
30181,-55.25517569936024
30182,-32.24909617791889
30183,-68.09172641546317
30184,-8.26903014525455
30185,-56.77905638356256
30186,-13.06159143470894
30187,-80.8636924034908
30188,-2.741568740494789
30189,-29.582850046717496
30190,-83.5388323257828
30191,-28.9901278992368
30192,-14.215862898727709
30193,-5.375734586071491
30194,-7.614519349536239
30195,61.25092357893283
30196,44.501118586161816
30197,-63.53402833383004
30198,-68.75734757995612
30199,-85.25667167828755
30200,-8.841289714592131
30201,-4.933167798367661
30202,-7.473295036305191
30203,-13.339489167121467
30204,-59.32978950251598
30205,-76.64709341086038
30206,-60.16245096410221
30207,0.8917634034279263
30208,-83.46780799549097
30209,-14.90090150703792
30210,-64.7342923521712
30211,-4.295835385195058
30212,-58.00321425183553
30213,64.88173127801382
30214,59.81658706644868
30215,-57.72718819098296
30216,-80.61296816222776
30217,-22.123559584225987
30218,47.33325490675927
30219,57.55481561703998
30220,-60.88451608339855
30221,31.11058750868439
30222,-32.5190699908205
30223,-4.340373327336053
30224,-27.17677293630929
30225,-6.410438944763321
30226,63.07033374694242
30227,41.00240108323537
30228,-53.02557328907722
30229,-62.68560219722772
30230,-76.81987550570119
30231,67.48666733843753
30232,-56.4562961146221
30233,-74.17901556814262
30234,-0.999913223912248
30235,69.46014185011782
30236,2.095160162149371
30237,27.44650397243624
30238,69.69682272698444
30239,38.37887893659343
30240,-5.7559824309796
30241,-10.417860135962158
30242,-10.417860135962158
30243,-56.77905638356256
30244,-28.735394568256268
30245,-74.17901556814262
30246,-67.06071342816472
30247,-14.90090150703792
30248,-76.34386382620535
30249,38.47170019313568
30250,-73.27215034431457
30251,-62.65931897635829
30252,-25.382271141049472
30253,-64.94521851953243
30254,37.675907541258255
30255,-79.2792639302895
30256,1.6789910406736053
30257,-79.18962508704082
30258,-73.80907118629146
30259,-32.24909617791889
30260,50.4564164342387
30261,-59.32978950251598
30262,-70.17255049851725
30263,-77.64223987441679
30264,-56.336596367210255
30265,-85.25667167828755
30266,-6.174753966692725
30267,-5.584591910045536
30268,-88.7126234409147
30269,41.62979205181463
30270,-0.1992581579903465
30271,-8.315750747790508
30272,33.97638802141837
30273,-3.6938898154733257
30274,-59.911074227755584
30275,-81.70712813873696
30276,-0.079050078153664
30277,3.138250140067924
30278,-70.67785421828121
30279,-58.52342871748934
30280,-31.220591043469707
30281,-80.59694702433468
30282,-26.967233644316973
30283,65.24899904381735
30284,-57.38996020377705
30285,70.90449047020049
30286,40.46178810678943
30287,-79.20950631712464
30288,-22.123559584225987
30289,-55.556566307021086
30290,2.6633508211247
30291,37.61254359071404
30292,62.4434287567256
30293,-21.039338703682542
30294,-26.110294047866688
30295,-8.508223969815887
30296,-0.4533141113104548
30297,-76.12271575875063
30298,-79.03246211362388
30299,-73.27215034431457
30300,-67.5863285881914
30301,-8.53980961235081
30302,-85.35936671595823
30303,66.97986244809256
30304,-27.290130384323568
30305,-11.001993918387573
30306,-8.210795064822413
30307,-80.59694702433468
30308,31.11058750868439
30309,-64.03793297646487
30310,-4.303251217128143
30311,-6.130170314537329
30312,39.62849019413955
30313,-61.66745786583782
30314,-58.7930225152107
30315,-6.2447779146128575
30316,-61.15759013156151
30317,36.88042928454874
30318,-29.81850156772698
30319,-26.41445227079029
30320,-4.303251217128143
30321,-9.93577804486236
30322,-4.370056606722408
30323,65.0195848479493
30324,-78.38497131690244
30325,-4.193269175424671
30326,-9.658890984272528
30327,-88.7126234409147
30328,-59.21208591309063
30329,-78.18094080226537
30330,70.48401192064617
30331,0.8897373302632086
30332,42.47918152407219
30333,-6.493342488598639
30334,38.79680616286453
30335,-13.06159143470894
30336,-24.82042157588581
30337,-59.699972546111965
30338,32.16071850215441
30339,-5.720803724350171
30340,70.3049441063941
30341,-88.7126234409147
30342,-24.48565875521396
30343,39.9480192749338
30344,-72.9213889351724
30345,-24.211833887958804
30346,-10.997919689956404
30347,-81.08926344977795
30348,40.95236002978989
30349,-75.46297164056345
30350,41.23203673924978
30351,-71.16005755294121
30352,-13.210553134466888
30353,-32.24909617791889
30354,-24.93943240633019
30355,-23.368664971764566
30356,-7.0381361783279495
30357,-64.99223299241777
30358,-83.5388323257828
30359,72.40240122698859
30360,41.246838000580176
30361,-64.99223299241777
30362,65.95047781390235
30363,-77.69177174928257
30364,-24.643765921300112
30365,-26.80215584783842
30366,3.659292730244736
30367,39.350701119170886
30368,-60.512218217489085
30369,65.93401550535333
30370,-63.36469728449672
30371,60.16878144687885
30372,-2.6997230947926054
30373,-2.785457012254887
30374,41.91236792060346
30375,1.323482856080779
30376,40.15160018667589
30377,-53.02920944541002
30378,-89.14168265203496
30379,-32.24909617791889
30380,-73.59709284155522
30381,-75.44197356951193
30382,64.22464715304282
30383,38.37887893659343
30384,-58.85353677434839
30385,50.29353100181641
30386,-83.45978447605049
30387,-9.046234885759878
30388,61.25092357893283
30389,-61.58602567523057
30390,32.16071850215441
30391,-63.53402833383004
30392,-7.555971512198472
30393,2.2042146138698584
30394,-14.90090150703792
30395,3.399603497853477
30396,-28.21568298421714
30397,-78.17151111886696
30398,-64.94521851953243
30399,-72.91632020963053
30400,61.81737917661943
30401,33.28405351638759
30402,-67.75692594808051
30403,-74.80000626929665
30404,39.8794106094607
30405,41.0064395291802
30406,-9.584903441464787
30407,64.08440794446402
30408,-61.53999320273032
30409,-14.215862898727709
30410,-77.51002224019419
30411,-26.5610611085297
30412,-3.99648738029666
30413,-12.85152441667329
30414,-58.78095632562259
30415,37.11256789852779
30416,42.630173709673855
30417,-59.84500258620256
30418,34.53058808201676
30419,37.40613795099339
30420,-60.121057677694026
30421,-21.297558908689187
30422,-56.38965576307094
30423,54.04085473336757
30424,-79.75330428881254
30425,-26.41445227079029
30426,65.73866338391481
30427,33.97638802141837
30428,55.82316967105438
30429,-8.988713976341078
30430,64.00415870886917
30431,-32.480580393100006
30432,64.19028081809103
30433,-7.072242298161688
30434,63.21289705539818
30435,-89.14168265203496
30436,-74.84150979536102
30437,2.3581839197736327
30438,-63.008906569897775
30439,37.427674779752266
30440,38.266078653524175
30441,-12.85152441667329
30442,59.88574795194592
30443,-3.398032458709473
30444,-79.18962508704082
30445,-28.21568298421714
30446,-2.1286810934601235
30447,-5.96708182922031
30448,49.13218345102854
30449,-5.7559824309796
30450,-16.098785646957847
30451,-59.80557441752721
30452,27.44650397243624
30453,-58.6665172951573
30454,-28.21568298421714
30455,-71.54204911718263
30456,67.93023496550468
30457,71.29055625812234
30458,-68.41580626791827
30459,-56.250694425342
30460,73.16850215683748
30461,-13.210553134466888
30462,42.723554695902266
30463,-36.09282961601644
30464,-79.59449379038277
30465,68.1347312731347
30466,-21.88801091196873
30467,-52.08709511339918
30468,-83.5388323257828
30469,60.32829557559617
30470,64.26485946126554
30471,-85.91012407175597
30472,40.15160018667589
30473,-77.94246706553756
30474,-65.06766030479714
30475,-88.7126234409147
30476,-31.558723619088013
30477,68.20924382180802
30478,-63.53402833383004
30479,-59.74398557736171
30480,67.70007970816523
30481,-12.529315090038189
30482,-58.42156068136092
30483,-81.9909821457317
30484,-4.193269175424671
30485,-24.94656515701532
30486,-23.323609114853262
30487,-60.512218217489085
30488,-8.988713976341078
30489,-6.887270191934922
30490,-10.997919689956404
30491,-2.360808227541596
30492,-70.79887932057508
30493,-54.38256451001634
30494,-7.216631450040989
30495,-71.76117429460878
30496,-28.948598940045795
30497,38.89451643018749
30498,-38.31263381521072
30499,-61.96066828640335
30500,-76.56019966566126
30501,67.29427196120909
30502,-6.958051884117269
30503,-56.78209214087616
30504,-4.933167798367661
30505,-58.95437422744519
30506,-81.70712813873696
30507,-32.480580393100006
30508,-5.202714947304266
30509,-60.27005239556637
30510,33.28405351638759
30511,-26.966026288723164
30512,32.16071850215441
30513,-76.64709341086038
30514,-32.17766106588521
30515,68.12795673732012
30516,-55.67685145149365
30517,-76.09427798538462
30518,69.18409975537831
30519,-5.926856344160231
30520,54.04085473336757
30521,68.47859257152102
30522,-83.46780799549097
30523,-73.36652726001502
30524,-54.971630429742106
30525,43.860945676012655
30526,-1.2522525430331264
30527,-4.295835385195058
30528,-5.378198030372411
30529,45.36638160349359
30530,-8.367741679038852
30531,30.26304767789725
30532,-25.382271141049472
30533,-59.911074227755584
30534,42.06322010610597
30535,-30.517301613545328
30536,70.91423787821128
30537,-35.630147096232015
30538,-74.68552843756727
30539,-60.62454100090483
30540,44.4527206933066
30541,40.01450989465578
30542,67.29427196120909
30543,65.93401550535333
30544,67.95966427598945
30545,-61.66745786583782
30546,-58.6665172951573
30547,-55.40409310528249
30548,-70.66700309634095
30549,-25.67569784388535
30550,-78.15861502301163
30551,-83.5388323257828
30552,64.08440794446402
30553,64.28909792281848
30554,59.03046290674125
30555,-67.5863285881914
30556,-8.945276678632968
30557,-64.7342923521712
30558,-4.878592578409034
30559,-35.0767338582761
30560,-22.18359482936068
30561,-74.03933335944663
30562,-32.5190699908205
30563,-0.9029867494819452
30564,-60.121057677694026
30565,-6.585080205853628
30566,61.578779658178654
30567,-8.315750747790508
30568,-75.70791341995178
30569,-64.99223299241777
30570,-75.85220170844158
30571,68.12795673732012
30572,-26.066802966511013
30573,-34.13682029714132
30574,65.30225146113621
30575,62.79133364244564
30576,-78.83557315423825
30577,-67.5863285881914
30578,42.13763599097064
30579,-78.38068926379842
30580,-6.838684117731712
30581,0.8449121883125343
30582,-34.20215713586555
30583,-6.854417490003584
30584,-21.05375018093762
30585,41.91236792060346
30586,-83.45978447605049
30587,-4.6834249108487285
30588,-83.46780799549097
30589,-61.38257686707007
30590,-78.1020339524991
30591,-8.315750747790508
30592,-28.198742107526545
30593,-79.48066894773132
30594,1.1019536382977764
30595,-24.93943240633019
30596,-81.91225822606634
30597,-8.988713976341078
30598,0.5484493784162334
30599,66.48498392699896
30600,-8.825461015357678
30601,-24.89351179043043
30602,-26.83543526499105
30603,-79.18962508704082
30604,-37.50128799817179
30605,-7.209246384404441
30606,61.81737917661943
30607,-84.89508839540127
30608,-7.209246384404441
30609,-83.3661748851216
30610,44.75610265976074
30611,-27.956519694274785
30612,-5.261039230904898
30613,-3.99648738029666
30614,67.66658020265083
30615,-62.65931897635829
30616,-3.891271355173013
30617,-29.81850156772698
30618,-29.52227685943872
30619,-27.154710298035067
30620,0.8917634034279263
30621,-7.808907508829586
30622,-3.632418814898768
30623,-89.14168265203496
30624,62.79133364244564
30625,-22.18359482936068
30626,42.75558445606696
30627,-81.70712813873696
30628,-77.20620210383552
30629,-80.8636924034908
30630,-1.0748323232242258
30631,4.82846696038813
30632,-29.51779085833835
30633,-81.91225822606634
30634,-8.164744583144298
30635,-83.5637030127045
30636,62.12333701350847
30637,41.94497817102774
30638,-5.378198030372411
30639,66.99911280144599
30640,-3.645588905375181
30641,2.0390187651613
30642,47.99484524183301
30643,-55.26829359048296
30644,62.70060625386354
30645,37.34319843513289
30646,-0.2067234244209235
30647,64.26485946126554
30648,-83.18657623104494
30649,-66.96719454500236
30650,35.17377052515205
30651,-77.79491636428368
30652,-23.047555460215523
30653,-60.92487003143877
30654,-1.0748323232242258
30655,-5.144338962676692
30656,-61.58120853487452
30657,-18.297525865510345
30658,-16.893377722319507
30659,-0.1992581579903465
30660,65.35247972412779
30661,-7.831721005520761
30662,-25.194570429087705
30663,-8.50649268360364
30664,-64.67616974166819
30665,-54.08416952698018
30666,-30.260697741614106
30667,0.8131060832216055
30668,68.20924382180802
30669,-4.980421245643223
30670,-8.99886351647438
30671,-56.37275346292388
30672,-75.30685910820603
30673,-58.00321425183553
30674,-58.6665172951573
30675,-11.76338508102923
30676,-75.38132478579962
30677,-68.75734757995612
30678,-29.42032504107042
30679,-2.741568740494789
30680,-24.432974440582026
30681,67.17011316469402
30682,-4.303251217128143
30683,35.1469473043697
30684,-9.063025974429328
30685,-58.23195111726398
30686,-7.572187345959808
30687,-29.42032504107042
30688,-78.83557315423825
30689,-56.37275346292388
30690,-4.303251217128143
30691,-75.46297164056345
30692,-27.5891264168772
30693,-4.303251217128143
30694,-9.658890984272528
30695,-6.838684117731712
30696,-64.77848827570955
30697,-8.988713976341078
30698,37.34319843513289
30699,-6.266789704207847
30700,71.8102648721887
30701,-8.812598326684046
30702,-55.130755211962345
30703,-6.092263387065247
30704,-8.381208965027525
30705,-80.62057347414103
30706,-29.779389417115546
30707,63.00040878920593
30708,66.68441138913504
30709,-58.52342871748934
30710,41.04613250076393
30711,63.33484257359388
30712,-28.29708400446266
30713,64.19028081809103
30714,-28.735394568256268
30715,59.88574795194592
30716,30.67314480410844
30717,37.61254359071404
30718,-73.65757806178982
30719,34.53058808201676
30720,-14.55433690103919
30721,64.02626440480721
30722,-3.636376545812332
30723,-77.30251460814351
30724,35.75181837169794
30725,-75.87169353435169
30726,-3.915238740857701
30727,-27.624578227953588
30728,-11.394518506815803
30729,-55.48596719337152
30730,56.28314050715595
30731,-76.09427798538462
30732,-59.14108908669633
30733,-76.70061198929623
30734,-6.343028840139971
30735,-77.20620210383552
30736,-75.73299468004133
30737,-9.66428281428806
30738,-76.40491497370222
30739,63.1809770613026
30740,-29.917051650030064
30741,-75.44197356951193
30742,-6.016340808479301
30743,65.24899904381735
30744,3.076966291680778
30745,-64.77848827570955
30746,40.33346280844585
30747,69.74999651440271
30748,-26.110294047866688
30749,-67.47648412359189
30750,-22.16788761865624
30751,-74.54176100760037
30752,60.16878144687885
30753,-13.210553134466888
30754,-18.236339657055147
30755,-9.308865248792584
30756,-22.96184333732442
30757,-66.00957868487684
30758,-28.82605312969004
30759,-29.52227685943872
30760,-67.5863285881914
30761,-7.785777869031857
30762,-76.96931515724538
30763,-4.841245185685775
30764,-44.36144716560042
30765,-57.65385246699775
30766,37.40613795099339
30767,-70.23326739511829
30768,-8.366609249451347
30769,65.29892953480605
30770,-24.211833887958804
30771,-8.508391561479085
30772,-44.36144716560042
30773,-64.77848827570955
30774,-9.308865248792584
30775,-8.306454491866143
30776,33.67309090163825
30777,-76.20812517099262
30778,-5.198779182969293
30779,-0.6965043105857802
30780,-53.54185992898487
30781,-2.837968703812789
30782,-60.66300703092882
30783,-61.23528111384636
30784,-77.87821951363114
30785,-74.84150979536102
30786,-25.523855542512347
30787,-83.46780799549097
30788,62.85867700370972
30789,-8.306454491866143
30790,-68.75734757995612
30791,-72.50549596593714
30792,-83.5388323257828
30793,0.8449121883125343
30794,-29.644905068743284
30795,-25.750127075254813
30796,33.97638802141837
30797,-6.414247065498609
30798,-3.1554578768611563
30799,-6.174753966692725
30800,39.62357358360081
30801,-74.54176100760037
30802,-8.05321585749593
30803,60.16878144687885
30804,2.58070629975677
30805,-76.67181215639226
30806,1.1834302646470074
30807,-67.47648412359189
30808,-83.3661748851216
30809,-72.41843951200258
30810,-83.3661748851216
30811,66.53678696446644
30812,64.26485946126554
30813,64.08440794446402
30814,64.00415870886917
30815,-16.3827053300977
30816,64.10522514149429
30817,-25.194570429087705
30818,-2.2571814371944363
30819,-78.60012215967582
30820,-34.43292016933652
30821,-77.30251460814351
30822,40.19709001829813
30823,-25.923478862764124
30824,-7.616730498439925
30825,-71.76117429460878
30826,-79.20950631712464
30827,40.505417450183145
30828,-76.34386382620535
30829,68.70299280857238
30830,-14.127531584050956
30831,37.11256789852779
30832,-73.27992016853473
30833,45.25521529628025
30834,-3.636376545812332
30835,72.63781189139918
30836,61.5816304491733
30837,-63.59762089222953
30838,64.88348884760977
30839,62.12262252004981
30840,-26.512592936861903
30841,-10.882207033768475
30842,40.59697853796336
30843,-13.509491984376554
30844,-35.021074274633456
30845,39.08168940219899
30846,-67.7191508713841
30847,59.8457551247475
30848,72.38485206975531
30849,-72.24617324058562
30850,-71.21599993301732
30851,43.70579340664965
30852,-2.785457012254887
30853,-61.15759013156151
30854,-6.343028840139971
30855,4.312605629878354
30856,-3.004654875923777
30857,-28.9901278992368
30858,-21.88801091196873
30859,42.630173709673855
30860,-6.174753966692725
30861,74.2960584674766
30862,-2.4736564396972005
30863,-25.10034558817627
30864,-66.96719454500236
30865,-31.61532249006393
30866,-14.127531584050956
30867,66.48498392699896
30868,-67.47648412359189
30869,-32.70655055171169
30870,-55.063653471624015
30871,71.86963648673465
30872,-79.75330428881254
30873,-0.3442975510182258
30874,-71.94414649170577
30875,-56.662820713247775
30876,-9.543622649913372
30877,-22.18359482936068
30878,-25.629969593881214
30879,46.027496032436304
30880,74.95786890593708
30881,-11.001993918387573
30882,64.20545964302512
30883,-88.7126234409147
30884,43.17779598672799
30885,-77.64223987441679
30886,-64.67616974166819
30887,-8.65457570430054
30888,-2.3834212863803907
30889,-61.66745786583782
30890,62.20912998316777
30891,-2.045403460635544
30892,-28.948598940045795
30893,-54.19671310949327
30894,-49.16730140184236
30895,-30.916507177081
30896,-70.79887932057508
30897,-61.23528111384636
30898,72.63781189139918
30899,-7.597176160699123
30900,40.15160018667589
30901,-10.00984296942132
30902,36.09434045754935
30903,-57.94293088521762
30904,62.48660497710701
30905,-84.89508839540127
30906,-70.79887932057508
30907,-84.89508839540127
30908,43.37458705116711
30909,-13.06159143470894
30910,-14.215862898727709
30911,-53.46764287677101
30912,-8.508391561479085
30913,-35.630147096232015
30914,-58.6665172951573
30915,-34.56723172053903
30916,40.33346280844585
30917,-29.82285416465091
30918,-7.958220443011454
30919,-1.3663636571145754
30920,-1.0748323232242258
30921,-61.33721802055972
30922,71.9002994187033
30923,36.416652055173
30924,64.28909792281848
30925,72.40240122698859
30926,64.00415870886917
30927,60.32829557559617
30928,-64.03793297646487
30929,39.36747959854374
30930,-7.597176160699123
30931,45.82462724054697
30932,47.76801494955234
30933,-5.7559824309796
30934,-24.725605729548967
30935,-14.215862898727709
30936,37.11256789852779
30937,-27.43773543782902
30938,38.17018937617789
30939,65.0575192760447
30940,-52.780251548954624
30941,-2.217596050514631
30942,-53.54703578266994
30943,-7.209246384404441
30944,-2.600730814850636
30945,37.427674779752266
30946,-52.91107638619384
30947,-6.493342488598639
30948,-0.8967964503639048
30949,-33.111451787590184
30950,-64.03793297646487
30951,-14.90090150703792
30952,36.09434045754935
30953,-27.5891264168772
30954,66.20312377448424
30955,-77.20620210383552
30956,-0.1034018958236138
30957,-77.64223987441679
30958,43.548627034964646
30959,-9.308865248792584
30960,-16.718669548005
30961,-78.60012215967582
30962,-54.94484995032652
30963,-55.26829359048296
30964,69.26561654448993
30965,-6.566262646709859
30966,-10.578780670362043
30967,-8.670904573756147
30968,-24.882667115060407
30969,-5.722330420725031
30970,-64.94521851953243
30971,47.77612742760778
30972,-0.7851584529012419
30973,-60.829101588216005
30974,-10.00984296942132
30975,-74.54176100760037
30976,66.99911280144599
30977,-56.37275346292388
30978,40.73384198008036
30979,-27.43773543782902
30980,-76.20812517099262
30981,-55.556566307021086
30982,65.35247972412779
30983,-27.43773543782902
30984,41.58609086757909
30985,-8.315750747790508
30986,-6.02107332289593
30987,41.69849103141292
30988,66.48498392699896
30989,-83.5637030127045
30990,65.4913363443551
30991,40.3160798634359
30992,-60.16245096410221
30993,-14.127531584050956
30994,-22.37575497907103
30995,-53.55660422998425
30996,39.350701119170886
30997,-7.555971512198472
30998,-5.720803724350171
30999,-35.572627711950695
31000,37.34319843513289
31001,-23.69136565870248
31002,-64.99223299241777
31003,30.26304767789725
31004,-3.5249011378984285
31005,-8.812598326684046
31006,-79.75330428881254
31007,-80.13772003018735
31008,-79.33846025638597
31009,-29.51779085833835
31010,-77.64223987441679
31011,-18.935860329432664
31012,64.24537032639647
31013,40.80322678193362
31014,65.73866338391481
31015,51.63895343563574
31016,-0.3442975510182258
31017,74.72767222698171
31018,59.03046290674125
31019,-0.7225207545259451
31020,65.95047781390235
31021,66.39822624425447
31022,-77.30251460814351
31023,-80.8636924034908
31024,29.91143637103002
31025,60.32829557559617
31026,-35.630147096232015
31027,-32.24909617791889
31028,-9.543622649913372
31029,1.6285143021300683
31030,-26.43598234726528
31031,-27.290130384323568
31032,-51.023693187832414
31033,-60.88451608339855
31034,-9.560978053415194
31035,66.18161219820239
31036,71.21567579490986
31037,-22.78360131083201
31038,-72.41843951200258
31039,-13.339489167121467
31040,-8.99886351647438
31041,38.02435865834917
31042,59.46577432357599
31043,-28.198742107526545
31044,37.675907541258255
31045,-63.53402833383004
31046,40.505417450183145
31047,69.21994503929535
31048,68.7349055451265
31049,-59.911074227755584
31050,-70.79887932057508
31051,-23.038940632832684
31052,-3.99550456833117
31053,-9.66428281428806
31054,-5.167282464111576
31055,-12.529315090038189
31056,62.12262252004981
31057,68.70299280857238
31058,-64.30547982789703
31059,-8.000800668552845
31060,-5.527997478607895
31061,-83.6079352012807
31062,-0.7305107801730486
31063,-0.7464599189823966
31064,-6.566262646709859
31065,43.548627034964646
31066,-7.785777869031857
31067,46.31246885434955
31068,41.642849342125295
31069,-32.17766106588521
31070,37.11256789852779
31071,66.21924518559484
31072,-24.85836965427039
31073,61.39044562225148
31074,1.6206544493067554
31075,-76.20812517099262
31076,-78.70414172325827
31077,-75.97816191595261
31078,-4.303251217128143
31079,-76.92525358779606
31080,38.89451643018749
31081,74.63262476912375
31082,-83.29184522522733
31083,-14.215862898727709
31084,-29.42032504107042
31085,-18.564962715845244
31086,-77.64223987441679
31087,3.5548345296647508
31088,-27.290130384323568
31089,-2.519368494857128
31090,-21.885537611272028
31091,39.8794106094607
31092,-26.5610611085297
31093,-29.222069369201627
31094,-8.133959425695327
31095,-31.558723619088013
31096,-77.46904558954247
31097,-26.5610611085297
31098,40.33346280844585
31099,-8.000800668552845
31100,-74.46614754682119
31101,-28.798302772625068
31102,-68.68681673273758
31103,69.09631849885564
31104,-5.726556007046462
31105,-61.809985971734186
31106,-10.578780670362043
31107,-9.459403920741606
31108,-81.91225822606634
31109,39.05617866090599
31110,66.18161219820239
31111,-2.2571814371944363
31112,-6.634116620787839
31113,-55.01915429403455
31114,37.61254359071404
31115,-6.266789704207847
31116,41.45062570541012
31117,43.79764560714968
31118,-2.045403460635544
31119,62.12262252004981
31120,41.72799904903098
31121,-54.48227812065083
31122,-4.295835385195058
31123,-14.102147424529011
31124,-66.3766663286715
31125,36.88042928454874
31126,-29.611378053015784
31127,-5.215045470073312
31128,-9.9176052188697
31129,-24.677798123338803
31130,-28.948598940045795
31131,-87.40450343610313
31132,42.20106675287343
31133,-32.70655055171169
31134,3.566203970856954
31135,-84.89508839540127
31136,74.89579632755753
31137,-11.0230514106773
31138,-8.812598326684046
31139,-81.9909821457317
31140,-80.13772003018735
31141,-30.916507177081
31142,-27.53328145847476
31143,-2.6997230947926054
31144,-6.267059867390852
31145,-2.813139025565557
31146,44.59969643271405
31147,-8.347965436023118
31148,-63.59762089222953
31149,-28.735394568256268
31150,73.22677550738949
31151,2.1830811098420844
31152,-71.79628652185802
31153,59.03046290674125
31154,-73.65757806178982
31155,-8.164072069696843
31156,42.94606600296601
31157,61.554044428555976
31158,69.06616192362387
31159,39.62849019413955
31160,-5.283551753304253
31161,-80.61296816222776
31162,-7.555971512198472
31163,65.01594591006902
31164,-56.39031738271485
31165,-74.84150979536102
31166,-10.211718447477288
31167,-34.20215713586555
31168,-8.99886351647438
31169,-77.32106154974052
31170,-11.606906209564947
31171,-8.670904573756147
31172,-61.23528111384636
31173,-60.512218217489085
31174,-79.6139728204349
31175,-7.785777869031857
31176,-3.464105475710344
31177,42.58359992549085
31178,-83.29184522522733
31179,-3.1554578768611563
31180,37.40613795099339
31181,-30.260697741614106
31182,38.79023500174229
31183,-6.577955797741963
31184,-0.6293639038457348
31185,-57.61446389237197
31186,-69.54590387301687
31187,64.02626440480721
31188,66.10783999715392
31189,-77.49488045429311
31190,62.57608151587043
31191,42.89784134910025
31192,-29.51779085833835
31193,-75.34505416273961
31194,41.71415988359116
31195,-28.234272199005943
31196,42.69393757415144
31197,-25.382271141049472
31198,66.37275243280692
31199,65.90069531448137
31200,-1.3370288172233522
31201,-68.85629836853916
31202,-78.10029955429695
31203,67.2461832506049
31204,-4.303251217128143
31205,-13.339489167121467
31206,-4.980421245643223
31207,-64.67616974166819
31208,-5.820273119915296
31209,-85.91012407175597
31210,66.99911280144599
31211,-29.08995001033084
31212,63.33484257359388
31213,37.40613795099339
31214,1.6206544493067554
31215,-9.046234885759878
31216,34.179473241654506
31217,-34.43292016933652
31218,-0.7225207545259451
31219,-5.720803724350171
31220,-29.82285416465091
31221,42.73453023040808
31222,-71.54204911718263
31223,-83.45978447605049
31224,-67.5863285881914
31225,-24.058669207848908
31226,-9.697244915229208
31227,-28.29708400446266
31228,-78.38068926379842
31229,-68.75734757995612
31230,-75.85220170844158
31231,-67.47648412359189
31232,35.77181074324159
31233,-83.44530854421795
31234,-24.793607933676235
31235,-2.2571814371944363
31236,-78.18094080226537
31237,32.60399647903568
31238,69.77890300852168
31239,-59.75111024505449
31240,37.20021212279785
31241,64.22464715304282
31242,-30.517301613545328
31243,-33.26521040464207
31244,67.17011316469402
31245,-88.50704030636086
31246,-36.09282961601644
31247,-78.60012215967582
31248,-7.66650443641471
31249,-10.578780670362043
31250,-10.211718447477288
31251,-33.26521040464207
31252,-9.308865248792584
31253,36.88042928454874
31254,1.6206544493067554
31255,-6.577955797741963
31256,-4.054890172358383
31257,-1.0748323232242258
31258,-13.339489167121467
31259,67.66658020265083
31260,69.03096679945291
31261,62.12262252004981
31262,76.34763437581299
31263,-21.062870327000777
31264,68.1347312731347
31265,-78.18094080226537
31266,-36.208606158448994
31267,42.75558445606696
31268,-60.07031218370283
31269,-24.211833887958804
31270,47.67684408034448
31271,-56.39031738271485
31272,-63.07865089246947
31273,-24.89351179043043
31274,68.20390430667669
31275,-83.46780799549097
31276,-6.343028840139971
31277,-5.720803724350171
31278,-58.6948743697295
31279,-36.034488896496
31280,-63.10851320246642
31281,-27.71406488558407
31282,-34.43292016933652
31283,-34.46584170827701
31284,-2.6997230947926054
31285,-8.99886351647438
31286,63.12935764642469
31287,-1.1598906864676888
31288,-10.211718447477288
31289,36.56148691974472
31290,60.32829557559617
31291,-28.88946484327992
31292,-67.06071342816472
31293,-6.585080205853628
31294,-9.9176052188697
31295,-78.43725339952626
31296,48.739568159282165
31297,1.0915528319494396
31298,37.34319843513289
31299,-6.410438944763321
31300,-80.59694702433468
31301,-84.65769916159014
31302,68.1347312731347
31303,58.07430656276619
31304,-4.303251217128143
31305,-6.410438944763321
31306,-79.59449379038277
31307,66.21924518559484
31308,38.77965159483713
31309,41.71415988359116
31310,33.28405351638759
31311,63.68012843930861
31312,41.92421582261391
31313,1.0785959055875782
31314,-64.30547982789703
31315,-62.18755458321734
31316,-78.38068926379842
31317,-81.91225822606634
31318,-83.81787325588873
31319,41.59545791531331
31320,-4.686253100728228
31321,-6.838684117731712
31322,-2.2141520474015204
31323,-6.130170314537329
31324,-79.59449379038277
31325,-28.948598940045795
31326,-6.02107332289593
31327,-70.66700309634095
31328,-73.4326278860919
31329,-0.7464599189823966
31330,-77.79491636428368
31331,-30.90764960369944
31332,-2.2571814371944363
31333,-2.519368494857128
31334,66.88241224113673
31335,-3.341065793336301
31336,-77.49488045429311
31337,41.91236792060346
31338,-29.81850156772698
31339,-7.497605040364964
31340,-5.726556007046462
31341,39.62849019413955
31342,-80.61296816222776
31343,-65.41056820248996
31344,-87.40450343610313
31345,-74.23551721690374
31346,35.497305669408505
31347,-14.215862898727709
31348,-3.904493206431354
31349,63.68012843930861
31350,70.8692734125001
31351,-85.65567670565709
31352,41.67684237456975
31353,-29.51779085833835
31354,42.01244373636173
31355,-8.62636446357775
31356,45.01949657960077
31357,-64.77848827570955
31358,67.17011316469402
31359,-27.290130384323568
31360,71.24565940813085
31361,-1.3663636571145754
31362,3.0153813239748626
31363,-75.97816191595261
31364,68.84880001557215
31365,-8.54017953238349
31366,-11.606906209564947
31367,39.9480192749338
31368,67.0898473433887
31369,32.60399647903568
31370,-73.65757806178982
31371,-76.56847936471597
31372,-24.816719037415112
31373,33.97638802141837
31374,62.12262252004981
31375,-79.6139728204349
31376,66.5346687887513
31377,-8.945276678632968
31378,-80.13772003018735
31379,-85.65567670565709
31380,-2.2571814371944363
31381,62.31362981755496
31382,-22.379183150187977
31383,-63.58264842197116
31384,65.03041794936979
31385,69.00633676162009
31386,-5.876854542236958
31387,-6.526638467040745
31388,-12.529315090038189
31389,-6.8809588765445255
31390,-85.91012407175597
31391,-5.726556007046462
31392,-43.77949716294616
31393,-8.05321585749593
31394,-4.760127057594003
31395,1.1834302646470074
31396,62.57608151587043
31397,-6.577955797741963
31398,36.416652055173
31399,-65.41056820248996
31400,-2.360808227541596
31401,-29.42032504107042
31402,63.07033374694242
31403,-8.945276678632968
31404,-28.88946484327992
31405,-9.308865248792584
31406,-31.61532249006393
31407,-22.67931124081249
31408,69.00633676162009
31409,72.95093199869478
31410,-29.82285416465091
31411,-4.978989448967808
31412,69.08031174875747
31413,-73.27215034431457
31414,56.67640661098209
31415,-36.034488896496
31416,-16.718669548005
31417,-28.547660551063
31418,-79.8176047460706
31419,6.974742918359918
31420,-24.699074480826507
31421,-76.09427798538462
31422,-78.00878307158739
31423,-3.636376545812332
31424,69.82922252768977
31425,37.95157236122901
31426,-13.038538204444013
31427,-28.547660551063
31428,-23.99685808891503
31429,-1.821969716013589
31430,-3.636376545812332
31431,-84.94056231382041
31432,-28.47461591215912
31433,-21.162963446479672
31434,-44.36144716560042
31435,-14.102147424529011
31436,64.22464715304282
31437,-38.05234420372527
31438,70.8692734125001
31439,-7.555971512198472
31440,-70.79887932057508
31441,-77.79491636428368
31442,68.67250574524094
31443,-10.578780670362043
31444,-9.846151498465026
31445,2.298540349188528
31446,38.79023500174229
31447,67.1008224337782
31448,29.91143637103002
31449,1.7396781305899758
31450,-3.156891626101469
31451,-33.26521040464207
31452,65.24899904381735
31453,-3.283955813938228
31454,-25.27477923013928
31455,64.02626440480721
31456,36.0755344903552
31457,30.26304767789725
31458,35.69735320495931
31459,-73.28323960443353
31460,-76.703171900788
31461,43.548627034964646
31462,-63.59762089222953
31463,-59.889374655739005
31464,42.20215407496417
31465,64.88348884760977
31466,-24.211833887958804
31467,-66.00957868487684
31468,64.22464715304282
31469,41.69849103141292
31470,-75.59062733757865
31471,63.07033374694242
31472,2.1576294258086754
31473,64.19028081809103
31474,-9.93577804486236
31475,43.17779598672799
31476,44.19711127338559
31477,-73.40774646834608
31478,-29.51779085833835
31479,40.3160798634359
31480,-76.67181215639226
31481,-35.630147096232015
31482,-73.80907118629146
31483,-61.66745786583782
31484,-1.5066971748292204
31485,-54.38256451001634
31486,-2.4163597133417225
31487,66.53678696446644
31488,-6.275786691438265
31489,37.86629825625975
31490,-52.87779901346448
31491,-85.65567670565709
31492,-7.958220443011454
31493,-65.06766030479714
31494,69.03779629019658
31495,-44.36144716560042
31496,67.77578162834043
31497,-60.121057677694026
31498,64.74526248708055
31499,63.89277284701216
31500,64.24537032639647
31501,-9.046234885759878
31502,-8.306454491866143
31503,-67.7191508713841
31504,-63.36469728449672
31505,42.73453023040808
31506,-76.50165459980913
31507,-28.547660551063
31508,59.8457551247475
31509,-0.5195635175147704
31510,-30.793822748884583
31511,-7.068466345044791
31512,-28.948598940045795
31513,31.75682959027923
31514,73.87790520102698
31515,1.6206544493067554
31516,-71.14743299715228
31517,-80.13772003018735
31518,46.41804666175824
31519,-16.718669548005
31520,-3.636376545812332
31521,-28.47461591215912
31522,-62.28903924839772
31523,-70.17255049851725
31524,-53.78883495134889
31525,67.77578162834043
31526,-8.12078207464978
31527,-64.99223299241777
31528,42.02989237391495
31529,-44.36144716560042
31530,-59.34684108652012
31531,-7.958220443011454
31532,-76.56847936471597
31533,-67.75692594808051
31534,-66.2036289848435
31535,-81.80125005164051
31536,70.28501624960603
31537,42.723554695902266
31538,-87.40450343610313
31539,-26.974644101665323
31540,33.97638802141837
31541,31.11058750868439
31542,-54.19671310949327
31543,32.16071850215441
31544,62.85867700370972
31545,-54.43257792347722
31546,61.5816304491733
31547,-74.54176100760037
31548,-77.30251460814351
31549,-5.202714947304266
31550,-83.45978447605049
31551,-58.75867841698189
31552,-3.632418814898768
31553,62.31362981755496
31554,-36.034488896496
31555,64.26485946126554
31556,-27.5891264168772
31557,-80.62057347414103
31558,40.80322678193362
31559,-61.96066828640335
31560,-65.06766030479714
31561,41.71415988359116
31562,-20.08721195187554
31563,65.95499931317046
31564,42.01244373636173
31565,-59.84500258620256
31566,-74.54176100760037
31567,44.78553859761797
31568,-8.812598326684046
31569,64.9347286147328
31570,-9.66428281428806
31571,-58.6948743697295
31572,64.89044684787392
31573,-3.7388995473329487
31574,-6.854417490003584
31575,-64.30547982789703
31576,64.26485946126554
31577,-9.9176052188697
31578,-63.56002780516729
31579,1.835648635681904
31580,66.18161219820239
31581,61.81737917661943
31582,-0.7305107801730486
31583,-13.705321287609683
31584,-5.481808321733691
31585,-73.27215034431457
31586,31.75682959027923
31587,-79.8176047460706
31588,-35.572627711950695
31589,4.578952882749711
31590,-14.215862898727709
31591,-67.06071342816472
31592,42.90780367529783
31593,-73.20754954735038
31594,-62.962225964572944
31595,72.90773977232382
31596,-20.821965507049605
31597,-8.306454491866143
31598,64.69081305355698
31599,-14.391070399776016
31600,-52.5693547786294
31601,64.2071248859877
31602,-73.80907118629146
31603,-81.91225822606634
31604,-9.407527443152633
31605,-6.040045248465651
31606,-30.90764960369944
31607,-8.164072069696843
31608,42.14311796956356
31609,-16.718669548005
31610,-15.698348233549025
31611,-56.786916892424834
31612,35.866140653625266
31613,-63.72854495731925
31614,34.68504136268167
31615,-85.91012407175597
31616,62.12333701350847
31617,-32.70655055171169
31618,-77.51002224019419
31619,-66.00957868487684
31620,-6.577955797741963
31621,-5.896011880751352
31622,-70.79887932057508
31623,-81.33721062565947
31624,-10.611016402855594
31625,-1.3434868385353642
31626,-79.6848565708256
31627,-34.56723172053903
31628,-30.23103774304602
31629,-79.6848565708256
31630,29.91143637103002
31631,-28.679512439736527
31632,-83.45978447605049
31633,-30.919912581640865
31634,65.46156781885823
31635,40.505417450183145
31636,36.0755344903552
31637,-75.87169353435169
31638,31.75682959027923
31639,39.63743483563183
31640,-6.174753966692725
31641,-77.90840887988946
31642,-5.439403790393101
31643,-29.42032504107042
31644,-27.5891264168772
31645,-30.90764960369944
31646,43.65792136388193
31647,66.99911280144599
31648,-25.629969593881214
31649,-10.317421165694272
31650,-55.70463486307263
31651,68.05505188802893
31652,-83.6079352012807
31653,9.833747510189635
31654,-4.193269175424671
31655,-5.481808321733691
31656,-34.56723172053903
31657,66.65091722602308
31658,-35.021074274633456
31659,-2.2571814371944363
31660,-2.9062438964578376
31661,-0.3775366145129695
31662,-56.71166122991317
31663,-84.89508839540127
31664,73.22677550738949
31665,-58.75867841698189
31666,-2.2571814371944363
31667,-10.923698679604124
31668,-28.9901278992368
31669,32.16071850215441
31670,-33.82799619516611
31671,-22.65073198365978
31672,65.56434298086967
31673,-79.59449379038277
31674,-4.544982474966297
31675,-77.46904558954247
31676,-34.46584170827701
31677,-75.44218912779213
31678,43.17779598672799
31679,-10.211718447477288
31680,-0.9039280449317868
31681,-35.09034369192256
31682,-70.28672255667601
31683,-60.92487003143877
31684,65.0195848479493
31685,63.07033374694242
31686,39.350701119170886
31687,-8.000800668552845
31688,-73.09060616024821
31689,-23.69136565870248
31690,65.06294516140346
31691,-3.496482051490691
31692,-65.40871959695804
31693,-10.183222099556168
31694,-30.23103774304602
31695,2.949496979456608
31696,-78.10029955429695
31697,65.75975325754597
31698,-74.49216640256351
31699,29.91143637103002
31700,-73.28323960443353
31701,-0.3442975510182258
31702,65.24899904381735
31703,67.61701871668876
31704,-29.222069369201627
31705,-11.606906209564947
31706,-73.80907118629146
31707,-55.66892097426628
31708,-2.0219072211196067
31709,-9.93577804486236
31710,65.63290106298574
31711,-6.230207139867881
31712,-11.815619413106903
31713,2.1576294258086754
31714,-64.65132809205713
31715,-32.19309411481172
31716,-11.76338508102923
31717,64.2071248859877
31718,-29.36614997787301
31719,61.554044428555976
31720,40.3160798634359
31721,65.56434298086967
31722,-77.69177174928257
31723,-58.78095632562259
31724,-68.51194647745754
31725,-12.529315090038189
31726,63.68012843930861
31727,-64.67616974166819
31728,-25.194570429087705
31729,-18.236339657055147
31730,-56.71166122991317
31731,-4.686253100728228
31732,-11.634556432090466
31733,-10.70431182282882
31734,-11.0230514106773
31735,-9.425745774803255
31736,-5.45017744335149
31737,33.28405351638759
31738,44.4527206933066
31739,-4.686253100728228
31740,-7.785777869031857
31741,-67.126259926507
31742,7.286327823572143
31743,-9.425745774803255
31744,-9.861892207846466
31745,-3.689360014678393
31746,-27.335377445651595
31747,38.05206713324472
31748,67.55080030033349
31749,-32.70655055171169
31750,-29.917051650030064
31751,-16.718669548005
31752,-61.24755914153588
31753,-6.493342488598639
31754,29.91143637103002
31755,-63.72854495731925
31756,-58.6948743697295
31757,42.37624211720635
31758,-26.967233644316973
31759,-63.72854495731925
31760,-2.2571814371944363
31761,-72.91632020963053
31762,-30.517301613545328
31763,39.62357358360081
31764,36.23028859317607
31765,-16.718669548005
31766,-9.76649209381837
31767,-2.5740991896515624
31768,-63.10851320246642
31769,36.32133990407912
31770,-2.741568740494789
31771,-58.6948743697295
31772,-64.70125865365233
31773,63.00040878920593
31774,41.642849342125295
31775,-26.0132947300333
31776,62.12262252004981
31777,-9.560978053415194
31778,-4.63831767359448
31779,-43.77949716294616
31780,-62.192832418435295
31781,-3.156891626101469
31782,-61.66745786583782
31783,-0.90799977424834
31784,-0.1996007211021387
31785,-29.82285416465091
31786,-70.67785421828121
31787,-24.99028095948113
31788,-23.53988144490302
31789,-56.547061955598274
31790,-26.0132947300333
31791,-29.36614997787301
31792,2.3231579552269155
31793,-64.99223299241777
31794,-3.964993742189053
31795,35.866140653625266
31796,38.77965159483713
31797,-7.216785138741764
31798,64.69081305355698
31799,1.734651596463339
31800,-58.00321425183553
31801,64.89044684787392
31802,-4.116196218498708
31803,62.85867700370972
31804,70.65153724912847
31805,-28.679512439736527
31806,46.971561905297
31807,-7.808907508829586
31808,-2.409745344234558
31809,-64.77848827570955
31810,-5.978961555518813
31811,-8.306454491866143
31812,-20.29894089802369
31813,-3.636376545812332
31814,35.75181837169794
31815,-77.93890996435648
31816,65.594722435214
31817,-58.6948743697295
31818,-5.820273119915296
31819,-28.948598940045795
31820,55.54351708980161
31821,40.505417450183145
31822,-14.102147424529011
31823,-74.46614754682119
31824,34.42639156630854
31825,59.8457551247475
31826,-76.18267972493756
31827,-70.17255049851725
31828,-22.68597273761898
31829,-69.56112857865142
31830,29.91143637103002
31831,-8.876284831296887
31832,39.743067498203
31833,-5.240025268322395
31834,-47.732452152524
31835,-80.94535792292
31836,-9.02804782394164
31837,-13.339489167121467
31838,-25.98201798110795
31839,42.83430693564911
31840,64.61388793613185
31841,-4.686253100728228
31842,-8.366609249451347
31843,-10.578780670362043
31844,-6.130170314537329
31845,38.07621822923777
31846,-26.066802966511013
31847,-34.46584170827701
31848,-23.434773221130555
31849,-24.903998332181665
31850,-68.85629836853916
31851,-25.44055127302024
31852,-72.69658490649772
31853,-24.94656515701532
31854,-9.93577804486236
31855,-23.31801123794648
31856,-14.102147424529011
31857,1.6336650282807552
31858,65.46156781885823
31859,65.56434298086967
31860,-72.8118155631065
31861,-4.303251217128143
31862,-62.18755458321734
31863,-2.045403460635544
31864,-78.09174741496098
31865,-0.2067234244209235
31866,43.37458705116711
31867,-83.6079352012807
31868,-29.73948878900508
31869,66.37275243280692
31870,-27.233812105788463
31871,-21.501969978485995
31872,-9.66428281428806
31873,-66.00957868487684
31874,-29.73948878900508
31875,-58.84103558866679
31876,42.464182052935406
31877,36.88042928454874
31878,37.80356922138283
31879,68.47859257152102
31880,-23.71487084267691
31881,40.505417450183145
31882,-2.756435027712913
31883,-66.96719454500236
31884,-78.38068926379842
31885,-29.70938396361269
31886,-9.96367768045176
31887,-61.075819057875336
31888,-60.8802062667454
31889,-67.35124970881601
31890,-29.435464285920418
31891,-9.046234885759878
31892,-68.51194647745754
31893,34.68504136268167
31894,-30.025547836832985
31895,-4.112889621229555
31896,-24.677798123338803
31897,-9.958393023240038
31898,-1.5521125139801857
31899,-62.57904577306933
31900,2.0390187651613
31901,39.62357358360081
31902,-76.09427798538462
31903,64.11531701014471
31904,29.91143637103002
31905,68.38651840896607
31906,-58.38482510951848
31907,-61.075819057875336
31908,-10.674234878990566
31909,67.66658020265083
31910,-21.073152586178487
31911,-8.395147710042172
31912,64.2071248859877
31913,29.91143637103002
31914,-5.495127446092777
31915,65.75975325754597
31916,70.47325572340118
31917,-29.5390789871112
31918,-89.14168265203496
31919,69.99548106858711
31920,65.56434298086967
31921,-79.8176047460706
31922,-9.93577804486236
31923,-10.952700580464532
31924,-6.130170314537329
31925,70.65351101802281
31926,42.73453023040808
31927,59.8457551247475
31928,-9.9176052188697
31929,36.416652055173
31930,40.42111384711715
31931,36.0755344903552
31932,-9.801588942042454
31933,-83.3661748851216
31934,-63.3153183609481
31935,-9.846151498465026
31936,-77.90840887988946
31937,-34.46584170827701
31938,-59.75111024505449
31939,-62.73692811965572
31940,-5.537800088264908
31941,-32.17766106588521
31942,41.45062570541012
31943,71.8102648721887
31944,-81.91225822606634
31945,-8.541774477735853
31946,39.743067498203
31947,-83.5388323257828
31948,-63.72854495731925
31949,65.08579956291996
31950,61.2288763311918
31951,-77.28995996873357
31952,-85.65567670565709
31953,-58.33156633998524
31954,-28.547660551063
31955,-6.526638467040745
31956,-79.6848565708256
31957,60.082221865341445
31958,-72.60189440483893
31959,-78.70414172325827
31960,-77.51002224019419
31961,65.56434298086967
31962,-13.038538204444013
31963,-71.58596712684597
31964,-72.60189440483893
31965,-64.74293708289163
31966,-28.948598940045795
31967,-81.60524701245566
31968,69.19921616847313
31969,-3.3400409953950234
31970,-7.958220443011454
31971,39.9480192749338
31972,40.80322678193362
31973,-12.009094625752844
31974,-5.219872901750844
31975,37.95157236122901
31976,-14.102147424529011
31977,-74.42498269162601
31978,74.21652538715342
31979,63.21289705539818
31980,-10.70431182282882
31981,60.36456619480283
31982,-0.9482969101249354
31983,-8.12078207464978
31984,39.9480192749338
31985,-28.47461591215912
31986,40.01450989465578
31987,-28.679512439736527
31988,-88.59592740288119
31989,-64.30547982789703
31990,-33.26521040464207
31991,39.9480192749338
31992,53.62483670519798
31993,-33.111451787590184
31994,-76.56847936471597
31995,-35.021074274633456
31996,-39.53176567347775
31997,-84.94056231382041
31998,64.89044684787392
31999,-79.59449379038277
32000,-12.529315090038189
32001,-63.87648545044894
32002,-80.80368489009095
32003,64.89044684787392
32004,-70.15547562567373
32005,-2.222192048753428
32006,-75.0556369435955
32007,64.74526248708055
32008,35.75181837169794
32009,61.5816304491733
32010,-8.367741679038852
32011,-55.85729588016005
32012,-72.35589487563088
32013,-84.65769916159014
32014,63.07033374694242
32015,-29.530014124823527
32016,-54.197323673544645
32017,-9.456661755939548
32018,-79.4110108887712
32019,-9.046234885759878
32020,51.06471969814307
32021,-27.700938547262943
32022,-62.479466647118336
32023,-61.30042981964084
32024,-80.07618014010156
32025,-2.6997230947926054
32026,-76.40491497370222
32027,-9.425745774803255
32028,41.642849342125295
32029,41.93811661724367
32030,61.81737917661943
32031,46.31246885434955
32032,-4.116196218498708
32033,65.86324282120505
32034,-70.15547562567373
32035,64.69081305355698
32036,-8.541774477735853
32037,64.61388793613185
32038,-64.77848827570955
32039,-29.435464285920418
32040,-13.818077834943228
32041,-58.3016160474261
32042,36.56148691974472
32043,-2.6997230947926054
32044,-34.46584170827701
32045,-11.556371577544326
32046,-9.66428281428806
32047,70.7164188197978
32048,-13.412822982976456
32049,-33.111451787590184
32050,-65.40871959695804
32051,41.035678024485954
32052,65.73866338391481
32053,-5.896011880751352
32054,-12.304272699536762
32055,61.39044562225148
32056,-8.541774477735853
32057,-81.9909821457317
32058,64.89044684787392
32059,-34.46584170827701
32060,-81.91225822606634
32061,-6.130170314537329
32062,-74.46614754682119
32063,-11.086687247110346
32064,-79.48066894773132
32065,-9.456661755939548
32066,-61.24755914153588
32067,67.31457159677868
32068,-64.60791079247073
32069,-60.6701571291089
32070,-36.208606158448994
32071,-25.27477923013928
32072,29.91143637103002
32073,-2.44043213603313
32074,-66.2036289848435
32075,33.97638802141837
32076,-68.51194647745754
32077,62.85867700370972
32078,-73.29886674040063
32079,-75.9031593935453
32080,-70.27148684838059
32081,-5.1973297908760525
32082,-9.456661755939548
32083,-10.578780670362043
32084,-72.38115466642529
32085,-55.51366090404135
32086,38.77965159483713
32087,34.48500943393732
32088,-28.798302772625068
32089,-29.611378053015784
32090,-5.720803724350171
32091,-76.10636247101172
32092,40.90806875027736
32093,-31.60406819854084
32094,-9.459403920741606
32095,-13.705321287609683
32096,-82.20821677370719
32097,-79.33846025638597
32098,68.37313654447159
32099,53.9948897963679
32100,68.9083475271326
32101,-6.818841682063199
32102,-5.1973297908760525
32103,-12.827164314073382
32104,66.65091722602308
32105,-58.6948743697295
32106,30.790099350934977
32107,-5.978961555518813
32108,-60.281340333888096
32109,-7.808907508829586
32110,66.5346687887513
32111,-6.854417490003584
32112,-8.173455643575
32113,-7.808907508829586
32114,42.15353579764219
32115,-28.29708400446266
32116,-78.00878307158739
32117,65.73866338391481
32118,-8.508391561479085
32119,41.00240108323537
32120,-5.222968554567735
32121,-2.4227135678301304
32122,-79.6848565708256
32123,-63.3153183609481
32124,-77.28995996873357
32125,-59.46120613942034
32126,58.07430656276619
32127,43.56728031096223
32128,-78.00878307158739
32129,65.594722435214
32130,-80.84643855229137
32131,-29.766923981767704
32132,-6.230207139867881
32133,-60.27005239556637
32134,-67.126259926507
32135,-77.90840887988946
32136,-68.51194647745754
32137,-56.475941109760015
32138,-2.718811021096837
32139,-5.1973297908760525
32140,62.20912998316777
32141,-7.333798175324987
32142,-8.841289714592131
32143,-65.40871959695804
32144,66.65091722602308
32145,36.56148691974472
32146,-5.820273119915296
32147,-83.3661748851216
32148,63.12935764642469
32149,4.059639401324607
32150,-54.80386829368655
32151,65.90069531448137
32152,70.28501624960603
32153,-76.42628077929001
32154,-75.97816191595261
32155,38.266078653524175
32156,-8.99886351647438
32157,-78.70414172325827
32158,-78.13878129980942
32159,-75.85220170844158
32160,-83.6079352012807
32161,-2.074759167457211
32162,-7.958220443011454
32163,-9.66428281428806
32164,-79.75330428881254
32165,-79.8176047460706
32166,-4.452180371161312
32167,-56.01536062054064
32168,-6.493342488598639
32169,-6.410438944763321
32170,-28.14840678087474
32171,-38.05234420372527
32172,-9.503009567564408
32173,-29.08995001033084
32174,-2.5740991896515624
32175,-67.7191508713841
32176,36.32133990407912
32177,-4.116196218498708
32178,-81.32628800212841
32179,-4.387695677461775
32180,-80.62057347414103
32181,-77.69177174928257
32182,-58.78095632562259
32183,-59.34684108652012
32184,-60.27005239556637
32185,-63.92715615336844
32186,46.70887947884318
32187,-7.497605040364964
32188,-63.59762089222953
32189,-28.948598940045795
32190,-8.876284831296887
32191,-76.20812517099262
32192,-24.797867936082497
32193,-6.854417490003584
32194,-9.063025974429328
32195,-8.508391561479085
32196,64.9989194013233
32197,-6.267059867390852
32198,-66.2036289848435
32199,-6.410438944763321
32200,-83.6079352012807
32201,67.75547380247143
32202,-0.3871289904464703
32203,59.54571800327728
32204,-8.05321585749593
32205,39.69594278341359
32206,59.54571800327728
32207,44.83383775082535
32208,-35.630147096232015
32209,-12.009094625752844
32210,2.47513661365904
32211,-68.51194647745754
32212,70.09821959768345
32213,29.43540176326276
32214,32.88962692316385
32215,69.14751515812672
32216,38.05206713324472
32217,-7.305047284082532
32218,-83.45978447605049
32219,65.08579956291996
32220,73.37347145731773
32221,-59.006010926104544
32222,-11.815619413106903
32223,35.75181837169794
32224,41.02785121897615
32225,71.61704378139709
32226,-61.3527493685416
32227,-5.018225801267682
32228,-56.786916892424834
32229,-29.917051650030064
32230,-58.6665172951573
32231,-6.040045248465651
32232,-8.366609249451347
32233,-7.305047284082532
32234,-34.56723172053903
32235,-9.801588942042454
32236,40.505417450183145
32237,-12.625070836480418
32238,-24.94656515701532
32239,-78.79190885256533
32240,-67.42651854761723
32241,40.90806875027736
32242,38.02435865834917
32243,64.61388793613185
32244,-58.15341786728316
32245,-28.99123408925508
32246,56.28314050715595
32247,-78.09174741496098
32248,-9.543622649913372
32249,-2.3100672430022056
32250,64.89044684787392
32251,-4.112889621229555
32252,-34.46584170827701
32253,43.37458705116711
32254,66.97723929083628
32255,-29.530014124823527
32256,61.578779658178654
32257,-5.215045470073312
32258,-63.72854495731925
32259,66.18922012259434
32260,42.89784134910025
32261,61.39044562225148
32262,-62.962225964572944
32263,-5.643085642013803
32264,65.68986142774217
32265,-63.72854495731925
32266,-56.39031738271485
32267,63.21289705539818
32268,65.73866338391481
32269,-9.846151498465026
32270,62.82593887002127
32271,70.90449047020049
32272,-6.079598541581644
32273,-9.503009567564408
32274,-17.12734052260688
32275,-85.91012407175597
32276,-4.303251217128143
32277,-36.034488896496
32278,-73.06209589971496
32279,-9.459403920741606
32280,-62.31502233265222
32281,62.50259640531224
32282,-76.08068489438989
32283,-76.85721233891213
32284,62.50259640531224
32285,-79.8176047460706
32286,-68.55839179393134
32287,-27.956519694274785
32288,-4.693906261818897
32289,-75.82948103398786
32290,68.39645191284502
32291,64.9347286147328
32292,66.18161219820239
32293,45.01519830754198
32294,45.77019264110706
32295,-67.35124970881601
32296,-93.7620819430302
32297,69.54695518437921
32298,62.50259640531224
32299,62.5105371233699
32300,-22.097478375761547
32301,-1.3663636571145754
32302,-31.452818494084745
32303,68.51816310080997
32304,-63.72854495731925
32305,-25.472631299784865
32306,-29.222069369201627
32307,-13.250248339931112
32308,-77.90840887988946
32309,-9.658890984272528
32310,-5.272400184518512
32311,30.26304767789725
32312,64.96743106416187
32313,43.56728031096223
32314,34.455239703332886
32315,-2.943506010880339
32316,-9.543622649913372
32317,63.11874289646549
32318,-21.162963446479672
32319,34.73171401118705
32320,-8.99886351647438
32321,4.63499493324665
32322,1.4783026464296611
32323,46.72908042295637
32324,-59.60279549791949
32325,-9.958393023240038
32326,42.83430693564911
32327,35.23434586503096
32328,-70.27148684838059
32329,-4.094636976176522
32330,0.8197784577461418
32331,-77.28995996873357
32332,-9.02804782394164
32333,-10.611016402855594
32334,-67.126259926507
32335,-70.27148684838059
32336,-2.5740991896515624
32337,-30.793822748884583
32338,-2.2922946008535376
32339,61.5816304491733
32340,39.85369528076178
32341,-6.567280105927559
32342,-78.60012215967582
32343,-58.15341786728316
32344,-55.063653471624015
32345,-4.911566551660899
32346,-81.91225822606634
32347,-29.611378053015784
32348,-3.552282757648776
32349,-8.173455643575
32350,35.75181837169794
32351,-8.173455643575
32352,-63.10851320246642
32353,7.331998464525535
32354,-1.821969716013589
32355,-29.36614997787301
32356,65.06294516140346
32357,-27.290130384323568
32358,-14.175599831388944
32359,-26.78881132847094
32360,-34.56723172053903
32361,29.43540176326276
32362,-76.42628077929001
32363,29.91143637103002
32364,-64.99223299241777
32365,64.69081305355698
32366,-56.475941109760015
32367,-10.952700580464532
32368,-78.43725339952626
32369,-9.958393023240038
32370,68.1347312731347
32371,-76.20812517099262
32372,34.455239703332886
32373,-76.20812517099262
32374,-31.452818494084745
32375,-26.20600943934137
32376,-78.72510072395052
32377,38.07621822923777
32378,-9.584903441464787
32379,-6.410438944763321
32380,-64.77848827570955
32381,-63.3153183609481
32382,64.61388793613185
32383,-28.798302772625068
32384,-63.3153183609481
32385,33.28405351638759
32386,-9.543622649913372
32387,-24.940777667812444
32388,-69.3831959660814
32389,67.66658020265083
32390,-11.192498875280704
32391,-62.47265923423056
32392,-82.79121084872199
32393,-63.92715615336844
32394,-62.28267959150036
32395,68.42521721894165
32396,-56.71166122991317
32397,-25.44055127302024
32398,47.77963382121543
32399,70.30875843661558
32400,-58.34966937683586
32401,-61.24755914153588
32402,-10.94342788321962
32403,-2.4227135678301304
32404,-77.68104381454572
32405,-88.7126234409147
32406,-5.697715028274436
32407,-62.73692811965572
32408,-29.222069369201627
32409,-61.37037109168763
32410,-67.35124970881601
32411,-59.34684108652012
32412,-24.058669207848908
32413,-12.009094625752844
32414,-2.074759167457211
32415,-29.5390789871112
32416,-67.126259926507
32417,43.37458705116711
32418,-5.439403790393101
32419,58.07430656276619
32420,-9.76649209381837
32421,-11.0230514106773
32422,40.19709001829813
32423,41.17898252174857
32424,66.18161219820239
32425,64.61388793613185
32426,62.12333701350847
32427,-1.2941316312378293
32428,-11.086687247110346
32429,-2.9055843959285506
32430,35.497305669408505
32431,-88.59592740288119
32432,-13.818077834943228
32433,-65.40871959695804
32434,-64.88214242396688
32435,-4.600120286629732
32436,35.75181837169794
32437,-10.97970247107238
32438,66.68441138913504
32439,59.54571800327728
32440,-35.09034369192256
32441,-14.175599831388944
32442,67.66658020265083
32443,-68.44064695302109
32444,-12.009094625752844
32445,-26.17260312164252
32446,-75.62294684112344
32447,42.464182052935406
32448,41.02785121897615
32449,-62.05466750391572
32450,43.998923322486704
32451,-13.412822982976456
32452,-35.630147096232015
32453,-30.916507177081
32454,-1.5365681161741582
32455,-35.021074274633456
32456,-79.6139728204349
32457,-11.556371577544326
32458,-76.20812517099262
32459,-81.91225822606634
32460,38.66168991403769
32461,-1.821969716013589
32462,-56.37275346292388
32463,-56.765027545723306
32464,42.15353579764219
32465,-59.08568741962286
32466,42.579961416584325
32467,-25.98201798110795
32468,62.79133364244564
32469,-54.67724348583573
32470,72.85476987739278
32471,35.866140653625266
32472,-30.90764960369944
32473,-0.2280744822497098
32474,42.713469895080586
32475,-66.2036289848435
32476,40.23736919258201
32477,-13.818077834943228
32478,-31.61532249006393
32479,58.07430656276619
32480,-74.42498269162601
32481,-32.70655055171169
32482,36.32133990407912
32483,35.23434586503096
32484,-63.92715615336844
32485,37.97785754879048
32486,-64.60791079247073
32487,64.89044684787392
32488,-68.51194647745754
32489,-83.45978447605049
32490,-58.78095632562259
32491,-27.43773543782902
32492,-9.459403920741606
32493,-6.044343397597141
32494,-5.726556007046462
32495,-79.8176047460706
32496,-78.1020339524991
32497,-77.64223987441679
32498,-87.90696272223092
32499,39.63743483563183
32500,-5.222968554567735
32501,-9.407527443152633
32502,-30.793822748884583
32503,-14.102147424529011
32504,-82.20821677370719
32505,2.2042146138698584
32506,-10.97970247107238
32507,0.8453942891601978
32508,64.96743106416187
32509,-84.89508839540127
32510,44.767855189870176
32511,-3.61625406864896
32512,67.93023496550468
32513,-73.80907118629146
32514,1.7243678055886311
32515,-3.739336821754909
32516,-3.2862139082487967
32517,-8.508391561479085
32518,-33.26521040464207
32519,-4.116196218498708
32520,-81.80125005164051
32521,-70.27148684838059
32522,-73.06209589971496
32523,-5.185684116467073
32524,-52.814472018323166
32525,-66.96719454500236
32526,59.86132362042302
32527,62.78896353174852
32528,-29.298637045239783
32529,-28.948598940045795
32530,43.3441376830001
32531,-2.5740991896515624
32532,-54.67724348583573
32533,-69.37830585160175
32534,36.32133990407912
32535,-61.519743343902384
32536,66.48498392699896
32537,53.9948897963679
32538,65.594722435214
32539,-26.28915089893376
32540,61.5816304491733
32541,-33.26521040464207
32542,0.8197784577461418
32543,44.19711127338559
32544,79.2243615842917
32545,-88.59592740288119
32546,-84.94056231382041
32547,-66.18427275177221
32548,43.17779598672799
32549,-10.00984296942132
32550,38.27040676606077
32551,34.49758738982702
32552,-61.30042981964084
32553,62.20912998316777
32554,-29.766923981767704
32555,34.753792790425805
32556,39.62014325746722
32557,36.56148691974472
32558,-4.287437490583966
32559,-12.304272699536762
32560,-56.37275346292388
32561,-27.335377445651595
32562,-26.78881132847094
32563,-8.051865615051456
32564,34.230204041254325
32565,-36.208606158448994
32566,-2.5740991896515624
32567,-66.2036289848435
32568,36.32133990407912
32569,-61.00587443114739
32570,36.32133990407912
32571,-5.1973297908760525
32572,-6.981905463864391
32573,-14.102147424529011
32574,-26.158171944946243
32575,-57.38996020377705
32576,-23.038940632832684
32577,-13.412822982976456
32578,61.39044562225148
32579,-7.869698434304458
32580,-73.52427386459307
32581,-3.2862139082487967
32582,-6.2137748281570495
32583,-60.81517022713007
32584,-25.9348795200993
32585,-80.80368489009095
32586,-1.0096908234575852
32587,-8.508391561479085
32588,-21.362679511470887
32589,-8.164744583144298
32590,-69.3831959660814
32591,-33.49954327146488
32592,-82.79121084872199
32593,-75.67681919025794
32594,-60.281340333888096
32595,-74.46614754682119
32596,-72.95368583087772
32597,40.48827038881176
32598,-14.391070399776016
32599,-16.99090825389322
32600,-6.526638467040745
32601,-2.785404698793412
32602,50.10017722915366
32603,56.20762341497522
32604,63.00040878920593
32605,-23.99685808891503
32606,73.74890237346033
32607,-70.15547562567373
32608,-32.225864237563314
32609,-29.363021281841824
32610,-15.263734002295951
32611,-3.156891626101469
32612,-62.47265923423056
32613,64.61388793613185
32614,65.73866338391481
32615,65.63290106298574
32616,-26.80215584783842
32617,42.06322010610597
32618,68.13036896679131
32619,4.646665439062096
32620,31.75682959027923
32621,-79.4110108887712
32622,-79.03246211362388
32623,-11.606906209564947
32624,67.76338125716873
32625,-3.067670004455959
32626,-14.175599831388944
32627,-60.70203658252612
32628,40.505417450183145
32629,-65.57667986115817
32630,-78.70414172325827
32631,-67.997667904421
32632,-30.703982787388853
32633,-57.83836599791846
32634,-25.096020854413343
32635,-16.604881913405475
32636,-27.956519694274785
32637,-54.07985207678607
32638,-62.210954080210186
32639,-85.65567670565709
32640,-32.080905264740856
32641,-27.47204083001599
32642,39.42949955630152
32643,-69.50942410204333
32644,34.455239703332886
32645,-9.425745774803255
32646,-24.699074480826507
32647,66.5346687887513
32648,65.08579956291996
32649,-27.045538893680977
32650,-67.06071342816472
32651,41.0064395291802
32652,-1.2999560417248928
32653,32.60399647903568
32654,-11.606906209564947
32655,-77.90840887988946
32656,-78.70414172325827
32657,43.548627034964646
32658,-85.65567670565709
32659,-8.65457570430054
32660,-31.61532249006393
32661,34.753792790425805
32662,-79.6139728204349
32663,-26.20600943934137
32664,-27.155880587094654
32665,-13.818077834943228
32666,-7.555971512198472
32667,-9.425745774803255
32668,35.23434586503096
32669,66.48498392699896
32670,-3.116609598057317
32671,-5.230167943013766
32672,-13.038538204444013
32673,-61.37037109168763
32674,64.69081305355698
32675,-11.815619413106903
32676,69.74999651440271
32677,35.23434586503096
32678,0.5869094562036166
32679,64.69081305355698
32680,-63.10851320246642
32681,-5.495127446092777
32682,44.19711127338559
32683,67.31457159677868
32684,-83.46780799549097
32685,38.147857103245286
32686,-77.93890996435648
32687,36.32133990407912
32688,1.888249586630412
32689,0.6228832352442848
32690,68.05505188802893
32691,-70.15547562567373
32692,31.75682959027923
32693,40.89028845601962
32694,-39.53176567347775
32695,35.75181837169794
32696,62.23531823724592
32697,73.11826317645425
32698,32.60399647903568
32699,62.5105371233699
32700,-1.3363450428857833
32701,-61.00587443114739
32702,-14.55433690103919
32703,45.37652108001241
32704,-61.075819057875336
32705,67.38641144626867
32706,-9.046234885759878
32707,-26.20600943934137
32708,30.26304767789725
32709,-80.80368489009095
32710,34.455239703332886
32711,-32.225864237563314
32712,-61.075819057875336
32713,56.20762341497522
32714,71.31999805408586
32715,-24.432974440582026
32716,-55.40409310528249
32717,-14.175599831388944
32718,-14.102147424529011
32719,-4.172357234540267
32720,-39.53176567347775
32721,-0.7305107801730486
32722,-74.74088894720306
32723,-26.110294047866688
32724,-65.40871959695804
32725,-27.956519694274785
32726,-5.820273119915296
32727,-7.1479573623786825
32728,-12.365338760678076
32729,-63.72854495731925
32730,-26.966026288723164
32731,-8.54017953238349
32732,-10.70431182282882
32733,-22.118856101212213
32734,-2.0959318830699205
32735,-30.919912581640865
32736,-9.425745774803255
32737,-26.0132947300333
32738,-16.3827053300977
32739,-63.56002780516729
32740,-77.11466835975261
32741,-21.889971062956427
32742,-73.27215034431457
32743,-64.88214242396688
32744,-11.76338508102923
32745,2.47513661365904
32746,41.0064395291802
32747,59.8457551247475
32748,-62.47265923423056
32749,38.07621822923777
32750,65.08579956291996
32751,-5.523764829903275
32752,-34.576971322469696
32753,-64.77848827570955
32754,-87.40450343610313
32755,-85.65567670565709
32756,-8.99886351647438
32757,40.00178446717153
32758,-32.19309411481172
32759,39.42949955630152
32760,-4.978989448967808
32761,38.05206713324472
32762,-78.13878129980942
32763,42.464182052935406
32764,41.39043417625974
32765,-2.1889543510485208
32766,-7.439660031084001
32767,74.41615415228175
32768,-14.391070399776016
32769,-12.724267173149316
32770,-64.88214242396688
32771,-83.6079352012807
32772,-61.00587443114739
32773,-2.3100672430022056
32774,-57.76961011581337
32775,-9.846151498465026
32776,59.8457551247475
32777,-11.815619413106903
32778,-9.456661755939548
32779,-12.625070836480418
32780,-4.452180371161312
32781,-64.30547982789703
32782,-14.175599831388944
32783,-9.93577804486236
32784,-64.70125865365233
32785,46.37408362099521
32786,-8.116988747902552
32787,-81.60524701245566
32788,67.54505591401289
32789,-81.70712813873696
32790,-62.73692811965572
32791,-7.924201235762377
32792,-77.87821951363114
32793,-82.20821677370719
32794,-3.3400409953950234
32795,-10.611016402855594
32796,-2.3100672430022056
32797,-23.038940632832684
32798,-65.180330767683
32799,-62.31502233265222
32800,-61.809985971734186
32801,36.25220088251974
32802,-10.654726877564237
32803,-8.12078207464978
32804,-34.26099349776129
32805,59.54571800327728
32806,35.6865955443908
32807,-28.679512439736527
32808,-5.726556007046462
32809,-4.71010389444632
32810,67.1858282538723
32811,40.90640844295851
32812,35.497305669408505
32813,62.50259640531224
32814,-4.760127057594003
32815,37.97785754879048
32816,-32.225864237563314
32817,60.75334654585106
32818,-0.8873851538402784
32819,-11.086687247110346
32820,-16.718669548005
32821,-74.42498269162601
32822,-6.286569785650102
32823,59.54571800327728
32824,-25.750127075254813
32825,-83.3661748851216
32826,0.9433709075150912
32827,-83.44530854421795
32828,-73.65757806178982
32829,-62.73692811965572
32830,-63.3153183609481
32831,-68.45781690802673
32832,-62.30197215089
32833,40.95028344841267
32834,-62.28842765771415
32835,-63.56002780516729
32836,-62.31502233265222
32837,-64.65132809205713
32838,-77.72950209707444
32839,36.94387326161974
32840,-72.743597817093
32841,58.62090265347541
32842,-17.12734052260688
32843,-8.133959425695327
32844,-0.5294012919880675
32845,62.50259640531224
32846,62.5105371233699
32847,63.12935764642469
32848,69.74999651440271
32849,-56.060462478743474
32850,-13.250248339931112
32851,-11.815619413106903
32852,70.12873032978851
32853,38.391617038607066
32854,36.88042928454874
32855,-78.43725339952626
32856,38.07621822923777
32857,-81.60524701245566
32858,-26.747003321545904
32859,-75.04296358989934
32860,-77.11466835975261
32861,0.8197784577461418
32862,-57.61446389237197
32863,-73.5896268508445
32864,33.28405351638759
32865,-8.368465748594115
32866,1.3321486446695872
32867,-78.05596687369108
32868,-6.982179273270923
32869,37.6322047231527
32870,-10.578780670362043
32871,-4.665272769901257
32872,29.43540176326276
32873,-9.407527443152633
32874,-64.99223299241777
32875,-24.97772704920876
32876,69.56967996639445
32877,-87.90696272223092
32878,-24.72763599009057
32879,40.90640844295851
32880,-2.44043213603313
32881,-35.021074274633456
32882,-13.371039052331298
32883,-27.53328145847476
32884,-15.698348233549025
32885,-9.76649209381837
32886,43.91840607316525
32887,-0.2280744822497098
32888,-10.97970247107238
32889,-2.222192048753428
32890,-6.818841682063199
32891,-3.348624083007929
32892,-1.67960069147356
32893,-64.65132809205713
32894,-67.71637246110706
32895,-52.54470113300271
32896,42.73453023040808
32897,-28.948598940045795
32898,0.8197784577461418
32899,-57.79770490234144
32900,69.00633676162009
32901,-81.46937380579051
32902,-1.821969716013589
32903,-81.59496992054738
32904,69.0997486901002
32905,-9.96367768045176
32906,-3.739336821754909
32907,-7.305047284082532
32908,-68.51194647745754
32909,63.15476542808134
32910,-10.670076927115948
32911,-59.104108841362105
32912,-68.427149493765
32913,69.53927859097466
32914,-6.636642786843058
32915,-25.48832116019004
32916,-0.2280744822497098
32917,-7.305047284082532
32918,-75.97816191595261
32919,-81.46937380579051
32920,-14.102147424529011
32921,-8.32727257843524
32922,-58.33156633998524
32923,58.07430656276619
32924,-21.501969978485995
32925,-5.523764829903275
32926,-28.307472291973177
32927,-77.90840887988946
32928,-8.05321585749593
32929,-10.674234878990566
32930,-11.606906209564947
32931,53.9948897963679
32932,0.3533350813035567
32933,34.48500943393732
32934,-7.869698434304458
32935,-70.15547562567373
32936,0.6228832352442848
32937,46.11915693968847
32938,41.08700246057286
32939,32.60399647903568
32940,35.866140653625266
32941,-16.604881913405475
32942,-15.263734002295951
32943,-67.126259926507
32944,42.20215407496417
32945,36.56148691974472
32946,65.594722435214
32947,35.1469473043697
32948,-58.3016160474261
32949,-85.94183871293177
32950,-34.985114288167885
32951,-8.133959425695327
32952,-5.481808321733691
32953,73.39026178662114
32954,-77.72950209707444
32955,39.743067498203
32956,-11.815619413106903
32957,65.06294516140346
32958,-16.99090825389322
32959,-66.00957868487684
32960,-82.5377477372015
32961,-52.5725648415542
32962,-24.70215603498153
32963,-0.6063470274762857
32964,64.4332690296973
32965,34.230204041254325
32966,-77.65237611339114
32967,-8.051865615051456
32968,-9.503009567564408
32969,-81.33721062565947
32970,-3.61625406864896
32971,-3.2862139082487967
32972,-34.576971322469696
32973,-72.35589487563088
32974,66.68441138913504
32975,-2.9788188830250286
32976,-27.236732694182614
32977,-11.815619413106903
32978,-6.388846857686595
32979,72.08906010107135
32980,-5.896011880751352
32981,38.05206713324472
32982,-7.169158786604625
32983,33.66185301273812
32984,40.00178446717153
32985,-77.87821951363114
32986,-25.939242471410687
32987,-64.65132809205713
32988,37.95157236122901
32989,37.95157236122901
32990,-29.530014124823527
32991,-44.49495052832977
32992,-80.07618014010156
32993,-9.958393023240038
32994,-7.1614311962477135
32995,-85.94183871293177
32996,-22.81035889968072
32997,-16.640993528170313
32998,-38.05234420372527
32999,-8.12078207464978
33000,-10.578780670362043
33001,34.49758738982702
33002,-4.287437490583966
33003,-39.23075382058258
33004,-6.577955797741963
33005,-9.456661755939548
33006,68.38651840896607
33007,-68.51194647745754
33008,60.32829557559617
33009,-3.496482051490691
33010,-13.50839074974756
33011,47.77963382121543
33012,59.54571800327728
33013,70.95020111321419
33014,-62.73692811965572
33015,62.93589234162946
33016,-31.452818494084745
33017,0.6490569064217131
33018,-59.34684108652012
33019,-8.54017953238349
33020,38.77965159483713
33021,68.05505188802893
33022,-77.40097620650758
33023,-29.530014124823527
33024,-0.0757240956444309
33025,63.11828916713415
33026,41.58609086757909
33027,63.15476542808134
33028,-13.412822982976456
33029,-62.31502233265222
33030,-16.604881913405475
33031,-81.80125005164051
33032,-0.5195635175147704
33033,-75.67681919025794
33034,-2.77678218616958
33035,40.90806875027736
33036,-14.391070399776016
33037,-9.697244915229208
33038,39.85369528076178
33039,-58.84103558866679
33040,-58.60864217108337
33041,31.75682959027923
33042,-11.311705457182232
33043,-63.10851320246642
33044,-28.298629345769506
33045,-29.70938396361269
33046,-15.225021187858
33047,38.66168991403769
33048,-61.26505777578271
33049,-83.5637030127045
33050,-5.495127446092777
33051,-63.72854495731925
33052,-56.58488792099448
33053,67.76338125716873
33054,41.02785121897615
33055,41.70377331654677
33056,-64.65132809205713
33057,1.2028666172111244
33058,42.83430693564911
33059,-29.5390789871112
33060,-6.044343397597141
33061,-25.33997242223217
33062,-9.830981083376743
33063,-55.60627952858354
33064,-77.01319904075694
33065,-8.116988747902552
33066,37.832981463877424
33067,-54.67724348583573
33068,-72.34928029176729
33069,-80.35827212278485
33070,45.42328982956274
33071,-34.26099349776129
33072,-0.0727955914744167
33073,-5.102213010288406
33074,-15.698348233549025
33075,-64.30547982789703
33076,29.43540176326276
33077,50.33571903554489
33078,-11.606906209564947
33079,-59.006010926104544
33080,-39.53176567347775
33081,-27.154710298035067
33082,-13.50839074974756
33083,29.43540176326276
33084,-8.173455643575
33085,-8.051865615051456
33086,67.09533610591834
33087,37.6322047231527
33088,41.08700246057286
33089,-52.54470113300271
33090,-88.59592740288119
33091,-0.1992581579903465
33092,-76.56847936471597
33093,31.75682959027923
33094,30.050839404462703
33095,38.266078653524175
33096,40.34519213600242
33097,-61.38257686707007
33098,66.5346687887513
33099,-61.24755914153588
33100,-16.604881913405475
33101,-27.290130384323568
33102,-10.670076927115948
33103,-60.85642864282889
33104,38.87103833322985
33105,-29.435464285920418
33106,-60.783364464021226
33107,-58.26785957550576
33108,31.339915557372667
33109,-7.676343445764495
33110,-61.35494146679255
33111,-82.45255217312979
33112,-77.82016394259695
33113,-13.250248339931112
33114,-61.35494146679255
33115,-8.051865615051456
33116,-64.88214242396688
33117,-66.2036289848435
33118,67.60743076141131
33119,-81.70712813873696
33120,71.10833038979982
33121,-76.8147402567408
33122,-81.69767785344253
33123,67.76338125716873
33124,-5.439403790393101
33125,34.455239703332886
33126,-70.15547562567373
33127,66.5354391063142
33128,1.3575357500954532
33129,-8.289307996286547
33130,67.31457159677868
33131,-79.07318834962241
33132,66.13339782979676
33133,-20.406278363277263
33134,-13.412822982976456
33135,-84.65769916159014
33136,-60.783364464021226
33137,65.82902179975498
33138,-7.439660031084001
33139,40.90806875027736
33140,-3.2862139082487967
33141,67.1858282538723
33142,-7.676343445764495
33143,-9.697244915229208
33144,39.09760529654858
33145,-5.312593155774066
33146,-9.061789472399294
33147,-82.61128123787016
33148,-11.76338508102923
33149,-77.91624213759422
33150,-78.43725339952626
33151,-56.08432932926903
33152,-25.750127075254813
33153,-29.766923981767704
33154,-34.576971322469696
33155,-9.407527443152633
33156,-2.5740991896515624
33157,-24.058669207848908
33158,-33.49954327146488
33159,-4.71010389444632
33160,-1.67960069147356
33161,63.89277284701216
33162,38.05206713324472
33163,67.31457159677868
33164,38.916785971346776
33165,64.67325060372272
33166,41.71415988359116
33167,-7.671730294068498
33168,-3.398736976039848
33169,73.39160521464706
33170,-24.46395210571112
33171,-62.962225964572944
33172,34.48500943393732
33173,41.0064395291802
33174,-81.32628800212841
33175,41.71415988359116
33176,-29.88945412032293
33177,-84.0589849573023
33178,-39.53176567347775
33179,-23.53763831834935
33180,30.26304767789725
33181,-77.28995996873357
33182,30.790099350934977
33183,63.67273444452013
33184,69.07203863798333
33185,63.00040878920593
33186,1.598038576335655
33187,39.36123003863611
33188,-10.183222099556168
33189,-75.4218089153481
33190,-10.611016402855594
33191,-4.63831767359448
33192,-80.80368489009095
33193,36.56148691974472
33194,-9.584903441464787
33195,-66.2036289848435
33196,-7.1614311962477135
33197,66.13339782979676
33198,-11.556371577544326
33199,60.12802870747568
33200,62.50259640531224
33201,-9.846151498465026
33202,-32.04772762724403
33203,-10.489835387356608
33204,-7.671730294068498
33205,-8.395147710042172
33206,67.61701871668876
33207,-62.05466750391572
33208,-12.625070836480418
33209,4.4304954280019135
33210,39.743067498203
33211,-39.53176567347775
33212,44.13187398176146
33213,-16.640993528170313
33214,-69.3831959660814
33215,-77.46904558954247
33216,-7.869698434304458
33217,-28.298629345769506
33218,-63.3153183609481
33219,34.49758738982702
33220,37.95157236122901
33221,39.42949955630152
33222,38.07621822923777
33223,-9.553368735833786
33224,62.5105371233699
33225,-10.674234878990566
33226,-68.51194647745754
33227,-56.08432932926903
33228,-65.57667986115817
33229,-57.09360406069496
33230,-16.640993528170313
33231,59.762475258497
33232,-67.35124970881601
33233,-61.075819057875336
33234,38.07621822923777
33235,-18.33638316591521
33236,69.53927859097466
33237,59.54571800327728
33238,-0.8873851538402784
33239,-9.39348947903312
33240,-58.63321787185505
33241,42.86068226324422
33242,-9.958393023240038
33243,-33.49954327146488
33244,4.390484322124968
33245,37.832981463877424
33246,-10.578780670362043
33247,-12.625070836480418
33248,67.76338125716873
33249,63.75928266751461
33250,-57.79770490234144
33251,-28.547660551063
33252,-13.50839074974756
33253,-65.06766030479714
33254,-70.15547562567373
33255,56.20762341497522
33256,-16.604881913405475
33257,-25.056944186509867
33258,-7.869698434304458
33259,38.17336781758149
33260,-75.12161805151703
33261,-65.98787143845593
33262,43.91840607316525
33263,-64.69868609294193
33264,-62.57904577306933
33265,-59.454589671725486
33266,60.12802870747568
33267,60.75334654585106
33268,-71.98514156829634
33269,-38.05234420372527
33270,-62.38722717323903
33271,-10.489835387356608
33272,65.90069531448137
33273,-83.55105877422727
33274,39.09004346082152
33275,65.68986142774217
33276,67.57112336262101
33277,32.88962692316385
33278,-77.28995996873357
33279,37.85501232436193
33280,35.866140653625266
33281,61.41375730897302
33282,30.790099350934977
33283,-78.33533918497741
33284,-61.809985971734186
33285,3.772383713511355
33286,-5.272400184518512
33287,-73.75695700191352
33288,-5.0312689606550425
33289,-37.29529565264304
33290,39.42949955630152
33291,-2.4163597133417225
33292,-10.674234878990566
33293,-4.387695677461775
33294,-2.9252846124169407
33295,-9.76649209381837
33296,-12.304272699536762
33297,36.23428986327433
33298,-31.586580892932417
33299,67.32939071996526
33300,-24.74718696985104
33301,-0.998656711886615
33302,-63.845777473438126
33303,-71.94414649170577
33304,68.89720889158492
33305,-88.59592740288119
33306,-62.58149657015488
33307,44.69834455076037
33308,-9.801588942042454
33309,-33.26521040464207
33310,-9.39348947903312
33311,67.54505591401289
33312,-29.766923981767704
33313,-5.215045470073312
33314,-4.097642593625132
33315,-10.578780670362043
33316,-57.09360406069496
33317,38.77965159483713
33318,-17.892126866860274
33319,38.87103833322985
33320,65.82902179975498
33321,-26.5645241661983
33322,34.48500943393732
33323,-15.698348233549025
33324,-72.60189440483893
33325,-76.41204056633286
33326,-12.625070836480418
33327,67.1858282538723
33328,-62.31502233265222
33329,-75.04296358989934
33330,-74.74088894720306
33331,-68.51194647745754
33332,58.07430656276619
33333,-33.11223177752798
33334,45.01949657960077
33335,-9.456661755939548
33336,-8.000800668552845
33337,-69.77311240154324
33338,-25.33997242223217
33339,-7.924201235762377
33340,-4.172357234540267
33341,-58.687515862982856
33342,-61.26505777578271
33343,-28.14840678087474
33344,-27.236732694182614
33345,-55.87098479252736
33346,62.5105371233699
33347,-9.39348947903312
33348,60.12802870747568
33349,-34.26099349776129
33350,-31.452818494084745
33351,45.278949693514704
33352,-9.958393023240038
33353,66.5346687887513
33354,-35.09034369192256
33355,-66.18427275177221
33356,-20.72060823593401
33357,-63.73255870089906
33358,62.82593887002127
33359,-24.85836965427039
33360,66.13339782979676
33361,-13.038538204444013
33362,-24.058669207848908
33363,29.43540176326276
33364,34.48500943393732
33365,71.46086006595294
33366,62.82593887002127
33367,-52.87779901346448
33368,-72.38115466642529
33369,-2.8242278894113664
33370,-34.576971322469696
33371,-16.99090825389322
33372,-67.126259926507
33373,-60.783364464021226
33374,38.391617038607066
33375,-0.0727955914744167
33376,39.05617866090599
33377,-62.05466750391572
33378,-88.59592740288119
33379,-63.3153183609481
33380,2.081324218572857
33381,-57.23697193090269
33382,-43.096850703167576
33383,-58.42497694604098
33384,63.484138183987845
33385,4.390484322124968
33386,-10.317421165694272
33387,-55.063653471624015
33388,-3.552282757648776
33389,-61.37037109168763
33390,-62.47265923423056
33391,-25.287497242268778
33392,-12.304272699536762
33393,44.596310437962586
33394,-71.99365670747783
33395,-24.797867936082497
33396,-11.78875360398633
33397,66.90265627985337
33398,-5.998941862601266
33399,-65.40871959695804
33400,66.00885234454807
33401,38.87103833322985
33402,-23.40857673582023
33403,-10.183222099556168
33404,-8.32727257843524
33405,-77.04084401893495
33406,-67.35124970881601
33407,-3.2862139082487967
33408,-22.264349538142888
33409,-8.051865615051456
33410,-80.08370938705114
33411,-24.99028095948113
33412,-2.256508955243061
33413,67.13285577607559
33414,63.67273444452013
33415,-0.6965043105857802
33416,34.48500943393732
33417,-74.34508711228425
33418,65.68986142774217
33419,68.29973443608151
33420,-24.74718696985104
33421,-0.1992581579903465
33422,36.45377391086433
33423,-11.78875360398633
33424,1.611357857322575
33425,62.5105371233699
33426,46.78041304162476
33427,-0.8702439802086621
33428,0.1568384064765275
33429,56.67640661098209
33430,-77.04084401893495
33431,-77.12483289200944
33432,-2.77678218616958
33433,67.33026691831202
33434,-3.4366658660559724
33435,-77.52240679369584
33436,-9.02804782394164
33437,-77.87821951363114
33438,-33.03864859246499
33439,40.48827038881176
33440,-88.59592740288119
33441,-23.450350629584285
33442,-76.18267972493756
33443,63.29895850196296
33444,-58.3016160474261
33445,-24.6189147399265
33446,37.97785754879048
33447,-23.2336422521094
33448,-5.522955850602402
33449,-5.098118458574878
33450,-84.0589849573023
33451,59.54571800327728
33452,69.37278028265105
33453,-28.679512439736527
33454,70.8692734125001
33455,-10.599999453524148
33456,-59.60279549791949
33457,49.4137677781369
33458,-8.366728682087452
33459,39.20691585718373
33460,-32.04772762724403
33461,-33.11223177752798
33462,67.55080030033349
33463,-33.49954327146488
33464,-6.079598541581644
33465,-23.927175460860127
33466,-29.530014124823527
33467,-34.576971322469696
33468,-6.981905463864391
33469,-81.60524701245566
33470,-78.33533918497741
33471,-82.79121084872199
33472,-61.075819057875336
33473,-10.70431182282882
33474,-66.2036289848435
33475,-35.33004244392832
33476,-5.027359546186807
33477,-63.10851320246642
33478,-77.28995996873357
33479,-10.400284941956487
33480,72.42752515836156
33481,1.233477267144139
33482,67.66658020265083
33483,42.34484437445183
33484,-58.15341786728316
33485,-62.192832418435295
33486,-75.9031593935453
33487,35.75181837169794
33488,62.78896353174852
33489,-3.398736976039848
33490,-34.576971322469696
33491,-7.869698434304458
33492,-74.8148300523082
33493,-61.764766818907816
33494,-2.785404698793412
33495,67.57112336262101
33496,66.81986563222596
33497,-26.066802966511013
33498,39.20691585718373
33499,-58.42497694604098
33500,-4.71010389444632
33501,-84.09587128689049
33502,-67.71637246110706
33503,4.732141461026085
33504,-6.94191854417624
33505,-7.869698434304458
33506,-11.815619413106903
33507,-6.865460083600835
33508,-80.80368489009095
33509,-6.079598541581644
33510,-25.056944186509867
33511,63.29895850196296
33512,44.83680533139529
33513,-64.70123383132422
33514,-84.09587128689049
33515,-15.253477130788545
33516,-81.9909821457317
33517,71.5945324799089
33518,49.4137677781369
33519,-22.264349538142888
33520,1.6078962930744043
33521,-77.28995996873357
33522,62.23531823724592
33523,-80.6200932478332
33524,-88.59592740288119
33525,-6.981905463864391
33526,42.86068226324422
33527,34.87120305434096
33528,-22.723546385152243
33529,-59.59539202782391
33530,-7.443237811187968
33531,4.390484322124968
33532,34.73171401118705
33533,-27.24934869685699
33534,71.5945324799089
33535,-5.229938408638676
33536,-77.46904558954247
33537,-80.77249490805372
33538,-24.646520088146424
33539,-70.15547562567373
33540,-55.00572311696589
33541,-33.1786872479977
33542,62.50259640531224
33543,67.76338125716873
33544,-8.32727257843524
33545,-35.33004244392832
33546,-2.074759167457211
33547,-63.92715615336844
33548,60.082221865341445
33549,-77.28995996873357
33550,60.75334654585106
33551,-1.354526342375853
33552,-65.180330767683
33553,-77.41809151396532
33554,67.86482558432455
33555,-6.981905463864391
33556,-84.09587128689049
33557,-88.28864569103459
33558,-87.60970493893393
33559,-3.5041265911137227
33560,-67.35124970881601
33561,-83.81971747855555
33562,-26.713277491147444
33563,-11.311705457182232
33564,41.70377331654677
33565,39.42949955630152
33566,-48.91389028755111
33567,47.17539641921019
33568,-2.256508955243061
33569,-6.4481164510461255
33570,38.87103833322985
33571,-11.0230514106773
33572,-60.4374628476661
33573,-33.03864859246499
33574,65.90069531448137
33575,41.79706276337664
33576,-5.160485501461486
33577,-7.068466345044791
33578,-16.604881913405475
33579,-80.80368489009095
33580,-3.398736976039848
33581,-32.04772762724403
33582,-56.98597735142607
33583,43.2317511623068
33584,-59.53615666456713
33585,-56.8795052969277
33586,-29.08995001033084
33587,-58.26785957550576
33588,-29.530014124823527
33589,38.209018555403816
33590,-17.892126866860274
33591,-4.570557670765375
33592,-6.982179273270923
33593,-62.1843424655583
33594,67.38641144626867
33595,-9.846151498465026
33596,48.4325063016349
33597,2.8713716531954376
33598,-78.1020339524991
33599,-10.615656439397132
33600,-58.40449707593304
33601,-54.1047362750268
33602,-8.116988747902552
33603,-27.335377445651595
33604,1.862648782188716
33605,-78.33533918497741
33606,1.2106705285425028
33607,-75.04296358989934
33608,-37.29529565264304
33609,34.230204041254325
33610,66.47929451819101
33611,1.6285143021300683
33612,-9.39348947903312
33613,-62.47265923423056
33614,-7.924201235762377
33615,-67.67234562559672
33616,69.06728687769599
33617,43.9806834575817
33618,40.00178446717153
33619,65.56434298086967
33620,-55.5195881439946
33621,-28.5981517860139
33622,-68.26912979782806
33623,-6.044343397597141
33624,-26.28915089893376
33625,38.93108859657757
33626,-79.6848565708256
33627,0.4107092361081235
33628,-78.56576991973648
33629,67.86482558432455
33630,-32.70655055171169
33631,-31.08978002890774
33632,-77.80942012390567
33633,-0.5454888739032971
33634,-56.786916892424834
33635,-2.6997230947926054
33636,69.7770581534494
33637,10.125970532105477
33638,-77.28995996873357
33639,66.5354391063142
33640,-32.04772762724403
33641,0.2595938741939898
33642,68.24131030768852
33643,-9.02804782394164
33644,-58.34966937683586
33645,-12.365338760678076
33646,41.93811661724367
33647,-61.3527493685416
33648,-77.28995996873357
33649,-24.11569586404183
33650,4.763404218274262
33651,-64.70125865365233
33652,-76.17771300035496
33653,-84.09587128689049
33654,-76.18267972493756
33655,-22.274474566701688
33656,-0.9482969101249354
33657,69.82325735587256
33658,1.862648782188716
33659,-75.0556369435955
33660,40.90640844295851
33661,-2.77678218616958
33662,-76.40491497370222
33663,-3.739336821754909
33664,64.96743106416187
33665,-34.576971322469696
33666,34.48500943393732
33667,33.66185301273812
33668,-0.6613136748539612
33669,40.29686582311532
33670,-8.65457570430054
33671,-3.4366658660559724
33672,47.59021045177757
33673,-34.95807918140065
33674,63.75928266751461
33675,-88.59592740288119
33676,43.37458705116711
33677,40.61268027009961
33678,70.24646193491822
33679,-3.496482051490691
33680,39.69594278341359
33681,-26.78881132847094
33682,-24.17905349117543
33683,-60.40271903088684
33684,-74.35627563715168
33685,-10.489835387356608
33686,70.24646193491822
33687,65.75975325754597
33688,32.88962692316385
33689,-23.186916976489027
33690,62.5105371233699
33691,65.08579956291996
33692,-9.02804782394164
33693,-7.1614311962477135
33694,64.11531701014471
33695,-7.874214178348954
33696,-8.541774477735853
33697,-80.32904893319963
33698,-32.31480540936027
33699,55.82316967105438
33700,0.0543435825536873
33701,45.37652108001241
33702,-80.35827212278485
33703,-28.60252757782192
33704,-6.94191854417624
33705,-61.00696044530677
33706,-29.363021281841824
33707,56.20762341497522
33708,-77.04084401893495
33709,-73.53805589236838
33710,38.87103833322985
33711,-3.2862139082487967
33712,-10.654726877564237
33713,-4.544982474966297
33714,42.83430693564911
33715,-5.881496535759101
33716,-20.821965507049605
33717,35.011445234563844
33718,5.828256857974216
33719,-1.2999560417248928
33720,-58.63321787185505
33721,72.93041637789008
33722,-9.456661755939548
33723,65.594722435214
33724,64.9989194013233
33725,2.779926334491628
33726,-10.670076927115948
33727,-5.027359546186807
33728,-57.90994291750098
33729,-6.94191854417624
33730,70.88680086245952
33731,-56.41295413247975
33732,-5.301838998149759
33733,-35.021074274633456
33734,-85.94183871293177
33735,-80.06185074240936
33736,-62.58149657015488
33737,-78.05596687369108
33738,36.94387326161974
33739,56.28314050715595
33740,-6.636642786843058
33741,52.044704611603855
33742,-63.92715615336844
33743,-18.31340325006505
33744,-77.28995996873357
33745,34.49758738982702
33746,0.6042564416582334
33747,-1.0096908234575852
33748,-12.724267173149316
33749,-6.66345087396044
33750,68.97178866062686
33751,-10.489835387356608
33752,65.82902179975498
33753,38.147857103245286
33754,-25.98201798110795
33755,-0.9091302002316508
33756,36.23428986327433
33757,-4.624573671101639
33758,34.48500943393732
33759,33.187348460202536
33760,-23.450350629584285
33761,-1.1457976261277567
33762,68.67250574524094
33763,-88.59592740288119
33764,-29.70938396361269
33765,43.10421332326134
33766,-76.09304978578385
33767,-80.07618014010156
33768,69.14751515812672
33769,-21.815207998915444
33770,66.48783303339422
33771,-59.59539202782391
33772,-31.61532249006393
33773,-56.547061955598274
33774,-24.82042157588581
33775,-64.69868609294193
33776,60.082221865341445
33777,-12.724267173149316
33778,-88.28864569103459
33779,-6.079598541581644
33780,-58.42497694604098
33781,56.51056995960813
33782,56.20762341497522
33783,-6.420005395685479
33784,-67.20566795395597
33785,-14.175599831388944
33786,42.64160186069802
33787,65.45199686797942
33788,-26.35513911379034
33789,-22.274474566701688
33790,-7.1614311962477135
33791,41.02785121897615
33792,-15.253477130788545
33793,-24.286747878779195
33794,-0.2215959828587017
33795,-83.81971747855555
33796,-10.394938713851326
33797,39.69594278341359
33798,37.48001261235228
33799,34.230204041254325
33800,-82.45255217312979
33801,-4.385900062724017
33802,-58.8357063493019
33803,69.07203863798333
33804,61.13728312750101
33805,-77.01319904075694
33806,-64.88214242396688
33807,-77.56995973972238
33808,63.29895850196296
33809,39.32629908512197
33810,-10.615656439397132
33811,-77.01319904075694
33812,42.20215407496417
33813,2.1482745523379245
33814,-7.1479573623786825
33815,-21.190022479062293
33816,37.35607403424429
33817,-62.30197215089
33818,23.82042376379506
33819,62.78896353174852
33820,67.66658020265083
33821,-0.1892086872535311
33822,67.86482558432455
33823,63.11828916713415
33824,-23.97800531963405
33825,-81.32628800212841
33826,69.85775352695589
33827,-78.65390116873728
33828,41.035678024485954
33829,67.54505591401289
33830,-33.49954327146488
33831,-26.35513911379034
33832,-8.32727257843524
33833,-12.225267692457004
33834,-5.058037805840549
33835,-30.517301613545328
33836,-12.724267173149316
33837,-8.541774477735853
33838,2.3801245910913025
33839,-6.94191854417624
33840,35.866140653625266
33841,-34.985114288167885
33842,-67.38760867166184
33843,41.035678024485954
33844,-75.12161805151703
33845,-31.665166784123933
33846,-27.236732694182614
33847,-7.1614311962477135
33848,-8.541774477735853
33849,-11.733546734261878
33850,-34.26099349776129
33851,-78.05596687369108
33852,69.37278028265105
33853,56.20762341497522
33854,66.5354391063142
33855,-7.499101823544457
33856,-19.322507679123817
33857,-9.846151498465026
33858,-13.50839074974756
33859,31.09885085269333
33860,-32.999744761333936
33861,-6.4481164510461255
33862,-6.463541582109183
33863,64.35425031619232
33864,60.12802870747568
33865,-24.543289290414737
33866,-80.5099531358143
33867,-28.298629345769506
33868,66.47929451819101
33869,73.65390121984903
33870,-5.957151204371323
33871,-76.18267972493756
33872,-79.6139728204349
33873,-56.2752651466841
33874,-23.232453958432828
33875,72.2102819056411
33876,-5.215045470073312
33877,-11.086687247110346
33878,-23.47144836233329
33879,-56.68679439014912
33880,-6.4481164510461255
33881,-15.698348233549025
33882,-31.586580892932417
33883,-59.59539202782391
33884,-22.374365859385573
33885,-9.57924723476492
33886,-20.887995878819897
33887,-14.175599831388944
33888,-77.9425219777496
33889,-1.6307362163326236
33890,-62.30197215089
33891,63.75928266751461
33892,-3.067670004455959
33893,-26.593555186272965
33894,-81.0310896741366
33895,37.85501232436193
33896,-58.15341786728316
33897,-60.30129411803673
33898,-5.895625526735362
33899,60.75334654585106
33900,-84.09587128689049
33901,-62.28267959150036
33902,-63.56002780516729
33903,66.18161219820239
33904,-62.58149657015488
33905,0.6228832352442848
33906,-3.886063375817757
33907,-6.079598541581644
33908,-69.3831959660814
33909,-6.079598541581644
33910,-28.5981517860139
33911,-82.79121084872199
33912,-78.65390116873728
33913,-10.670076927115948
33914,-84.0589849573023
33915,-26.35513911379034
33916,0.9245910911553414
33917,-12.365338760678076
33918,-9.846151498465026
33919,-13.038538204444013
33920,-7.443237811187968
33921,41.39043417625974
33922,-9.958393023240038
33923,-23.73272847110325
33924,-66.52401138073692
33925,-26.35513911379034
33926,-21.362679511470887
33927,39.24357192988927
33928,37.80356922138283
33929,-51.50904142320337
33930,65.24079100076331
33931,59.54571800327728
33932,42.63877285676144
33933,-0.6374482727690527
33934,-2.785404698793412
33935,-61.00587443114739
33936,-62.93698222290567
33937,-21.582092143879304
33938,-7.671730294068498
33939,-8.969844214109328
33940,49.04651331059523
33941,5.734064890085979
33942,-59.53615666456713
33943,72.06952352003829
33944,-2.14360959777384
33945,67.56444675445225
33946,-83.55105877422727
33947,64.9989194013233
33948,-12.009094625752844
33949,-2.77678218616958
33950,40.61268027009961
33951,-33.14595440272681
33952,58.07430656276619
33953,-3.9503429849045415
33954,-26.30217116488689
33955,-34.576971322469696
33956,-77.67837424224356
33957,-76.09304978578385
33958,42.34484437445183
33959,-5.319475115010523
33960,-37.29529565264304
33961,-61.3527493685416
33962,-1.2999560417248928
33963,-76.17771300035496
33964,-27.22419552574745
33965,-56.8795052969277
33966,-58.21544994316817
33967,0.6228832352442848
33968,-71.282534946988
33969,-81.9909821457317
33970,-37.29529565264304
33971,-7.1614311962477135
33972,64.9347286147328
33973,-11.78875360398633
33974,39.9480192749338
33975,-61.00587443114739
33976,-55.955745378772825
33977,70.00985998460864
33978,-11.992121436809413
33979,-78.8418520458418
33980,59.77879420007319
33981,67.86482558432455
33982,-35.09034369192256
33983,-82.79121084872199
33984,-12.365338760678076
33985,-15.253477130788545
33986,-74.74088894720306
33987,-70.12902738139964
33988,-9.02804782394164
33989,-56.87675787623041
33990,-11.688109476548004
33991,-25.056944186509867
33992,-39.53176567347775
33993,-5.523764829903275
33994,-14.621627611483763
33995,-6.079598541581644
33996,23.82042376379506
33997,-1.2999560417248928
33998,-61.00696044530677
33999,-24.286747878779195
34000,-27.43769880014681
34001,41.79706276337664
34002,70.95020111321419
34003,-5.0312689606550425
34004,-5.876854542236958
34005,67.57112336262101
34006,60.7019418465053
34007,65.75975325754597
34008,0.9225206084032274
34009,56.51056995960813
34010,-62.31502233265222
34011,3.156198884974268
34012,-78.05596687369108
34013,-54.03593840985245
34014,-11.688109476548004
34015,-32.5593823233595
34016,-7.1614311962477135
34017,-57.23697193090269
34018,48.257921642172185
34019,-8.000800668552845
34020,59.84888169497435
34021,69.93425983452768
34022,-23.73272847110325
34023,-5.960731115937
34024,-32.31480540936027
34025,34.753792790425805
34026,65.90069531448137
34027,37.48001261235228
34028,-3.545846522865961
34029,-21.96415835278132
34030,-33.14595440272681
34031,-62.73692811965572
34032,-16.076442343273243
34033,-37.095085352283206
34034,-6.427179744855183
34035,32.88962692316385
34036,-8.368465748594115
34037,-30.929975201910697
34038,41.59545791531331
34039,66.10068631463713
34040,-77.67837424224356
34041,-17.12734052260688
34042,-61.6516526321991
34043,-23.47144836233329
34044,-58.40449707593304
34045,-6.420005395685479
34046,0.1568384064765275
34047,30.8659929965501
34048,-88.28864569103459
34049,-32.04772762724403
34050,-6.463541582109183
34051,-60.40271903088684
34052,-4.899103721923519
34053,-64.69868609294193
34054,-28.307472291973177
34055,67.33026691831202
34056,65.08579956291996
34057,-25.20935529144582
34058,-26.713277491147444
34059,-1.0096908234575852
34060,-82.79121084872199
34061,50.11337525308149
34062,-19.58106268536023
34063,-62.73692811965572
34064,-56.45621127607457
34065,-62.210954080210186
34066,63.43916046289162
34067,-62.192832418435295
34068,67.09022163200582
34069,45.32948837866075
34070,-67.20566795395597
34071,3.193114694908033
34072,-16.076442343273243
34073,-69.58776538114356
34074,-30.703982787388853
34075,-10.615656439397132
34076,-12.009094625752844
34077,-67.997667904421
34078,-67.997667904421
34079,-59.59539202782391
34080,60.75334654585106
34081,-78.10029955429695
34082,-0.9678923514135338
34083,-58.60864217108337
34084,-77.40097620650758
34085,3.772383713511355
34086,-33.49954327146488
34087,37.35607403424429
34088,65.33794493883613
34089,1.6078962930744043
34090,-76.48693397755035
34091,56.20762341497522
34092,-80.32904893319963
34093,-28.307472291973177
34094,-77.28995996873357
34095,-82.5377477372015
34096,41.39043417625974
34097,66.90086046464727
34098,-26.81946854845453
34099,-3.243525168983826
34100,0.1568384064765275
34101,-11.192498875280704
34102,-6.916924325416764
34103,70.91320711281182
34104,43.99115290093865
34105,-59.454589671725486
34106,-81.69767785344253
34107,-12.365338760678076
34108,-23.80236483884188
34109,0.033344634021736
34110,4.078481197190701
34111,-36.034488896496
34112,68.91477954844056
34113,58.07430656276619
34114,-3.4366658660559724
34115,-58.687515862982856
34116,66.55500902382713
34117,-33.14595440272681
34118,-57.78633525429383
34119,31.75682959027923
34120,59.84888169497435
34121,58.07430656276619
34122,-73.69285326859337
34123,-81.46937380579051
34124,-11.311705457182232
34125,-55.5195881439946
34126,-4.570557670765375
34127,-71.81042062449255
34128,-65.180330767683
34129,-27.558716777765667
34130,-74.74088894720306
34131,-61.00587443114739
34132,-32.92128401572457
34133,-58.60864217108337
34134,-61.764766818907816
34135,42.713469895080586
34136,-22.94413002070588
34137,-25.056944186509867
34138,-26.580461165559548
34139,-32.04772762724403
34140,-67.35124970881601
34141,39.5421043044861
34142,-10.94342788321962
34143,65.75975325754597
34144,-33.14595440272681
34145,58.62090265347541
34146,-33.49954327146488
34147,-1.5302540873929735
34148,-24.058669207848908
34149,-80.35827212278485
34150,-25.939242471410687
34151,-88.50704030636086
34152,-1.2383823657793256
34153,65.42619944731254
34154,-31.665166784123933
34155,-80.99089003380702
34156,-62.31502233265222
34157,-24.43747748807237
34158,-5.820273119915296
34159,68.89720889158492
34160,-20.887995878819897
34161,-64.65132809205713
34162,62.82593887002127
34163,-51.62735532415471
34164,-67.55104528427346
34165,55.82316967105438
34166,62.23531823724592
34167,-2.9568684434762886
34168,64.67325060372272
34169,-66.00957868487684
34170,-12.724267173149316
34171,67.61701871668876
34172,38.66168991403769
34173,65.82902179975498
34174,-10.674234878990566
34175,-71.80186055080055
34176,-29.435464285920418
34177,-55.66638418564659
34178,-80.06185074240936
34179,-8.588191742951908
34180,-81.69767785344253
34181,-77.82016394259695
34182,67.86482558432455
34183,38.328475597345744
34184,-9.209371579859091
34185,-80.6200932478332
34186,-14.175599831388944
34187,-8.368465748594115
34188,-30.01971840187333
34189,0.4474910368128735
34190,-56.2752651466841
34191,-21.810612499915305
34192,66.55500902382713
34193,-26.870603574791648
34194,-12.528545625102804
34195,-52.82303079648228
34196,-62.73692811965572
34197,-9.57924723476492
34198,39.37714021462407
34199,-6.863841198138861
34200,60.75334654585106
34201,-78.33533918497741
34202,57.13631554220037
34203,37.48001261235228
34204,-5.027359546186807
34205,-69.29067686749649
34206,-5.301838998149759
34207,-72.13453153976718
34208,-28.549728957208583
34209,-77.2047209573548
34210,-43.77949716294616
34211,-44.49495052832977
34212,-78.8418520458418
34213,-75.47842275634412
34214,-14.621627611483763
34215,66.67786559521302
34216,-83.81971747855555
34217,-5.012121849482301
34218,-9.958393023240038
34219,-23.37329707336452
34220,-76.18267972493756
34221,-58.687515862982856
34222,-63.33135064933916
34223,-77.87799115440482
34224,-8.65457570430054
34225,-34.985114288167885
34226,73.81756684010661
34227,-81.79430655803603
34228,-5.319475115010523
34229,-6.044343397597141
34230,36.45377391086433
34231,-77.04084401893495
34232,-59.006010926104544
34233,60.082221865341445
34234,-61.318877803546194
34235,-79.08556240286275
34236,-10.94342788321962
34237,49.22281975637285
34238,-5.895625526735362
34239,71.10833038979982
34240,-78.05596687369108
34241,70.65351101802281
34242,-21.14634256258748
34243,-27.16413632979693
34244,-17.892126866860274
34245,71.53776281849788
34246,-87.60970493893393
34247,-21.51656850866147
34248,-8.368465748594115
34249,-23.2336422521094
34250,-4.865946267054623
34251,-6.94191854417624
34252,-4.583280032167442
34253,-64.68710117740581
34254,-30.26068243156052
34255,-63.33135064933916
34256,-87.60970493893393
34257,-6.079598541581644
34258,-7.311488654823895
34259,-80.6200932478332
34260,-61.30042981964084
34261,-1.5412698021041835
34262,38.328475597345744
34263,-80.08370938705114
34264,-10.599999453524148
34265,-13.50839074974756
34266,1.808670050521565
34267,-25.287497242268778
34268,-8.116988747902552
34269,-18.81640967645677
34270,58.62090265347541
34271,36.32133990407912
34272,-76.28096144318964
34273,-39.23075382058258
34274,-77.11466835975261
34275,44.767855189870176
34276,0.8197784577461418
34277,-78.91291962501649
34278,49.04651331059523
34279,-24.286747878779195
34280,45.278949693514704
34281,37.80356922138283
34282,-34.26099349776129
34283,68.49590049248953
34284,1.233477267144139
34285,-77.11117647826575
34286,62.93589234162946
34287,-6.048141418403184
34288,-77.11117647826575
34289,-28.5981517860139
34290,-23.47935062494496
34291,-23.044481482743475
34292,-56.0057050924827
34293,58.62090265347541
34294,-64.88214242396688
34295,-1.93768010083772
34296,47.18376895413417
34297,-71.06073675007421
34298,-79.07318834962241
34299,-79.6848565708256
34300,-9.553368735833786
34301,-0.7533234110134508
34302,-7.874214178348954
34303,-7.874214178348954
34304,45.09900333420647
34305,-81.57173153201988
34306,57.03158337149834
34307,61.45750040699149
34308,45.838355793046816
34309,-56.79913645994184
34310,-80.32904893319963
34311,-39.23075382058258
34312,-81.59496992054738
34313,-6.463541582109183
34314,1.808670050521565
34315,-33.21584274483372
34316,36.45377391086433
34317,-10.615656439397132
34318,-59.34684108652012
34319,-5.089636097124805
34320,59.84888169497435
34321,-24.6189147399265
34322,62.5105371233699
34323,-62.31502233265222
34324,-28.307472291973177
34325,-7.046126815021905
34326,57.13631554220037
34327,-29.05399492711421
34328,-77.2047209573548
34329,-4.899103721923519
34330,23.82042376379506
34331,-80.80368489009095
34332,-63.73255870089906
34333,-81.59496992054738
34334,-23.73272847110325
34335,-0.998656711886615
34336,-71.67645804820461
34337,39.24357192988927
34338,-7.305047284082532
34339,-76.09304978578385
34340,55.03881411213512
34341,-74.67926496825868
34342,-0.7533234110134508
34343,-0.6967427265369333
34344,-3.4366658660559724
34345,66.67786559521302
34346,30.050839404462703
34347,-58.26785957550576
34348,-76.17771300035496
34349,61.41375730897302
34350,39.5421043044861
34351,62.05451918020682
34352,72.58362852609683
34353,-12.724267173149316
34354,-4.385900062724017
34355,-81.33721062565947
34356,-78.33533918497741
34357,-56.1540290601683
34358,-68.56075086523087
34359,-7.818318152665615
34360,-72.01907740371757
34361,42.76080385152552
34362,-23.080775684065333
34363,36.23428986327433
34364,-81.79430655803603
34365,-26.158171944946243
34366,2.238189870143016
34367,-3.7543550724070593
34368,-34.95807918140065
34369,-70.63278929064045
34370,-67.38760867166184
34371,-33.14595440272681
34372,-63.46729234826928
34373,66.87600054554409
34374,-28.307472291973177
34375,-65.57667986115817
34376,-28.60252757782192
34377,-82.5377477372015
34378,62.23531823724592
34379,70.99363082428776
34380,-7.267738595232091
34381,-75.04296358989934
34382,-23.47935062494496
34383,-2.991859163335988
34384,0.0584916056996159
34385,-5.211101527738705
34386,0.1568384064765275
34387,60.665461963626086
34388,34.50416107233498
34389,-6.420005395685479
34390,66.92637655071456
34391,3.9618039420498072
34392,-11.192498875280704
34393,-62.30197215089
34394,-5.957151204371323
34395,-0.0895324569827442
34396,-63.73255870089906
34397,69.39611929075446
34398,39.20691585718373
34399,-54.52760005131096
34400,-88.59592740288119
34401,-24.08702913167997
34402,-11.688109476548004
34403,68.91477954844056
34404,63.00040878920593
34405,-30.12097056508212
34406,-10.02231359034351
34407,-5.229938408638676
34408,-34.95807918140065
34409,-3.116609598057317
34410,-12.724267173149316
34411,62.23531823724592
34412,-5.998941862601266
34413,-3.620148105603538
34414,-5.027359546186807
34415,-7.087160969987105
34416,-6.818841682063199
34417,-87.90696272223092
34418,-6.818841682063199
34419,-27.680823838455616
34420,39.24357192988927
34421,57.13631554220037
34422,-11.311705457182232
34423,62.05451918020682
34424,-29.029508380202728
34425,0.3595273752611485
34426,65.68986142774217
34427,-4.352491845164973
34428,-10.394938713851326
34429,-60.281340333888096
34430,-52.82303079648228
34431,67.1858282538723
34432,-3.4366658660559724
34433,-6.4481164510461255
34434,-24.11569586404183
34435,-8.366728682087452
34436,68.26840115298221
34437,-77.80942012390567
34438,36.003866775673465
34439,-61.519743343902384
34440,41.58609086757909
34441,-57.17793933328658
34442,-27.558716777765667
34443,-62.57917377523987
34444,-63.56002780516729
34445,-83.55105877422727
34446,-0.6158043002084206
34447,1.7198815422424047
34448,61.72097553439614
34449,-4.63732738055362
34450,-25.973494925707243
34451,-11.192498875280704
34452,-5.506124982144406
34453,-6.388846857686595
34454,-2.485372391655369
34455,-81.46937380579051
34456,-80.32904893319963
34457,-58.6187859856407
34458,-3.398736976039848
34459,56.51056995960813
34460,35.011445234563844
34461,-11.311705457182232
34462,-67.997667904421
34463,-26.158171944946243
34464,-2.6554977857232345
34465,-80.32904893319963
34466,-30.12097056508212
34467,-12.724267173149316
34468,-20.836559274781155
34469,69.29890291905751
34470,1.5124143806884622
34471,-76.8147402567408
34472,-34.985114288167885
34473,-63.46729234826928
34474,-0.7286065706716451
34475,-9.57924723476492
34476,-24.401980440156244
34477,42.40888517484464
34478,57.13631554220037
34479,-54.52760005131096
34480,59.54571800327728
34481,-4.124334116823993
34482,-29.05399492711421
34483,-36.78207132465313
34484,-19.33437365969756
34485,-21.81967886056308
34486,69.39611929075446
34487,-9.900940187383668
34488,-27.680823838455616
34489,-80.06185074240936
34490,38.147857103245286
34491,-80.08370938705114
34492,-35.021074274633456
34493,65.55556360823311
34494,-9.251168882780371
34495,-67.38760867166184
34496,-59.85360054593666
34497,-59.60279549791949
34498,-1.354526342375853
34499,43.2317511623068
34500,38.331030113943925
34501,62.94874341119823
34502,-8.095822557314227
34503,34.49758738982702
34504,39.69594278341359
34505,38.359911356537125
34506,37.80356922138283
34507,70.33539316385934
34508,-28.683391641710653
34509,64.15348407728693
34510,-79.07318834962241
34511,69.29890291905751
34512,-37.095085352283206
34513,66.91450955403653
34514,-11.192498875280704
34515,0.6228832352442848
34516,-87.60970493893393
34517,-34.26099349776129
34518,58.29768907038191
34519,-31.16155031904262
34520,-58.13515333384738
34521,32.88962692316385
34522,-8.876284831296887
34523,-62.479466647118336
34524,-83.76119254996739
34525,-23.47935062494496
34526,65.45199686797942
34527,63.75928266751461
34528,-12.304272699536762
34529,65.68986142774217
34530,-60.559255650517
34531,-77.31064323635029
34532,31.09885085269333
34533,34.48500943393732
34534,36.45377391086433
34535,3.542533238483022
34536,-79.60369667857658
34537,66.47929451819101
34538,-33.03864859246499
34539,-65.57667986115817
34540,32.88962692316385
34541,-58.8357063493019
34542,-81.57173153201988
34543,-4.7793829658164775
34544,64.15348407728693
34545,-33.11223177752798
34546,-22.026550942453408
34547,-3.265796652212144
34548,-56.17737364345916
34549,65.86324282120505
34550,39.37714021462407
34551,-33.49954327146488
34552,-70.63278929064045
34553,-80.6200932478332
34554,37.48001261235228
34555,-14.391070399776016
34556,-79.08556240286275
34557,-23.450350629584285
34558,-64.04875208429908
34559,67.13285577607559
34560,-10.668268839432152
34561,-10.599999453524148
34562,-0.7533234110134508
34563,5.9918749538082
34564,66.37275243280692
34565,-10.611016402855594
34566,-8.32727257843524
34567,-5.881496535759101
34568,-21.758920196711426
34569,-2.0959318830699205
34570,-75.04296358989934
34571,-53.090427329154856
34572,-81.57173153201988
34573,-5.168406289992386
34574,-11.688109476548004
34575,-52.5725648415542
34576,-22.274474566701688
34577,70.04753046445222
34578,34.50416107233498
34579,-9.900940187383668
34580,-35.01368001540324
34581,-62.38722717323903
34582,46.6063595471709
34583,-61.35862767232689
34584,-23.28100719724176
34585,-27.33024835280992
34586,-65.57667986115817
34587,62.23531823724592
34588,65.594722435214
34589,63.67273444452013
34590,60.605855642727136
34591,-10.615656439397132
34592,-84.12159725619544
34593,-9.378462792188554
34594,-4.012634106671661
34595,-76.38309303657373
34596,64.4332690296973
34597,-6.981905463864391
34598,-32.68554617135796
34599,-19.58106268536023
34600,71.39491692921544
34601,-70.40360350897265
34602,40.21051106422577
34603,-9.57924723476492
34604,-2.074759167457211
34605,69.53927859097466
34606,-10.668268839432152
34607,-61.00696044530677
34608,-7.046126815021905
34609,-20.54413320436352
34610,69.06728687769599
34611,36.23428986327433
34612,-62.05466750391572
34613,-22.94413002070588
34614,-23.2336422521094
34615,-81.57173153201988
34616,-63.46729234826928
34617,-59.53624760348772
34618,-6.821897942913304
34619,-4.600120286629732
34620,-7.874214178348954
34621,-80.32904893319963
34622,-0.2169345674667537
34623,-25.55460224812922
34624,0.9426183422156976
34625,29.43540176326276
34626,-30.77901925872674
34627,-4.850838041659904
34628,60.16936506382001
34629,-4.530064500406732
34630,-74.12520875837788
34631,-5.503035780407789
34632,-84.09587128689049
34633,-63.845777473438126
34634,60.082221865341445
34635,-26.45490826026389
34636,-78.33533918497741
34637,0.4107092361081235
34638,-71.22063286993756
34639,-24.286747878779195
34640,-1.1430975254255422
34641,32.88362254099593
34642,-2.991859163335988
34643,-76.21450089163625
34644,32.88362254099593
34645,65.82902179975498
34646,-0.6063470274762857
34647,-6.821897942913304
34648,59.84888169497435
34649,-74.62914647675753
34650,-4.122025809160305
34651,34.68504136268167
34652,0.3595273752611485
34653,-87.90696272223092
34654,71.50497187678127
34655,-5.027359546186807
34656,37.832981463877424
34657,-6.079598541581644
34658,-70.4871116070994
34659,-0.998656711886615
34660,-5.4176575532279125
34661,-27.43769880014681
34662,-6.865460083600835
34663,-81.60524701245566
34664,-25.287497242268778
34665,-62.1843424655583
34666,65.63944245378421
34667,2.365672663415239
34668,68.26840115298221
34669,43.14686945489685
34670,3.034234948884131
34671,-60.82005674529403
34672,-6.4481164510461255
34673,44.767855189870176
34674,0.7918623526905662
34675,-6.617756184387204
34676,-69.17394542063559
34677,39.69594278341359
34678,56.20762341497522
34679,-2.485372391655369
34680,-7.1614311962477135
34681,-8.637826847993862
34682,-19.58106268536023
34683,-66.39832892987201
34684,-12.724267173149316
34685,-61.00587443114739
34686,-1.1850556707917783
34687,70.11157714875401
34688,-77.80942012390567
34689,43.24758448427639
34690,-68.73590368493797
34691,-5.229938408638676
34692,-9.57924723476492
34693,-6.617756184387204
34694,-58.21544994316817
34695,0.5539792464695008
34696,59.54571800327728
34697,-21.0938592165879
34698,4.51147318899287
34699,-4.012634106671661
34700,-60.99231928360257
34701,60.75334654585106
34702,-60.85642864282889
34703,45.93472070794994
34704,-66.39832892987201
34705,-9.553368735833786
34706,-5.899508547707656
34707,-61.26505777578271
34708,37.97785754879048
34709,34.230204041254325
34710,39.32629908512197
34711,44.451072394570495
34712,-77.80942012390567
34713,-10.615656439397132
34714,-0.4568680744408295
34715,-72.77101726406507
34716,-60.30129411803673
34717,38.2868168210349
34718,72.06194525587173
34719,63.484138183987845
34720,-7.555455916222436
34721,65.52554842719579
34722,-9.96367768045176
34723,-67.35124970881601
34724,-30.12097056508212
34725,-61.00587443114739
34726,66.81986563222596
34727,-31.45124690053469
34728,40.90678756115106
34729,-35.01368001540324
34730,-32.92128401572457
34731,-30.60588223672496
34732,-66.39832892987201
34733,-70.71839510372496
34734,-9.801588942042454
34735,-12.528545625102804
34736,-60.783364464021226
34737,63.11828916713415
34738,65.99426482093024
34739,-81.69767785344253
34740,-5.9520666407407
34741,35.011445234563844
34742,-65.57234063674011
34743,-3.4366658660559724
34744,-25.939242471410687
34745,66.06867703173543
34746,65.24079100076331
34747,-78.91291962501649
34748,-5.319475115010523
34749,69.519101175039
34750,-37.29529565264304
34751,-21.582092143879304
34752,-29.88945412032293
34753,-87.90696272223092
34754,-8.923724965115321
34755,-65.9821540280128
34756,-83.81971747855555
34757,-72.62916063226392
34758,-15.253477130788545
34759,41.55043142556697
34760,-6.5918658951684925
34761,-5.503035780407789
34762,-1.6307362163326236
34763,-79.12167083597784
34764,59.86132362042302
34765,36.23428986327433
34766,62.05451918020682
34767,-33.11223177752798
34768,34.49758738982702
34769,-4.290162419830641
34770,-80.94535792292
34771,-60.40271903088684
34772,-7.982558368901363
34773,44.83680533139529
34774,-8.637826847993862
34775,-57.78633525429383
34776,-76.42628077929001
34777,60.16936506382001
34778,66.48783303339422
34779,-59.34684108652012
34780,-13.363040543884876
34781,60.12802870747568
34782,-60.559255650517
34783,-5.027359546186807
34784,-49.47829513987181
34785,-61.00696044530677
34786,-10.599999453524148
34787,-4.850838041659904
34788,-6.427179744855183
34789,45.00013741581352
34790,-57.90994291750098
34791,64.0946678990003
34792,37.85501232436193
34793,38.513316130681886
34794,-19.58106268536023
34795,-59.04532054363583
34796,-5.744516403238987
34797,70.20936983318222
34798,-64.69868609294193
34799,-57.78633525429383
34800,43.83918453468289
34801,-6.821897942913304
34802,23.82042376379506
34803,37.35607403424429
34804,40.87890736726635
34805,49.53389435106403
34806,-13.030820328126673
34807,63.484138183987845
34808,-2.14360959777384
34809,62.05451918020682
34810,-7.267738595232091
34811,-80.08370938705114
34812,-60.85642864282889
34813,-25.101306160698805
34814,-22.58376176903288
34815,-25.45078791291366
34816,-10.413981626450187
34817,-0.6761498215458666
34818,36.23428986327433
34819,-9.32686718996075
34820,39.09760529654858
34821,56.20762341497522
34822,-63.56002780516729
34823,-7.427812913483621
34824,42.68242588937274
34825,-34.576971322469696
34826,-22.81814719639852
34827,0.6383071768948989
34828,65.82902179975498
34829,-62.47265923423056
34830,66.6344850834237
34831,-4.600120286629732
34832,59.77879420007319
34833,60.74697598939839
34834,38.66023134486096
34835,41.93811661724367
34836,-61.37037109168763
34837,-33.03864859246499
34838,-30.929975201910697
34839,-4.7793829658164775
34840,-6.079598541581644
34841,-4.218302921254544
34842,-25.20935529144582
34843,68.91477954844056
34844,61.41375730897302
34845,-11.78875360398633
34846,-25.20935529144582
34847,41.92310375299307
34848,57.03158337149834
34849,-0.6374482727690527
34850,-77.25433533170141
34851,-27.43769880014681
34852,-8.366728682087452
34853,-12.365338760678076
34854,-7.963301921082161
34855,23.82042376379506
34856,36.003866775673465
34857,-12.528545625102804
34858,-9.378462792188554
34859,-75.69993106702901
34860,-3.01123313541693
34861,-77.2047209573548
34862,-44.49495052832977
34863,56.51056995960813
34864,-7.356162064618758
34865,46.78041304162476
34866,-6.600381756755301
34867,-76.38309303657373
34868,-53.75044306318028
34869,-1.41869361848849
34870,65.86324282120505
34871,-33.49954327146488
34872,-85.94183871293177
34873,-6.617756184387204
34874,-63.42730085243056
34875,-10.615656439397132
34876,-25.45078791291366
34877,-5.319475115010523
34878,59.86132362042302
34879,-57.35263219332208
34880,-74.29055829837986
34881,34.50416107233498
34882,-64.69868609294193
34883,-73.25063151558061
34884,-26.5645241661983
34885,-33.49954327146488
34886,0.5539792464695008
34887,-6.865460083600835
34888,-27.68261395787983
34889,-84.09587128689049
34890,-78.65485116594988
34891,-73.71906609660559
34892,61.25136224137579
34893,-60.30129411803673
34894,-21.752371944796465
34895,38.513316130681886
34896,-6.388846857686595
34897,40.87890736726635
34898,-58.31858834234312
34899,-82.45255217312979
34900,-13.363040543884876
34901,-6.818841682063199
34902,-68.45781690802673
34903,-24.853285965001763
34904,-62.57917377523987
34905,45.32948837866075
34906,-80.49523654879764
34907,-77.52240679369584
34908,-5.899508547707656
34909,-4.7793829658164775
34910,44.108650906678285
34911,66.90086046464727
34912,-15.253477130788545
34913,-20.46007669440881
34914,-77.80942012390567
34915,-45.51848124276733
34916,-59.04532054363583
34917,-21.00683719259264
34918,40.87890736726635
34919,66.2209804205817
34920,65.9209994354006
34921,60.16936506382001
34922,4.670959468106594
34923,38.66168991403769
34924,2.294934207277759
34925,44.596310437962586
34926,-70.78823471936028
34927,39.20691585718373
34928,30.8659929965501
34929,-64.04875208429908
34930,-2.6234583598126493
34931,-5.522955850602402
34932,0.3975331908739892
34933,-57.062898803163
34934,-8.637826847993862
34935,-2.77678218616958
34936,-12.39100123542195
34937,-16.99090825389322
34938,38.17336781758149
34939,-7.046126815021905
34940,69.7770581534494
34941,-4.530064500406732
34942,-75.08862924328336
34943,64.79555484058147
34944,34.73171401118705
34945,-75.08862924328336
34946,-14.621627611483763
34947,-6.863841198138861
34948,-9.739298326204734
34949,-82.5377477372015
34950,-11.53715666649963
34951,-3.411605305566116
34952,-23.73272847110325
34953,-23.97800531963405
34954,-78.65390116873728
34955,36.003866775673465
34956,33.187348460202536
34957,38.66168991403769
34958,-24.97772704920876
34959,39.84286708571373
34960,42.62051530645011
34961,59.86132362042302
34962,-7.284319952221434
34963,38.209018555403816
34964,-2.9568684434762886
34965,38.9873977462912
34966,-79.08556240286275
34967,42.34484437445183
34968,-9.75090415262278
34969,-1.41869361848849
34970,-39.23075382058258
34971,55.03881411213512
34972,-67.997667904421
34973,-0.6158043002084206
34974,-50.60603264277296
34975,-11.311705457182232
34976,-58.13515333384738
34977,45.42328982956274
34978,-68.74079719308142
34979,-32.04772762724403
34980,-26.158171944946243
34981,29.43540176326276
34982,-78.07131311985476
34983,-55.90458627518361
34984,-0.4568680744408295
34985,-10.413981626450187
34986,-6.66345087396044
34987,-29.88945412032293
34988,-87.90696272223092
34989,-11.287974609028325
34990,-0.2247174565254039
34991,-12.325207839291718
34992,-31.995312945826136
34993,-22.822380061502585
34994,39.84286708571373
34995,-4.530064500406732
34996,-31.665166784123933
34997,3.745044536870328
34998,-60.5567275703032
34999,-27.68261395787983
35000,-7.51378519397247
35001,-0.5454888739032971
35002,-5.506124982144406
35003,-76.73759666932331
35004,-24.543289290414737
35005,-79.08556240286275
35006,-10.668268839432152
35007,59.84888169497435
35008,-7.555455916222436
35009,-21.618938211469604
35010,61.7079220062784
35011,70.65351101802281
35012,-71.46319160781262
35013,-31.917955432942307
35014,33.1843139999846
35015,23.82042376379506
35016,-70.63278929064045
35017,-21.758920196711426
35018,0.4107092361081235
35019,-57.98762526534804
35020,-84.09587128689049
35021,-73.08172441310475
35022,-25.3993492455688
35023,-29.88945412032293
35024,45.37652108001241
35025,-10.668268839432152
35026,67.85917583543144
35027,-10.02231359034351
35028,45.47373915327806
35029,-70.24287715182915
35030,59.77879420007319
35031,-77.84433037508774
35032,-65.57234063674011
35033,67.64790080754328
35034,-77.72828894873695
35035,63.94840761928521
35036,-11.546129035976737
35037,66.6344850834237
35038,39.20691585718373
35039,-13.030820328126673
35040,-5.609800851460346
35041,-60.55024444921672
35042,-6.286569785650102
35043,5.807841273257319
35044,-59.268960544366095
35045,-80.06185074240936
35046,-27.16413632979693
35047,-77.2047209573548
35048,-1.6307362163326236
35049,-83.55105877422727
35050,-30.226645350929115
35051,69.99428718514841
35052,33.66185301273812
35053,-7.963301921082161
35054,-58.35329913024394
35055,-69.17138479707576
35056,-77.13597570289534
35057,-25.973494925707243
35058,-10.599999453524148
35059,-11.546129035976737
35060,37.577062471665535
35061,58.62090265347541
35062,42.40888517484464
35063,-32.68554617135796
35064,-2.485372391655369
35065,62.93589234162946
35066,58.62090265347541
35067,-60.5567275703032
35068,63.15476542808134
35069,-33.11223177752798
35070,63.12220955715608
35071,-66.8130041081949
35072,48.20737992666907
35073,-9.378462792188554
35074,-6.617756184387204
35075,0.6383071768948989
35076,1.5589209114241531
35077,-1.354526342375853
35078,-77.80942012390567
35079,-34.95807918140065
35080,40.61268027009961
35081,-81.79430655803603
35082,-25.93100636149954
35083,-30.72317675842654
35084,36.45377391086433
35085,-3.688741053776339
35086,-75.34600560881323
35087,-5.672516712726271
35088,66.06867703173543
35089,67.33026691831202
35090,-54.03522556810464
35091,-5.160485501461486
35092,-4.9193103978239225
35093,36.003866775673465
35094,-51.87496821535403
35095,-12.528545625102804
35096,-0.6158043002084206
35097,-62.57917377523987
35098,68.55583539742847
35099,-0.1712426507092175
35100,-14.272008968659264
35101,60.38129776010266
35102,33.187348460202536
35103,-61.764766818907816
35104,44.108650906678285
35105,73.68085817992777
35106,-30.12097056508212
35107,-82.5377477372015
35108,63.12220955715608
35109,-7.963301921082161
35110,-61.34163313504841
35111,-58.06344844904234
35112,-34.985114288167885
35113,56.51056995960813
35114,-83.13993044033248
35115,-2.9568684434762886
35116,-50.60603264277296
35117,-7.311488654823895
35118,60.44334625244307
35119,38.2868168210349
35120,61.17610229962138
35121,-82.45019885366258
35122,-5.957151204371323
35123,-25.732210029358125
35124,-60.40271903088684
35125,-77.87821951363114
35126,-4.583280032167442
35127,-24.6189147399265
35128,-26.257632249050367
35129,-83.76119254996739
35130,2.238189870143016
35131,70.40626257049145
35132,-78.20551259639815
35133,42.68242588937274
35134,40.38872608069212
35135,-61.00696044530677
35136,-30.01971840187333
35137,-76.73759666932331
35138,-6.202994380283196
35139,-52.19796423405237
35140,66.47929451819101
35141,-27.68261395787983
35142,-13.363040543884876
35143,-2.77678218616958
35144,58.29768907038191
35145,-6.865460083600835
35146,-11.688109476548004
35147,-20.008401042133368
35148,-79.4110108887712
35149,-53.923710629449474
35150,31.09885085269333
35151,0.1569325670616539
35152,34.50416107233498
35153,37.85501232436193
35154,-29.339563403830848
35155,37.35607403424429
35156,66.81986563222596
35157,-88.28864569103459
35158,62.88362675145272
35159,37.48001261235228
35160,-71.24244508488184
35161,-60.4374628476661
35162,35.36389235512873
35163,-59.85360054593666
35164,-14.621627611483763
35165,0.9426183422156976
35166,0.7918623526905662
35167,62.6842422489548
35168,-73.69285326859337
35169,66.92637655071456
35170,-7.1614311962477135
35171,-81.79430655803603
35172,-8.462030295332166
35173,-25.48832116019004
35174,66.67786559521302
35175,-70.00177214726658
35176,-4.570557670765375
35177,0.6738077629700716
35178,-29.339563403830848
35179,-6.600381756755301
35180,-9.378462792188554
35181,65.42619944731254
35182,-81.57902346234334
35183,62.05451918020682
35184,-81.60524701245566
35185,-79.60369667857658
35186,63.43916046289162
35187,33.1843139999846
35188,-3.035867912087128
35189,36.45377391086433
35190,-14.272008968659264
35191,-2.397475375236197
35192,-61.764766818907816
35193,-29.098688259958934
35194,-7.555455916222436
35195,-29.363021281841824
35196,41.23192926608816
35197,-52.097808693924
35198,-11.546129035976737
35199,40.446016092897416
35200,-56.68679439014912
35201,62.05451918020682
35202,-29.88945412032293
35203,41.62096246352134
35204,-23.080775684065333
35205,41.46591220838843
35206,60.38129776010266
35207,63.67273444452013
35208,-6.742365709232661
35209,37.35607403424429
35210,-65.9821540280128
35211,-28.29826103741026
35212,38.209018555403816
35213,-35.01368001540324
35214,-1.474287259388002
35215,64.77665513860876
35216,-66.13989267666636
35217,-83.81971747855555
35218,-75.04296358989934
35219,-76.73759666932331
35220,36.94387326161974
35221,63.63737134053305
35222,-2.952297185709293
35223,-11.733546734261878
35224,-11.546129035976737
35225,-9.553368735833786
35226,-7.982558368901363
35227,39.20691585718373
35228,23.82042376379506
35229,-30.582640528340946
35230,-7.555455916222436
35231,-7.555455916222436
35232,-4.053000757719904
35233,58.29768907038191
35234,-29.88945412032293
35235,37.97785754879048
35236,-30.12097056508212
35237,-8.637826847993862
35238,-57.09360406069496
35239,-2.9252846124169407
35240,49.18349932254042
35241,-14.272008968659264
35242,-27.68261395787983
35243,41.360716646908514
35244,61.72097553439614
35245,-5.9520666407407
35246,-3.042298681698634
35247,-29.298637045239783
35248,-60.61211987898052
35249,-77.67837424224356
35250,-81.34308205284458
35251,-58.790977510585726
35252,44.355731387332746
35253,63.12220955715608
35254,45.09900333420647
35255,-68.5667245138844
35256,47.73003224984307
35257,-7.443237811187968
35258,65.68159380624571
35259,-76.28096144318964
35260,38.513316130681886
35261,-65.9821540280128
35262,-59.454589671725486
35263,-64.68710117740581
35264,67.54139519232349
35265,0.033344634021736
35266,-6.742365709232661
35267,-81.59496992054738
35268,-5.211101527738705
35269,-25.93100636149954
35270,-22.53211047411228
35271,-6.1848070518233085
35272,-6.388846857686595
35273,41.17119200820707
35274,-3.456401067412424
35275,-65.9821540280128
35276,30.8659929965501
35277,-80.49523654879764
35278,64.0946678990003
35279,-1.0096908234575852
35280,60.26794748539167
35281,-0.0049415119008786
35282,-34.985114288167885
35283,58.62090265347541
35284,41.30853578890112
35285,-4.246306853890822
35286,-24.531541864300443
35287,-77.40097620650758
35288,-5.9520666407407
35289,61.27674838031136
35290,-57.79770490234144
35291,59.46423673527472
35292,-29.05399492711421
35293,65.45199686797942
35294,-81.46937380579051
35295,-0.2940323127289713
35296,58.29768907038191
35297,-9.900940187383668
35298,46.62342926849317
35299,-32.68554617135796
35300,69.85775352695589
35301,-12.225267692457004
35302,37.48001261235228
35303,-9.448088332219214
35304,-78.20551259639815
35305,-11.311705457182232
35306,-6.420005395685479
35307,-4.157066171120881
35308,-64.04875208429908
35309,70.92080655431356
35310,69.45764344639555
35311,59.97388787808513
35312,-11.546129035976737
35313,-8.969844214109328
35314,-7.284319952221434
35315,-79.01363162172015
35316,66.87600054554409
35317,-67.997667904421
35318,-58.21544994316817
35319,62.21713432603123
35320,72.51632445253918
35321,-60.3031776248793
35322,-2.6234583598126493
35323,-73.25063151558061
35324,-6.1848070518233085
35325,40.87890736726635
35326,64.0946678990003
35327,-4.9193103978239225
35328,-7.5793852773935795
35329,-21.625248845276364
35330,44.01638274298236
35331,40.446016092897416
35332,-78.11182768005516
35333,-72.04365397288777
35334,-77.01319904075694
35335,-9.084285730682888
35336,-26.593555186272965
35337,69.19000117335344
35338,-5.957151204371323
35339,37.80356922138283
35340,40.446016092897416
35341,39.62014325746722
35342,-63.42730085243056
35343,42.688875494984
35344,-33.11223177752798
35345,-31.665166784123933
35346,-11.546129035976737
35347,-10.282032490621097
35348,50.90891423785055
35349,-0.9091302002316508
35350,62.88362675145272
35351,-1.5192884374338955
35352,-71.46319160781262
35353,-9.378462792188554
35354,-77.84433037508774
35355,-60.35112710673773
35356,-7.1620762709638
35357,-6.600381756755301
35358,60.7019418465053
35359,-58.60864217108337
35360,42.86068226324422
35361,-63.46729234826928
35362,-12.78021190085179
35363,58.29768907038191
35364,-3.739336821754909
35365,-76.24630060252294
35366,-80.31543185989396
35367,-11.192498875280704
35368,-9.61119857531795
35369,-67.38760867166184
35370,-58.60864217108337
35371,-65.57234063674011
35372,62.88362675145272
35373,-9.084285730682888
35374,-57.78633525429383
35375,-2.1641010685990265
35376,-27.68261395787983
35377,66.2209804205817
35378,66.87600054554409
35379,-73.79729088136806
35380,67.64790080754328
35381,69.57002928325099
35382,-61.00587443114739
35383,49.53389435106403
35384,-51.87496821535403
35385,-58.61160923419271
35386,66.6344850834237
35387,66.87600054554409
35388,-82.50916645321844
35389,-65.57234063674011
35390,62.88362675145272
35391,-70.71839510372496
35392,57.03158337149834
35393,-4.053000757719904
35394,65.35791944949582
35395,-24.543289290414737
35396,38.66023134486096
35397,4.038433046612175
35398,66.2209804205817
35399,-4.053000757719904
35400,-17.84307221861678
35401,-11.53715666649963
35402,-19.57450880288216
35403,-59.53624760348772
35404,-12.166479960656464
35405,41.75076893806055
35406,-80.31543185989396
35407,44.68835965988454
35408,-30.96650605858521
35409,-81.79430655803603
35410,-5.089636097124805
35411,-1.2810604490223572
35412,-9.764463343534713
35413,-81.0310896741366
35414,69.18566457280048
35415,66.87600054554409
35416,-25.672985765780023
35417,-2.4774877753084623
35418,2.8240504242986586
35419,-78.83415196797579
35420,-0.6158043002084206
35421,66.31368821642234
35422,-50.60603264277296
35423,-9.448088332219214
35424,66.90086046464727
35425,42.54576634093718
35426,-5.25744066590368
35427,-75.04296358989934
35428,-0.9678923514135338
35429,-9.32686718996075
35430,37.48001261235228
35431,-4.7793829658164775
35432,-79.86563232968484
35433,39.37714021462407
35434,-74.47411275461309
35435,-73.79729088136806
35436,-25.45078791291366
35437,-60.46057390638653
35438,60.605855642727136
35439,42.820648989203846
35440,41.17119200820707
35441,-75.00122332104375
35442,41.37103100614262
35443,-13.363040543884876
35444,-9.739298326204734
35445,50.79062753164512
35446,37.09779295924916
35447,63.12220955715608
35448,41.79706276337664
35449,39.24357192988927
35450,66.13632635327745
35451,70.40626257049145
35452,-59.268960544366095
35453,64.57175260320341
35454,-21.752371944796465
35455,56.51056995960813
35456,-5.211101527738705
35457,-75.82948103398786
35458,28.01645677274924
35459,-79.86563232968484
35460,60.16936506382001
35461,-29.88574251256923
35462,-57.91725824989235
35463,41.37103100614262
35464,-4.124334116823993
35465,-77.13597570289534
35466,47.906321577743896
35467,-7.046126815021905
35468,-5.957151204371323
35469,-64.04875208429908
35470,47.73003224984307
35471,64.35425031619232
35472,-7.267738595232091
35473,-81.57173153201988
35474,-79.01823305831311
35475,-2.146782051897411
35476,-25.480214443029425
35477,-74.34508711228425
35478,40.85109345215039
35479,-5.226916679032946
35480,49.44273531774685
35481,-55.55902558878396
35482,-10.599999453524148
35483,-30.01971840187333
35484,-83.81971747855555
35485,42.34484437445183
35486,-29.330049080305702
35487,-2.146782051897411
35488,-12.39100123542195
35489,38.209018555403816
35490,-5.38629402253918
35491,31.09885085269333
35492,-35.01368001540324
35493,-0.985884139676546
35494,-7.963301921082161
35495,-1.270669727999255
35496,-62.30197215089
35497,66.67786559521302
35498,50.10819566220116
35499,61.27674838031136
35500,66.57979653103436
35501,61.27776565375595
35502,65.42619944731254
35503,62.70315609703201
35504,59.21499798366709
35505,-80.0770984784899
35506,-23.927175460860127
35507,69.93425983452768
35508,-7.555455916222436
35509,-80.31543185989396
35510,-1.2536205085323069
35511,-10.153623316660562
35512,-83.81971747855555
35513,66.48783303339422
35514,-73.71906609660559
35515,-12.528545625102804
35516,-57.23698650720974
35517,60.86567498707716
35518,-9.553368735833786
35519,43.21614918101334
35520,-5.506124982144406
35521,-7.356162064618758
35522,45.70272959773108
35523,-23.232453958432828
35524,-79.07318834962241
35525,-9.420012697657349
35526,72.98948586611759
35527,38.209018555403816
35528,45.50825543092874
35529,4.222446195693352
35530,57.03158337149834
35531,-77.56995973972238
35532,-5.645350412324216
35533,-9.57924723476492
35534,33.67090100034951
35535,-25.45078791291366
35536,-22.68943232636501
35537,-9.900940187383668
35538,-58.13515333384738
35539,55.03881411213512
35540,66.59686927434367
35541,-30.025547836832985
35542,-82.45255217312979
35543,-82.25547235877514
35544,-9.553368735833786
35545,64.79555484058147
35546,-0.0895324569827442
35547,43.52131757158281
35548,67.26005083688436
35549,35.565736418174936
35550,-60.67696036274743
35551,-30.582640528340946
35552,61.08866810684215
35553,37.35607403424429
35554,-35.01368001540324
35555,36.96925526918597
35556,-7.356162064618758
35557,-6.0361220224964285
35558,-73.55552344914457
35559,69.57002928325099
35560,-1.5412698021041835
35561,-25.480214443029425
35562,-12.39100123542195
35563,-77.84433037508774
35564,-33.11223177752798
35565,-3.025588635306452
35566,-9.420012697657349
35567,-61.61008202280299
35568,32.64318021237382
35569,-63.74079852793481
35570,-76.51790543595288
35571,-77.67837424224356
35572,43.83918453468289
35573,-5.25744066590368
35574,-5.506124982144406
35575,66.48783303339422
35576,57.03158337149834
35577,-33.21584274483372
35578,-65.770492770636
35579,-79.53012741966609
35580,69.99428718514841
35581,-77.33700121378328
35582,-63.845777473438126
35583,-77.80942012390567
35584,55.03881411213512
35585,-7.744955901289027
35586,-15.265245417271128
35587,-34.985114288167885
35588,-27.297724325767973
35589,-6.777599554873656
35590,70.22101506390909
35591,-8.229253937472375
35592,-59.53624760348772
35593,-11.453806857655508
35594,5.807841273257319
35595,-82.21098611245003
35596,-65.62768003518492
35597,66.87600054554409
35598,-11.688109476548004
35599,-30.51026222611697
35600,-22.095429319505627
35601,60.082221865341445
35602,36.592565063045015
35603,-73.29055507202182
35604,-42.69361180719403
35605,-60.7972275284079
35606,-15.36623625555506
35607,-57.35263219332208
35608,-3.3961406895516624
35609,59.77879420007319
35610,-14.621627611483763
35611,49.29523963931063
35612,64.9484373307423
35613,45.50825543092874
35614,-2.6234583598126493
35615,41.60896256109521
35616,-12.325207839291718
35617,66.67786559521302
35618,-6.049085500094934
35619,-79.86563232968484
35620,-2.189483107164497
35621,-4.492465655859501
35622,-63.46729234826928
35623,63.45381739520791
35624,-66.34740746912851
35625,-73.78477743102573
35626,-5.809780855113009
35627,-66.13989267666636
35628,33.187348460202536
35629,-81.79430655803603
35630,-37.00771259015282
35631,-27.47204083001599
35632,-17.892126866860274
35633,-5.645350412324216
35634,-59.6180847351008
35635,-33.506715512657664
35636,-3.592516292450417
35637,46.48557575653546
35638,-80.49523654879764
35639,62.44867757623174
35640,35.565736418174936
35641,-11.823379946473242
35642,2.212471599380744
35643,-6.821897942913304
35644,-23.52580923646417
35645,-7.818318152665615
35646,61.45750040699149
35647,-64.04107145388897
35648,40.1226628374683
35649,-32.68554617135796
35650,-6.1848070518233085
35651,-26.593555186272965
35652,68.03375137959381
35653,73.88588739421523
35654,-56.0057050924827
35655,-28.315877479197805
35656,39.7379027152576
35657,-72.52660104298855
35658,-4.576198344811331
35659,-83.81971747855555
35660,67.1858282538723
35661,66.57979653103436
35662,-73.5895516274878
35663,38.48524100787155
35664,-57.91725824989235
35665,-5.609800851460346
35666,37.35607403424429
35667,-58.8357063493019
35668,61.72097553439614
35669,-8.969844214109328
35670,-10.02231359034351
35671,-30.72317675842654
35672,-14.272008968659264
35673,62.88362675145272
35674,-7.046126815021905
35675,38.17336781758149
35676,42.688875494984
35677,-78.20551259639815
35678,-59.85360054593666
35679,-23.044579954683773
35680,59.21499798366709
35681,-60.3031776248793
35682,-1.2810604490223572
35683,-24.853285965001763
35684,-6.388846857686595
35685,-9.553368735833786
35686,62.70315609703201
35687,-23.28100719724176
35688,-83.13993044033248
35689,-35.01368001540324
35690,-0.1712426507092175
35691,47.73003224984307
35692,-71.00587474518781
35693,-23.299258793608978
35694,64.82656308369052
35695,-55.95713310078592
35696,-0.9313041060881416
35697,44.00686161099746
35698,-4.053279586402226
35699,65.42619944731254
35700,-70.63278929064045
35701,-27.68261395787983
35702,-65.57234063674011
35703,34.25080884760605
35704,-77.67837424224356
35705,-75.69993106702901
35706,69.99521435870808
35707,-4.583280032167442
35708,-3.688741053776339
35709,-3.4744761467278327
35710,33.49543080282068
35711,36.09785579183117
35712,-13.72871625740289
35713,-33.14595440272681
35714,40.87890736726635
35715,66.2209804205817
35716,-17.390091023768406
35717,-58.790977510585726
35718,-2.952297185709293
35719,-6.742365709232661
35720,-25.45078791291366
35721,36.592565063045015
35722,-33.21584274483372
35723,-28.5981517860139
35724,41.17119200820707
35725,-66.13989267666636
35726,-77.04084401893495
35727,-9.448088332219214
35728,-25.973494925707243
35729,40.608503051654736
35730,-26.80380240166741
35731,66.10895852719685
35732,-28.360641616486568
35733,33.1843139999846
35734,-29.339563403830848
35735,-69.72442408968473
35736,70.33943430574838
35737,-63.42730085243056
35738,-64.04875208429908
35739,41.62096246352134
35740,-78.2636803013374
35741,28.01645677274924
35742,-77.84433037508774
35743,3.4684817582564973
35744,58.29768907038191
35745,-71.7709450522007
35746,-30.582640528340946
35747,32.0371863565712
35748,61.27674838031136
35749,-9.739298326204734
35750,-21.961351096361465
35751,-76.21450089163625
35752,-84.32585191742929
35753,-76.8147402567408
35754,-58.60864217108337
35755,61.72097553439614
35756,42.66497946698675
35757,-29.21815198495402
35758,-5.506124982144406
35759,-37.29529565264304
35760,68.15657848066213
35761,-80.08370938705114
35762,-79.01823305831311
35763,70.9465883657939
35764,62.21713432603123
35765,-58.26785957550576
35766,41.75076893806055
35767,33.67090100034951
35768,-2.6234583598126493
35769,-54.42697569188307
35770,-18.81640967645677
35771,-60.3031776248793
35772,-27.68261395787983
35773,-6.778956048610652
35774,-3.398736976039848
35775,-30.51026222611697
35776,-63.42730085243056
35777,-60.85642864282889
35778,42.62375744537479
35779,38.359911356537125
35780,66.59686927434367
35781,-56.71092575937083
35782,5.252191265545969
35783,55.03881411213512
35784,-24.55325091227593
35785,-6.600381756755301
35786,-65.4814721257076
35787,-23.1943169629012
35788,71.70187636106559
35789,-61.00696044530677
35790,45.827405667705456
35791,41.883266630486176
35792,-5.625156476407876
35793,-55.66638418564659
35794,-57.13832792521185
35795,-31.564196376608606
35796,-76.38309303657373
35797,-81.51510008845473
35798,-80.49523654879764
35799,-32.92128401572457
35800,37.35607403424429
35801,-6.1848070518233085
35802,-37.00771259015282
35803,61.27776565375595
35804,57.03158337149834
35805,31.09885085269333
35806,-5.957151204371323
35807,-73.29055507202182
35808,38.66023134486096
35809,-79.08556240286275
35810,64.3099234877773
35811,33.187348460202536
35812,66.48783303339422
35813,-11.546129035976737
35814,-21.625248845276364
35815,-12.827164314073382
35816,-81.03176761501817
35817,62.88362675145272
35818,44.68835965988454
35819,-80.06185074240936
35820,-82.13015823846484
35821,-81.79430655803603
35822,-60.5567275703032
35823,67.85917583543144
35824,33.49543080282068
35825,55.03881411213512
35826,36.45377391086433
35827,32.88362254099593
35828,66.6344850834237
35829,-10.599999453524148
35830,-67.997667904421
35831,-7.1620762709638
35832,-4.576198344811331
35833,38.209018555403816
35834,-8.637826847993862
35835,66.13632635327745
35836,-55.00572311696589
35837,-1.5396878904702702
35838,-66.34740746912851
35839,76.44748346479822
35840,-66.13989267666636
35841,-4.107897157272213
35842,36.003866775673465
35843,-1.9341010773831164
35844,-1.488338875037523
35845,39.04128435288842
35846,48.20737992666907
35847,-4.053000757719904
35848,-32.31480540936027
35849,-11.53715666649963
35850,42.66497946698675
35851,-0.4568680744408295
35852,-10.483249903272815
35853,37.774924554068576
35854,-73.02846508411407
35855,-13.22033108980494
35856,-7.7431531753215825
35857,-25.3993492455688
35858,-9.764463343534713
35859,-77.71709359843265
35860,-63.73255870089906
35861,-65.62768003518492
35862,-60.35075281044038
35863,-60.99231928360257
35864,-75.69993106702901
35865,33.49543080282068
35866,61.41375730897302
35867,-12.528545625102804
35868,-72.7668520512291
35869,37.577062471665535
35870,41.39043417625974
35871,-8.546083425986783
35872,-61.66916789659616
35873,-52.48770918304941
35874,-70.06177197165039
35875,-8.637826847993862
35876,59.77879420007319
35877,-54.251126885824384
35878,66.90086046464727
35879,-35.01368001540324
35880,39.7379027152576
35881,-2.6234583598126493
35882,-66.39832892987201
35883,33.49543080282068
35884,63.12220955715608
35885,32.18238549428198
35886,33.187348460202536
35887,-11.287974609028325
35888,34.87120305434096
35889,-9.448088332219214
35890,-59.04532054363583
35891,-84.32585191742929
35892,-32.31480540936027
35893,65.94516260093823
35894,-68.50527818858237
35895,-34.985114288167885
35896,43.886850115728265
35897,-65.770492770636
35898,-78.8418520458418
35899,-11.546129035976737
35900,-58.53277592474046
35901,-24.297373232324176
35902,59.84888169497435
35903,-22.49464080585928
35904,60.38129776010266
35905,-12.2024207042748
35906,42.54576634093718
35907,-6.4481164510461255
35908,-12.528545625102804
35909,-6.863841198138861
35910,63.94840761928521
35911,44.4618987374063
35912,34.50416107233498
35913,-3.5465416043322566
35914,-1.574747543901459
35915,41.67017313647488
35916,36.592565063045015
35917,67.05902871911334
35918,-0.0181919087865617
35919,73.2847908733296
35920,31.09885085269333
35921,43.70890137241313
35922,-12.827164314073382
35923,38.3251258143212
35924,-66.13989267666636
35925,-63.11371729516287
35926,-54.12517418526222
35927,59.84888169497435
35928,-12.528545625102804
35929,-71.67645804820461
35930,-4.053000757719904
35931,-5.643085642013803
35932,50.79062753164512
35933,-35.01368001540324
35934,-63.845777473438126
35935,-6.871361028318974
35936,64.15348407728693
35937,-1.354526342375853
35938,-8.546083425986783
35939,59.46423673527472
35940,-11.453806857655508
35941,-56.02516220449199
35942,39.4847852769952
35943,-77.93337976442588
35944,42.883206231035736
35945,-60.3031776248793
35946,-77.67837424224356
35947,-4.129608084731871
35948,-60.61211987898052
35949,43.14686945489685
35950,-6.427179744855183
35951,59.21499798366709
35952,58.62090265347541
35953,-29.21815198495402
35954,-7.311488654823895
35955,-75.78590540061035
35956,-59.85360054593666
35957,36.592565063045015
35958,-8.136730134044216
35959,-8.097023516359979
35960,-57.23697193090269
35961,-32.68554617135796
35962,-54.03522556810464
35963,55.03881411213512
35964,34.50416107233498
35965,-65.57234063674011
35966,-2.6234583598126493
35967,-24.256203370358445
35968,-6.0361220224964285
35969,-73.0280285428883
35970,-6.049085500094934
35971,39.84286708571373
35972,-78.99243041512378
35973,-5.571538727339916
35974,-32.31480540936027
35975,32.18238549428198
35976,-81.03176761501817
35977,-79.81045521175082
35978,-13.22033108980494
35979,-36.87172749683542
35980,46.57971933218818
35981,-63.61286579120507
35982,62.6842422489548
35983,-60.40271903088684
35984,-5.72695689945227
35985,-62.57917377523987
35986,-78.07131311985476
35987,-59.53624760348772
35988,-4.249329036499944
35989,-9.32686718996075
35990,-11.53715666649963
35991,36.96925526918597
35992,-7.284319952221434
35993,-24.13738214880557
35994,65.76023354776258
35995,-20.902279195464143
35996,-8.877807411754421
35997,-68.45781690802673
35998,-57.13832792521185
35999,-82.50916645321844
36000,62.88362675145272
36001,42.47942760257948
36002,-2.4327169473712296
36003,-4.92406524057483
36004,-81.24447883862852
36005,-25.80410215510464
36006,-29.92957715517493
36007,58.87886346405969
36008,-59.268960544366095
36009,-87.60970493893393
36010,60.16936506382001
36011,-39.23075382058258
36012,-60.35075281044038
36013,-74.4863025545347
36014,-2.146782051897411
36015,65.92096343566367
36016,68.92523016822275
36017,-1.488338875037523
36018,-10.02231359034351
36019,68.38644015539637
36020,-57.23698650720974
36021,61.27674838031136
36022,-79.04511818466082
36023,-11.688109476548004
36024,-75.0868709577145
36025,-4.015758346316834
36026,-8.546083425986783
36027,-73.08209409009156
36028,-30.298069621394863
36029,-81.20864135661725
36030,37.745533708534666
36031,33.66185301273812
36032,-56.78920759359287
36033,-75.32997912837324
36034,-58.13515333384738
36035,-34.985114288167885
36036,-61.6516526321991
36037,58.29768907038191
36038,65.50417115662911
36039,36.94765479201107
36040,-82.45019885366258
36041,-56.38294355612936
36042,39.04128435288842
36043,-31.564196376608606
36044,-78.66973378586562
36045,-77.91624213759422
36046,-75.59096329144413
36047,30.32895977484917
36048,38.3251258143212
36049,-60.61211987898052
36050,-7.284319952221434
36051,-6.1848070518233085
36052,-58.06344844904234
36053,32.0371863565712
36054,41.92965979444372
36055,-23.80236483884188
36056,-76.17771300035496
36057,-22.600906477944427
36058,66.57979653103436
36059,-33.11223177752798
36060,-5.571538727339916
36061,-9.448088332219214
36062,-76.38309303657373
36063,-9.764463343534713
36064,-66.13989267666636
36065,-5.645350412324216
36066,-30.01971840187333
36067,41.01567127031005
36068,64.0946678990003
36069,-76.94679490617122
36070,66.90086046464727
36071,-25.20935529144582
36072,-84.32585191742929
36073,-31.997035225462
36074,-82.25547235877514
36075,-12.166479960656464
36076,44.25652770495429
36077,-32.31480540936027
36078,-3.4744761467278327
36079,42.68242588937274
36080,-6.177505072547076
36081,-63.11371729516287
36082,-2.991859163335988
36083,38.21066284633041
36084,-81.24447883862852
36085,-13.030820328126673
36086,37.745533708534666
36087,-77.67972341971057
36088,45.50825543092874
36089,0.6383071768948989
36090,37.745533708534666
36091,-36.87172749683542
36092,63.45381739520791
36093,-57.10606882378807
36094,-28.683391641710653
36095,64.77665513860876
36096,-3.035867912087128
36097,-27.16413632979693
36098,-77.80942012390567
36099,-73.78477743102573
36100,-78.83415196797579
36101,-65.9821540280128
36102,-78.07131311985476
36103,-76.17430547900666
36104,-10.338756129730555
36105,48.29085287836912
36106,37.35607403424429
36107,-57.13832792521185
36108,35.64640862077056
36109,-75.0532166230127
36110,0.0221316010170297
36111,-8.368465748594115
36112,38.2868168210349
36113,-8.097023516359979
36114,-82.25547235877514
36115,-3.936581538293915
36116,72.5647176012364
36117,-33.506715512657664
36118,-34.95807918140065
36119,-22.94413002070588
36120,59.46423673527472
36121,-84.63736145911354
36122,-1.973178014087822
36123,-70.81009057685915
36124,59.77879420007319
36125,-6.202994380283196
36126,45.31345847402616
36127,-61.35862767232689
36128,63.256709317916574
36129,-82.13015823846484
36130,-57.25844572754509
36131,-10.153623316660562
36132,-81.03176761501817
36133,-6.881778582485199
36134,-5.25744066590368
36135,35.011445234563844
36136,-77.31064323635029
36137,0.942387727345142
36138,-60.55024444921672
36139,-77.72828894873695
36140,-8.097023516359979
36141,-8.877807411754421
36142,65.92096343566367
36143,32.0371863565712
36144,39.7379027152576
36145,-80.3926657001171
36146,-6.742365709232661
36147,-79.08556240286275
36148,-78.07131311985476
36149,-7.046126815021905
36150,-28.891185738768737
36151,-15.265245417271128
36152,-65.62768003518492
36153,-25.89941025218152
36154,-3.688741053776339
36155,60.597973726223856
36156,-55.90458627518361
36157,34.73171401118705
36158,-6.647180415778189
36159,62.88362675145272
36160,-13.3994702320226
36161,-2.6574728112283488
36162,-29.330049080305702
36163,-13.72871625740289
36164,46.62342926849317
36165,-3.1365452015992883
36166,-7.508437366087509
36167,-77.72828894873695
36168,45.01519830754198
36169,40.1226628374683
36170,-53.001209808237206
36171,-0.8998711026847444
36172,-3.5465416043322566
36173,-33.21584274483372
36174,-3.14574456729951
36175,60.38129776010266
36176,34.50416107233498
36177,65.86324282120505
36178,40.02157317483352
36179,-21.22423950498145
36180,30.050839404462703
36181,-1.2810604490223572
36182,-54.10866762440022
36183,-4.570557670765375
36184,-4.129608084731871
36185,8.089506534506732
36186,-57.18039031612253
36187,-2.146782051897411
36188,-29.05399492711421
36189,65.9209994354006
36190,-81.24447883862852
36191,38.9873977462912
36192,-23.89835430478429
36193,-8.097023516359979
36194,-76.01581749883991
36195,62.44867757623174
36196,-31.665166784123933
36197,40.446016092897416
36198,-35.46841942765896
36199,-28.29826103741026
36200,-13.363040543884876
36201,-2.1889543510485208
36202,-35.01368001540324
36203,-27.297724325767973
36204,59.84888169497435
36205,-13.72871625740289
36206,-75.16982401937118
36207,-64.68710117740581
36208,38.331030113943925
36209,37.6560493192638
36210,-6.5918658951684925
36211,35.565736418174936
36212,-32.04772762724403
36213,-0.9678923514135338
36214,8.908480940454137
36215,-8.136730134044216
36216,57.03158337149834
36217,-15.265245417271128
36218,-80.0770984784899
36219,-64.82095977470524
36220,-7.443237811187968
36221,-13.363040543884876
36222,-10.282032490621097
36223,-26.90170964924032
36224,-70.06177197165039
36225,-12.78021190085179
36226,47.96519054220976
36227,-9.378462792188554
36228,-56.52377310169646
36229,-32.31480540936027
36230,-2.8787476997154595
36231,-6.821897942913304
36232,67.16806546840736
36233,-34.95807918140065
36234,-24.338119569876312
36235,-0.5704561010732334
36236,-56.979123634728445
36237,-64.68710117740581
36238,-77.56995973972238
36239,-59.53624760348772
36240,64.67325060372272
36241,-5.085021430014953
36242,67.09022163200582
36243,-62.57917377523987
36244,-70.4353152409044
36245,61.27776565375595
36246,-28.315877479197805
36247,-2.8787476997154595
36248,-56.36404470660504
36249,-63.42730085243056
36250,-13.72871625740289
36251,-67.38760867166184
36252,59.97388787808513
36253,40.38872608069212
36254,-37.41483539242057
36255,-54.52760005131096
36256,-79.23771885320113
36257,0.117138376416721
36258,42.68242588937274
36259,-23.89835430478429
36260,40.38872608069212
36261,69.73659348626786
36262,-25.49614390013878
36263,-4.0718620869204685
36264,-80.59124666449476
36265,-6.821897942913304
36266,-4.707287472476658
36267,31.763100927614364
36268,-23.91741203273412
36269,31.09885085269333
36270,-77.93337976442588
36271,-23.91741203273412
36272,-26.589690255474125
36273,-11.733546734261878
36274,-3.6867712783234814
36275,36.003866775673465
36276,-81.03176761501817
36277,-37.095085352283206
36278,-14.621627611483763
36279,37.6689082738671
36280,39.5421043044861
36281,-10.153623316660562
36282,-14.272008968659264
36283,-76.21450089163625
36284,-37.00771259015282
36285,-5.522955850602402
36286,-31.097896504664806
36287,-59.9568486957246
36288,-7.490770849416285
36289,-66.39832892987201
36290,-86.54121288941853
36291,38.67907583028016
36292,-58.55211668246332
36293,63.60363297897865
36294,64.3099234877773
36295,-80.59124666449476
36296,-20.836559274781155
36297,-4.129608084731871
36298,-78.03664620254608
36299,2.790890807500859
36300,-27.68261395787983
36301,-19.58106268536023
36302,-66.34740746912851
36303,-61.66916789659616
36304,-57.90994291750098
36305,-4.9193103978239225
36306,-9.739298326204734
36307,-9.739298326204734
36308,-26.08846714149261
36309,-78.99243041512378
36310,-25.3993492455688
36311,-65.9821540280128
36312,-60.67696036274743
36313,-65.629971412495
36314,4.26197377441811
36315,-28.25132094738864
36316,3.034234948884131
36317,-28.29826103741026
36318,-78.29174401267721
36319,60.38129776010266
36320,-60.452023969006376
36321,60.16936506382001
36322,-4.157066171120881
36323,-12.104760179573974
36324,-71.66747709030223
36325,-73.78477743102573
36326,-5.632687457534021
36327,32.18238549428198
36328,-26.589690255474125
36329,-24.13738214880557
36330,-56.32808421986913
36331,-74.34720964578487
36332,-69.00527980345639
36333,37.6560493192638
36334,-74.08948875665622
36335,32.88362254099593
36336,-76.38309303657373
36337,-7.22776482463688
36338,-4.707287472476658
36339,-52.42984242743726
36340,40.02157317483352
36341,-7.284319952221434
36342,33.49543080282068
36343,-15.265245417271128
36344,-7.1620762709638
36345,-77.72828894873695
36346,38.24579872443751
36347,-12.78021190085179
36348,-12.166479960656464
36349,-75.09025961554347
36350,-58.13515333384738
36351,67.40461531676945
36352,-30.51026222611697
36353,-0.2535050511269094
36354,65.92096343566367
36355,-26.48481294382402
36356,-10.153623316660562
36357,-42.69361180719403
36358,-13.030820328126673
36359,4.056926783726835
36360,-82.50916645321844
36361,61.27776565375595
36362,-1.1850556707917783
36363,-22.222683105382327
36364,-4.707287472476658
36365,-60.55024444921672
36366,65.55556360823311
36367,-7.929497130462426
36368,65.35791944949582
36369,-76.17430547900666
36370,-2.832883039518488
36371,28.01645677274924
36372,2.790890807500859
36373,-0.9313041060881416
36374,40.41913399778904
36375,-12.166479960656464
36376,-20.836559274781155
36377,38.2868168210349
36378,-4.7092917025330046
36379,-26.57601972221224
36380,52.04576806019557
36381,-80.49523654879764
36382,-30.77901925872674
36383,-54.16609627989797
36384,-73.25300316336507
36385,-60.559255650517
36386,4.6420118781163735
36387,20.406207966696023
36388,39.28018341241492
36389,-3.035867912087128
36390,39.20058992700193
36391,-4.7793829658164775
36392,-11.453806857655508
36393,-6.090447846604482
36394,-14.272008968659264
36395,-72.98918102491025
36396,-83.76119254996739
36397,-28.29826103741026
36398,-9.900940187383668
36399,-10.338756129730555
36400,-22.91116897736478
36401,-7.555455916222436
36402,-26.39836358013893
36403,65.68159380624571
36404,1.4375274656918964
36405,-82.21098611245003
36406,64.94524468990342
36407,-56.32808421986913
36408,-66.13989267666636
36409,-11.453806857655508
36410,-5.25744066590368
36411,-9.43483683977903
36412,-24.31267887118926
36413,58.62090265347541
36414,63.29354560242157
36415,-9.055247152630423
36416,-23.44628492423705
36417,-26.441505760213644
36418,-33.21584274483372
36419,-12.166479960656464
36420,-60.3031776248793
36421,71.48113103989259
36422,41.17119200820707
36423,-80.59124666449476
36424,-75.59096329144413
36425,-72.04365397288777
36426,6.1477486306379685
36427,-75.16982401937118
36428,-29.52086551101474
36429,-31.7858876393341
36430,30.90410664844036
36431,-5.226916679032946
36432,-65.65244091646255
36433,-19.58106268536023
36434,37.774924554068576
36435,-4.352491845164973
36436,-75.16982401937118
36437,48.53374004944436
36438,39.24357192988927
36439,-7.636661691228428
36440,0.8946725776976885
36441,-31.7858876393341
36442,-59.14351195256092
36443,-55.66638418564659
36444,-81.20864135661725
36445,-55.061962731227936
36446,61.27674838031136
36447,-11.53715666649963
36448,66.24860342511289
36449,-4.460284456267318
36450,-25.631378399094658
36451,64.82656308369052
36452,0.6383071768948989
36453,45.47373915327806
36454,-37.095085352283206
36455,-5.211101527738705
36456,26.56985903934392
36457,26.56985903934392
36458,36.96925526918597
36459,68.2936770988876
36460,34.87120305434096
36461,-57.78633525429383
36462,-33.21584274483372
36463,-26.39836358013893
36464,-36.87172749683542
36465,32.18238549428198
36466,-60.61211987898052
36467,-12.166479960656464
36468,-36.31224893401012
36469,-55.90458627518361
36470,-57.311777053232326
36471,40.446016092897416
36472,-4.90331577926629
36473,41.17119200820707
36474,-20.836559274781155
36475,-4.3489653674164925
36476,-71.99222289639404
36477,69.19000117335344
36478,-57.00594204514183
36479,-11.377330132821614
36480,61.97620948620522
36481,-10.599999453524148
36482,-42.69361180719403
36483,47.73003224984307
36484,-56.565957763033495
36485,-25.03029599650125
36486,-9.420012697657349
36487,-1.6316910839726266
36488,32.64318021237382
36489,-13.594249395939364
36490,68.19500893887681
36491,62.23099780288063
36492,-11.287974609028325
36493,60.26794748539167
36494,43.75801146494958
36495,-53.47048073731673
36496,-74.49520893125315
36497,-63.61286579120507
36498,-4.492465655859501
36499,-80.31543185989396
36500,-25.48832116019004
36501,-75.09025961554347
36502,-64.69868609294193
36503,-2.0478996795755844
36504,60.38129776010266
36505,36.592565063045015
36506,-59.53615666456713
36507,-12.895678085969116
36508,35.235096463512136
36509,-78.83415196797579
36510,-3.035867912087128
36511,-72.52660104298855
36512,-54.92609686425349
36513,35.79018264890373
36514,30.8659929965501
36515,-11.546129035976737
36516,-29.339563403830848
36517,-66.89467032439165
36518,-2.832883039518488
36519,2.790890807500859
36520,-82.45019885366258
36521,30.064519195954965
36522,61.72097553439614
36523,-81.20864135661725
36524,-66.34740746912851
36525,-79.13258952429547
36526,-31.917955432942307
36527,75.08249053456005
36528,-66.13989267666636
36529,-77.2047209573548
36530,-75.8905094095421
36531,-75.66406820239929
36532,-68.50527818858237
36533,-82.21098611245003
36534,-59.12616047761921
36535,-52.8520662156918
36536,32.0371863565712
36537,36.592565063045015
36538,-77.33700121378328
36539,-59.53624760348772
36540,-69.75737987371498
36541,-62.57917377523987
36542,-83.61172633990587
36543,-12.225267692457004
36544,-58.0561660641678
36545,38.513316130681886
36546,-31.7858876393341
36547,43.93542778856423
36548,60.7019418465053
36549,69.19000117335344
36550,-19.740120575114567
36551,-12.96099012928064
36552,-72.08192003782545
36553,37.6689082738671
36554,40.21051106422577
36555,-63.1169837706596
36556,-5.571538727339916
36557,-4.015758346316834
36558,36.09785579183117
36559,-60.34905202963908
36560,-42.69361180719403
36561,-2.189483107164497
36562,-23.133200122127366
36563,69.90787060629951
36564,-31.81408746117697
36565,-76.21450089163625
36566,-37.00771259015282
36567,33.49543080282068
36568,66.59686927434367
36569,-1.973178014087822
36570,-77.72828894873695
36571,-60.5567275703032
36572,-1.9116631897280545
36573,38.3251258143212
36574,-4.249329036499944
36575,-76.17430547900666
36576,-7.833891757120658
36577,-67.5015616344919
36578,-69.65844266516515
36579,-81.79430655803603
36580,-12.166479960656464
36581,-3.4744761467278327
36582,-58.6187859856407
36583,43.18369756638643
36584,41.25222324061508
36585,32.18238549428198
36586,-6.742365709232661
36587,-80.23908027379706
36588,1.377712057188619
36589,-28.25132094738864
36590,63.12220955715608
36591,0.942387727345142
36592,-64.17874159975077
36593,-6.5918658951684925
36594,-5.899508547707656
36595,-54.10866762440022
36596,63.64088340541308
36597,-81.03176761501817
36598,-65.9821540280128
36599,-55.95713310078592
36600,-3.3133369579453005
36601,-24.31267887118926
36602,-82.21098611245003
36603,39.24357192988927
36604,-19.916345797734824
36605,-0.5704561010732334
36606,-75.0532166230127
36607,-26.15911408433579
36608,-4.492465655859501
36609,-68.50527818858237
36610,-24.55325091227593
36611,-2.688221157715723
36612,62.88362675145272
36613,-58.6187859856407
36614,-5.685342766663367
36615,-5.979353605657591
36616,-13.3994702320226
36617,33.67090100034951
36618,71.91735963081089
36619,-9.420012697657349
36620,-28.67844439788527
36621,-7.087160969987105
36622,41.256519286201815
36623,-59.12616047761921
36624,1.8330510616136475
36625,-59.396040069410326
36626,-30.226645350929115
36627,-84.32585191742929
36628,-57.18039031612253
36629,-57.55259785268672
36630,63.02072532613774
36631,-61.61008202280299
36632,-75.59096329144413
36633,-57.062898803163
36634,-60.55024444921672
36635,44.355731387332746
36636,-4.707287472476658
36637,-24.853285965001763
36638,-9.518060785037614
36639,-81.51510008845473
36640,41.75076893806055
36641,-83.13993044033248
36642,-7.069196530269151
36643,-73.08209409009156
36644,-57.062898803163
36645,38.38734606745897
36646,-4.492465655859501
36647,-4.062497896032767
36648,34.25080884760605
36649,-81.51510008845473
36650,39.6062647315411
36651,45.16850070304733
36652,-8.229253937472375
36653,-57.18039031612253
36654,-30.6373534098722
36655,-79.01823305831311
36656,-29.88574251256923
36657,-10.599999453524148
36658,41.37103100614262
36659,58.304506763952354
36660,43.94573952420674
36661,-27.159592386857017
36662,-61.21809115711319
36663,-71.1994985290627
36664,-6.202994380283196
36665,-80.96401231940538
36666,60.96222746407019
36667,52.42642920293791
36668,-61.75320819216195
36669,-8.893599290975198
36670,33.67090100034951
36671,-74.34720964578487
36672,32.0371863565712
36673,-13.363040543884876
36674,-37.41483539242057
36675,-80.49523654879764
36676,41.256519286201815
36677,40.38872608069212
36678,-5.928338515221402
36679,44.31822864988296
36680,58.29768907038191
36681,40.41913399778904
36682,43.29803137789596
36683,-24.25838878503157
36684,-32.68554617135796
36685,-36.78207132465313
36686,32.0371863565712
36687,-69.38258895329935
36688,-23.930399108937863
36689,-2.952297185709293
36690,-2.6574728112283488
36691,68.2936770988876
36692,26.56985903934392
36693,43.17035192831852
36694,62.105426844217206
36695,-4.7793829658164775
36696,-31.90661558337449
36697,58.87886346405969
36698,66.24860342511289
36699,-32.5593823233595
36700,39.09760529654858
36701,-12.895678085969116
36702,-55.720932347658696
36703,38.209018555403816
36704,-56.52377310169646
36705,-30.582640528340946
36706,-72.52660104298855
36707,-24.145948118595868
36708,59.46423673527472
36709,-22.793439964521227
36710,-61.66916789659616
36711,59.21499798366709
36712,-10.668268839432152
36713,-52.84922688826497
36714,-55.00572311696589
36715,-27.33024835280992
36716,60.9377909163016
36717,-82.45019885366258
36718,-9.912248854074091
36719,-35.01368001540324
36720,-24.55325091227593
36721,57.39445854015055
36722,-60.452023969006376
36723,37.09779295924916
36724,-61.75320819216195
36725,32.64318021237382
36726,-80.6200932478332
36727,-83.61172633990587
36728,-13.72871625740289
36729,-78.312481260073
36730,-58.33022189719252
36731,47.67303720106624
36732,63.12220955715608
36733,59.46423673527472
36734,-59.14351195256092
36735,-60.73819813605976
36736,-73.0280285428883
36737,-0.9966074506726584
36738,-63.1169837706596
36739,-70.40360350897265
36740,-79.23771885320113
36741,-76.30261200604369
36742,62.70315609703201
36743,45.1502821408368
36744,-2.2223287000767424
36745,-80.23908027379706
36746,-60.87728546887924
36747,-3.7731144598524624
36748,-56.979123634728445
36749,38.3251258143212
36750,-13.79633174577721
36751,-57.98762526534804
36752,65.63270865876669
36753,46.76860145782504
36754,-20.836559274781155
36755,65.85691702264717
36756,-75.90181309513596
36757,-12.2024207042748
36758,-71.24244508488184
36759,-31.7858876393341
36760,60.86567498707716
36761,-25.480214443029425
36762,-5.903691201047456
36763,32.18238549428198
36764,61.27776565375595
36765,-6.202994380283196
36766,-55.95713310078592
36767,-5.571538727339916
36768,-12.800122315930755
36769,-61.61008202280299
36770,-2.5651580788546173
36771,38.19247636468403
36772,-14.272008968659264
36773,32.0371863565712
36774,57.13631554220037
36775,-4.107897157272213
36776,-19.58106268536023
36777,-13.72871625740289
36778,-6.1848070518233085
36779,68.27959276657245
36780,-80.23908027379706
36781,-5.079448772955948
36782,-25.384642572712785
36783,-60.00454547279528
36784,-56.42703825491082
36785,64.9484373307423
36786,-5.079448772955948
36787,-12.166479960656464
36788,0.623956638144485
36789,-11.733546734261878
36790,-77.31064323635029
36791,-31.063109169038505
36792,60.86567498707716
36793,46.008335816721015
36794,42.210120875070565
36795,-78.56576991973648
36796,-2.6234583598126493
36797,-20.836559274781155
36798,-61.66916789659616
36799,3.034234948884131
36800,-1.2810604490223572
36801,-30.264393915647165
36802,-12.325207839291718
36803,33.49543080282068
36804,-76.27678628079659
36805,-29.92957715517493
36806,-63.1169837706596
36807,-55.87755088098804
36808,-79.25876018346082
36809,-5.645350412324216
36810,32.0371863565712
36811,-2.6234583598126493
36812,-7.284319952221434
36813,23.82042376379506
36814,-79.23771885320113
36815,-4.189488002668703
36816,1.5589209114241531
36817,-8.801456238884123
36818,44.50991267805632
36819,32.18238549428198
36820,-12.2024207042748
36821,63.45381739520791
36822,-5.211101527738705
36823,-74.49520893125315
36824,0.6383071768948989
36825,38.66023134486096
36826,-30.6373534098722
36827,-81.03176761501817
36828,-37.095085352283206
36829,-83.13993044033248
36830,-60.67696036274743
36831,-24.297373232324176
36832,-6.1848070518233085
36833,4.970636310770455
36834,4.652931057133642
36835,-81.4113187278966
36836,-80.31543185989396
36837,-9.420012697657349
36838,63.61039989114719
36839,20.406207966696023
36840,-5.645350412324216
36841,-81.20864135661725
36842,-0.6300049970340096
36843,-42.69361180719403
36844,33.187348460202536
36845,-30.355344786056087
36846,-78.29174401267721
36847,-24.298626636433507
36848,-63.11371729516287
36849,-13.72871625740289
36850,-80.96401231940538
36851,-85.17500859429687
36852,32.64318021237382
36853,58.304506763952354
36854,39.181770609085135
36855,-78.94650414957847
36856,-20.40121934027276
36857,36.94765479201107
36858,-79.12167083597784
36859,2.5915524815353583
36860,-6.384661853977779
36861,-3.14574456729951
36862,1.5589209114241531
36863,-26.48481294382402
36864,62.44867757623174
36865,38.86124059162277
36866,40.60996448976451
36867,-3.456401067412424
36868,58.304506763952354
36869,67.5225265325966
36870,-12.166479960656464
36871,-4.082417977467148
36872,38.331030113943925
36873,-15.265245417271128
36874,-29.88574251256923
36875,-42.69361180719403
36876,-79.20897150414184
36877,-32.31480540936027
36878,-3.529015751912313
36879,-57.78633525429383
36880,-50.50308728601209
36881,-7.284319952221434
36882,-63.74079852793481
36883,39.24357192988927
36884,32.465544353247445
36885,30.050839404462703
36886,-30.51026222611697
36887,-29.21815198495402
36888,-1.060896829732935
36889,-6.429870888767482
36890,-2.832883039518488
36891,-80.3926657001171
36892,-24.31267887118926
36893,-74.44472265880574
36894,56.248580832187365
36895,59.21499798366709
36896,-7.052482968155596
36897,2.790890807500859
36898,-62.51906190037447
36899,-5.394766719950487
36900,1.424080657214314
36901,-57.47958288671276
36902,65.2369031533395
36903,-74.26101480670572
36904,-8.102083010503403
36905,35.36389235512873
36906,1.377712057188619
36907,45.01861670255866
36908,30.064519195954965
36909,-32.809184818694945
36910,-19.41617544946501
36911,-27.49563127756174
36912,-28.952235732736256
36913,-83.9892894450079
36914,-14.272008968659264
36915,65.57451445184202
36916,-8.877807411754421
36917,-10.153623316660562
36918,2.790890807500859
36919,41.174427393369335
36920,-12.895678085969116
36921,45.05195093810313
36922,-80.3926657001171
36923,71.29237682382146
36924,-6.589776311020167
36925,-81.03176761501817
36926,-5.979353605657591
36927,-80.3926657001171
36928,-22.600906477944427
36929,20.406207966696023
36930,-30.226645350929115
36931,-81.51510008845473
36932,-24.8052581312836
36933,-54.70152768582663
36934,-34.95807918140065
36935,39.661304317169176
36936,-7.374235724649173
36937,-78.312481260073
36938,-59.396040069410326
36939,-4.822281413735726
36940,68.85809826838664
36941,59.21499798366709
36942,45.6420157771028
36943,-7.374235724649173
36944,-0.3901647777849737
36945,-80.9428770910788
36946,63.61039989114719
36947,-12.2024207042748
36948,-1.0735869824338709
36949,-8.721430897929537
36950,-12.166479960656464
36951,-28.69830512732389
36952,39.04128435288842
36953,52.42642920293791
36954,-31.063109169038505
36955,36.09785579183117
36956,-30.582640528340946
36957,-31.097896504664806
36958,-83.1669669565267
36959,-0.6300049970340096
36960,44.88909845644696
36961,4.114727914182911
36962,1.6926453629326232
36963,-26.3945213049806
36964,-59.00194801199216
36965,-2.6234583598126493
36966,-83.13993044033248
36967,0.1420597155660359
36968,-65.9821540280128
36969,-76.18418746715089
36970,-9.32686718996075
36971,-23.91741203273412
36972,67.40461531676945
36973,-62.06803567449823
36974,62.374484436763154
36975,-74.4863025545347
36976,60.86567498707716
36977,-76.94679490617122
36978,-84.32585191742929
36979,-9.420012697657349
36980,38.513316130681886
36981,-8.637826847993862
36982,-67.5015616344919
36983,-12.325207839291718
36984,-83.61172633990587
36985,58.29768907038191
36986,70.18323197645977
36987,63.66131211918036
36988,-2.768114954688248
36989,-26.39836358013893
36990,41.17119200820707
36991,-31.7858876393341
36992,-77.67972341971057
36993,-7.267738595232091
36994,61.27674838031136
36995,-7.374235724649173
36996,0.9257364528120552
36997,43.21614918101334
36998,62.70315609703201
36999,-75.78590540061035
37000,-78.83415196797579
37001,60.86567498707716
37002,71.29237682382146
37003,-74.62914647675753
37004,-80.23611884599846
37005,-78.07131311985476
37006,-75.16982401937118
37007,-2.615211041405586
37008,-67.5015616344919
37009,-0.1712426507092175
37010,4.056926783726835
37011,-81.53928326359386
37012,-1.811240637412596
37013,39.11144291967674
37014,-5.530340160331562
37015,61.72097553439614
37016,-28.69830512732389
37017,-9.084285730682888
37018,-31.063109169038505
37019,-8.546083425986783
37020,-63.24952072849187
37021,68.15657848066213
37022,-8.097023516359979
37023,-72.89959462053032
37024,-64.3961896411443
37025,42.51273761837056
37026,59.97388787808513
37027,37.88778034194998
37028,-62.57917377523987
37029,62.6842422489548
37030,43.14920524885534
37031,-73.78477743102573
37032,-9.61119857531795
37033,-4.492465655859501
37034,-9.420012697657349
37035,-79.23771885320113
37036,-73.78477743102573
37037,-9.912248854074091
37038,60.86567498707716
37039,-12.166479960656464
37040,-0.7286065706716451
37041,-62.62317512750174
37042,70.6716731340841
37043,-6.777599554873656
37044,-56.32808421986913
37045,-29.098688259958934
37046,-81.20864135661725
37047,-6.778956048610652
37048,-57.39690306060707
37049,41.25222324061508
37050,-77.46629257294605
37051,1.53450820544932
37052,47.81477522472711
37053,42.13664296247767
37054,46.05708926462268
37055,-9.739298326204734
37056,-27.159592386857017
37057,60.86567498707716
37058,-75.16982401937118
37059,-54.03522556810464
37060,60.52502850678471
37061,-59.424025365810486
37062,-70.25584877852678
37063,-77.13597570289534
37064,62.59058781580241
37065,-21.22423950498145
37066,-83.1669669565267
37067,-31.34958959391446
37068,-4.843274061997466
37069,-65.57234063674011
37070,63.66131211918036
37071,1.53450820544932
37072,71.2713216467942
37073,-87.36281140097564
37074,72.16749081784795
37075,-73.25063151558061
37076,62.70315609703201
37077,-6.821897942913304
37078,-74.16052335930453
37079,-2.6554977857232345
37080,-12.2024207042748
37081,-5.226916679032946
37082,-28.360641616486568
37083,33.1843139999846
37084,58.304506763952354
37085,-7.1620762709638
37086,-76.1003721260756
37087,-80.23611884599846
37088,-26.90170964924032
37089,-60.3031776248793
37090,-27.33024835280992
37091,-64.3961896411443
37092,-84.32585191742929
37093,-78.65485116594988
37094,61.54360140515848
37095,-81.20864135661725
37096,-26.48481294382402
37097,70.04753046445222
37098,-59.12616047761921
37099,-54.70704515393559
37100,-54.71352321564746
37101,-79.2269239696689
37102,64.82656308369052
37103,60.774826424632565
37104,40.60996448976451
37105,-76.17430547900666
37106,61.27776565375595
37107,-8.783996136305738
37108,-73.74411534940991
37109,39.20058992700193
37110,66.00163443642766
37111,41.883266630486176
37112,-5.298260165347219
37113,-66.34740746912851
37114,63.61039989114719
37115,-6.778956048610652
37116,62.23099780288063
37117,-62.8245176804589
37118,-63.74079852793481
37119,-75.16982401937118
37120,-77.82016394259695
37121,60.96222746407019
37122,68.38644015539637
37123,-32.64079624852081
37124,58.304506763952354
37125,2.790890807500859
37126,43.93542778856423
37127,-80.3926657001171
37128,-7.284319952221434
37129,-31.665166784123933
37130,-7.2961595753353565
37131,-30.582640528340946
37132,66.24860342511289
37133,-31.81408746117697
37134,0.0971654075795008
37135,-9.055247152630423
37136,66.00163443642766
37137,-5.903691201047456
37138,-2.8088156744006287
37139,-31.912097811340622
37140,-29.31208031466196
37141,-19.58106268536023
37142,-23.95062972148311
37143,-12.96099012928064
37144,-62.32195758776096
37145,-25.89243093185883
37146,-7.2961595753353565
37147,-6.916507583598252
37148,-30.582640528340946
37149,-11.551381428862944
37150,-9.32686718996075
37151,65.85346411764816
37152,-30.226645350929115
37153,42.688875494984
37154,-25.384642572712785
37155,2.3425032194830946
37156,39.20058992700193
37157,-5.809780855113009
37158,63.35854138725621
37159,60.86567498707716
37160,-3.620148105603538
37161,-83.1669669565267
37162,-68.45920161836217
37163,-4.899103721923519
37164,63.256709317916574
37165,-27.50363348230197
37166,49.07606743650085
37167,33.49543080282068
37168,-28.29826103741026
37169,67.40461531676945
37170,39.28018341241492
37171,0.0971654075795008
37172,41.01567127031005
37173,-26.3945213049806
37174,-12.827164314073382
37175,-59.56339553672499
37176,64.94524468990342
37177,-36.31224893401012
37178,-28.29826103741026
37179,-55.66812065712074
37180,-28.315877479197805
37181,31.09885085269333
37182,-62.57917377523987
37183,-4.053000757719904
37184,70.4614799835948
37185,66.57979653103436
37186,42.749614042736845
37187,59.97388787808513
37188,-75.16982401937118
37189,-67.5015616344919
37190,59.52103569610468
37191,-12.104760179573974
37192,33.49543080282068
37193,-84.63736145911354
37194,-22.489147222207173
37195,-14.123435709762688
37196,48.59585866237568
37197,-64.82095977470524
37198,-21.75549485884535
37199,-68.50527818858237
37200,-70.25584877852678
37201,-5.400118269777571
37202,-31.912097811340622
37203,-29.650846541009987
37204,59.97388787808513
37205,37.88778034194998
37206,-28.549728957208583
37207,59.52103569610468
37208,-1.9814400375199144
37209,4.992752120792414
37210,39.674547135034544
37211,-61.61008202280299
37212,-29.88574251256923
37213,30.90410664844036
37214,-54.88298412515767
37215,-30.861723689027976
37216,-60.52643305777697
37217,-81.51510008845473
37218,38.359911356537125
37219,-28.69830512732389
37220,43.886850115728265
37221,0.5126568858088905
37222,-63.42730085243056
37223,-6.5918658951684925
37224,-26.441505760213644
37225,-5.431101339109329
37226,68.2936770988876
37227,63.35854138725621
37228,37.695857413744335
37229,62.66337293331416
37230,-42.69361180719403
37231,-5.330068882542424
37232,-26.15911408433579
37233,-6.42176462252581
37234,-5.795125079259496
37235,-28.29826103741026
37236,-25.93100636149954
37237,34.25080884760605
37238,-51.23929976412244
37239,72.21997626649382
37240,-5.952215715253322
37241,-1.9116631897280545
37242,-76.18418746715089
37243,45.45106371327312
37244,32.64318021237382
37245,-9.61119857531795
37246,-7.490770849416285
37247,-6.050579272155439
37248,-81.03176761501817
37249,65.2369031533395
37250,-30.264393915647165
37251,36.94765479201107
37252,37.774924554068576
37253,-26.74080543490044
37254,-74.82348645840528
37255,-56.52377310169646
37256,-14.272008968659264
37257,-4.707287472476658
37258,35.79018264890373
37259,-35.57761513188263
37260,61.27674838031136
37261,-32.809184818694945
37262,70.78894946704045
37263,-84.69284019261403
37264,-31.34958959391446
37265,-6.589776311020167
37266,-82.1630162902096
37267,-57.87392274370601
37268,48.023734013991465
37269,-29.92957715517493
37270,-77.67837424224356
37271,-9.055247152630423
37272,-32.64079624852081
37273,-71.10458972141605
37274,-56.01507734848999
37275,-5.431101339109329
37276,-29.52086551101474
37277,-78.99243041512378
37278,64.85451014560927
37279,69.90787060629951
37280,-6.049085500094934
37281,38.86124059162277
37282,39.674547135034544
37283,-12.96099012928064
37284,-13.173233625378847
37285,-9.420012697657349
37286,-6.821897942913304
37287,66.31368821642234
37288,-63.74079852793481
37289,-78.99243041512378
37290,-87.36281140097564
37291,-76.81865246216563
37292,-65.65244091646255
37293,67.40461531676945
37294,-83.61172633990587
37295,-81.24447883862852
37296,-79.62504544622078
37297,30.90410664844036
37298,-0.3901647777849737
37299,-82.50916645321844
37300,38.19247636468403
37301,-2.621898610930722
37302,-4.92406524057483
37303,-57.49806024926288
37304,-54.02461050363201
37305,-0.913239500651608
37306,-10.483249903272815
37307,-22.91116897736478
37308,-24.21068827563423
37309,-68.50527818858237
37310,-2.8787476997154595
37311,73.79188793551855
37312,67.07557165917383
37313,61.27776565375595
37314,-2.489536084600652
37315,-25.80410215510464
37316,-8.722083356233142
37317,-76.51651116333852
37318,-63.42730085243056
37319,-54.02551889944533
37320,-0.1399969211371141
37321,-75.11385717314943
37322,-73.05583958144135
37323,-13.79633174577721
37324,-60.83724661035779
37325,-56.52377310169646
37326,-9.055247152630423
37327,-31.465658464670376
37328,-24.77942525890241
37329,-80.9428770910788
37330,-75.59096329144413
37331,70.4614799835948
37332,-6.440267737843263
37333,39.4264603407268
37334,58.87886346405969
37335,2.9592509050628
37336,44.52974135968691
37337,-69.67371238676004
37338,-34.41508847520425
37339,-61.54693152225035
37340,-2.768114954688248
37341,-29.21815198495402
37342,-81.4113187278966
37343,-31.90661558337449
37344,-53.609812572951846
37345,-59.9568486957246
37346,-68.3229362254914
37347,-75.00122332104375
37348,-7.982558368901363
37349,-2.0554266428461867
37350,58.87886346405969
37351,-54.534799363624685
37352,-12.800122315930755
37353,-34.56788423479265
37354,-12.325207839291718
37355,57.03158337149834
37356,-80.3926657001171
37357,-76.17430547900666
37358,57.13631554220037
37359,-78.96172241834091
37360,-23.42828696005316
37361,-87.36281140097564
37362,39.778913588075504
37363,61.27674838031136
37364,-81.03176761501817
37365,66.24860342511289
37366,-31.90661558337449
37367,-63.74079852793481
37368,-2.8572280577885136
37369,-11.352022392130316
37370,-12.800122315930755
37371,74.8211662296241
37372,-59.67289704171684
37373,-1.9116631897280545
37374,46.2388248491935
37375,36.09785579183117
37376,-57.18039031612253
37377,-12.166479960656464
37378,-55.2768094819955
37379,-23.94353404068291
37380,-2.8441885886070084
37381,-75.09437897905308
37382,38.19247636468403
37383,-28.29826103741026
37384,-24.853285965001763
37385,26.56985903934392
37386,41.75076893806055
37387,61.72097553439614
37388,2.5915524815353583
37389,20.406207966696023
37390,6.413533156783707
37391,-20.639630042077407
37392,-30.226645350929115
37393,-77.05598888796521
37394,-8.102083010503403
37395,69.45764344639555
37396,-6.777599554873656
37397,-30.226645350929115
37398,5.230152228058859
37399,-67.5015616344919
37400,66.75525063622713
37401,-31.063109169038505
37402,-1.2543581332194105
37403,-25.724604700679777
37404,61.27776565375595
37405,-64.04875208429908
37406,40.77144499827693
37407,-87.36281140097564
37408,59.97388787808513
37409,-2.8787476997154595
37410,-28.952235732736256
37411,43.13779797044428
37412,37.77189832951286
37413,65.61151185077479
37414,-4.63732738055362
37415,26.56985903934392
37416,-0.9926311352042344
37417,-60.52643305777697
37418,-32.64079624852081
37419,-1.811240637412596
37420,-80.23908027379706
37421,-73.37663579694338
37422,-57.5925202162938
37423,-11.462871979414087
37424,-12.855633978802524
37425,-59.9568486957246
37426,42.13664296247767
37427,-5.815768352252047
37428,-66.8130041081949
37429,52.42642920293791
37430,-12.895678085969116
37431,-26.39836358013893
37432,-27.79592576339916
37433,63.35854138725621
37434,41.55043142556697
37435,-20.836559274781155
37436,66.01238823740148
37437,-61.00696044530677
37438,-4.492465655859501
37439,-76.27678628079659
37440,-9.315219976225912
37441,66.01238823740148
37442,-59.14351195256092
37443,47.47320540575016
37444,61.54360140515848
37445,-4.955895201681686
37446,44.9066885309519
37447,-12.2024207042748
37448,-8.589919375479662
37449,63.02072532613774
37450,59.52103569610468
37451,-70.06177197165039
37452,0.5763014409751404
37453,-59.14351195256092
37454,45.99919619654846
37455,-26.08045262887548
37456,-65.4814721257076
37457,33.09428688569801
37458,-63.24952072849187
37459,62.23099780288063
37460,-80.3926657001171
37461,-73.74411534940991
37462,-2.4327169473712296
37463,61.27674838031136
37464,-31.564196376608606
37465,-84.69284019261403
37466,3.6965940530555694
37467,-84.63736145911354
37468,32.76032942341209
37469,-76.02596668223038
37470,-82.1630162902096
37471,-82.50916645321844
37472,62.59058781580241
37473,-29.21815198495402
37474,-29.92957715517493
37475,-12.2024207042748
37476,-84.63736145911354
37477,-12.166479960656464
37478,-62.06803567449823
37479,-6.589776311020167
37480,38.38734606745897
37481,-64.3961896411443
37482,-32.32484490535087
37483,-30.264393915647165
37484,-87.36281140097564
37485,-6.42176462252581
37486,-80.9428770910788
37487,-75.8430539934158
37488,-5.431101339109329
37489,3.4024059468203336
37490,69.21961086468806
37491,-60.39347396108403
37492,37.09779295924916
37493,-60.00454547279528
37494,-68.3229362254914
37495,-60.00454547279528
37496,-12.125912655891655
37497,61.76505948698859
37498,-21.75549485884535
37499,-75.16982401937118
37500,-11.453806857655508
37501,-79.39077021448205
37502,-57.12164271756981
37503,1.1091601915114002
37504,67.16806546840736
37505,64.15348407728693
37506,58.87886346405969
37507,38.83601403746917
37508,-30.64936292153402
37509,31.763100927614364
37510,-26.589690255474125
37511,-12.78021190085179
37512,-9.141425591787694
37513,-70.81009057685915
37514,-5.815768352252047
37515,-61.61008202280299
37516,38.12814057197109
37517,-7.636661691228428
37518,33.09428688569801
37519,46.6723157817176
37520,-3.3347769414737405
37521,51.9647775581495
37522,2.6185391744133195
37523,30.90410664844036
37524,-35.20291264821326
37525,36.09785579183117
37526,66.00163443642766
37527,30.32895977484917
37528,65.2369031533395
37529,66.13632635327745
37530,-0.4183793268318698
37531,-8.722083356233142
37532,-78.96172241834091
37533,-10.233909715431205
37534,-62.8245176804589
37535,-79.39077021448205
37536,-6.112254905560773
37537,33.67090100034951
37538,-31.65367944378184
37539,-33.21584274483372
37540,-1.488338875037523
37541,-61.67456867128373
37542,32.76032942341209
37543,-3.3760467496202624
37544,-5.928338515221402
37545,0.3028330781951596
37546,-7.016664457951864
37547,-16.932206740082606
37548,-7.087160969987105
37549,-12.827164314073382
37550,42.03879814862758
37551,-76.70627410548374
37552,67.23387420146746
37553,-29.116175467491026
37554,-8.95311750334193
37555,41.45073659446547
37556,-2.320446019572354
37557,-68.45920161836217
37558,-6.778956048610652
37559,-70.06177197165039
37560,-62.8245176804589
37561,-75.93544843186994
37562,-89.66472887255678
37563,34.616633549026304
37564,-15.265245417271128
37565,-84.29368354974434
37566,60.38129776010266
37567,-3.3961406895516624
37568,-26.57601972221224
37569,66.13632635327745
37570,0.6212801157664147
37571,-12.78021190085179
37572,-4.794460608800245
37573,-30.226645350929115
37574,-78.16948215588629
37575,-63.74079852793481
37576,-8.801456238884123
37577,40.38872608069212
37578,-30.226645350929115
37579,-23.098541454399765
37580,-78.00355318335795
37581,35.7975354856307
37582,-16.932206740082606
37583,-84.45601912295228
37584,3.8746135730084577
37585,-83.1669669565267
37586,-28.08185788049431
37587,-75.00122332104375
37588,-7.490770849416285
37589,35.7975354856307
37590,-16.753581431221043
37591,60.52502850678471
37592,-27.32214847206217
37593,-65.4286155958689
37594,-72.41220689533903
37595,-3.7112815669862513
37596,-0.3901647777849737
37597,63.63737134053305
37598,32.64318021237382
37599,-6.376178774470235
37600,-5.668229859772611
37601,-30.861723689027976
37602,-5.431101339109329
37603,-8.893599290975198
37604,69.5188079819132
37605,-36.31224893401012
37606,-31.912097811340622
37607,68.22523267201078
37608,61.27776565375595
37609,0.0584916056996159
37610,1.0468450024085063
37611,-52.05938756471385
37612,-26.64492908690229
37613,-13.72871625740289
37614,-10.233909715431205
37615,-6.090447846604482
37616,-67.86198649450296
37617,-74.41641400531955
37618,-28.67844439788527
37619,36.53355642435959
37620,-25.03029599650125
37621,59.21499798366709
37622,1.2713818780814137
37623,-4.2161197101870656
37624,65.5296971445887
37625,-24.112656993077245
37626,-0.8998711026847444
37627,-2.4327169473712296
37628,-10.338756129730555
37629,-55.11090571578976
37630,39.24357192988927
37631,-8.546083425986783
37632,72.40111750259389
37633,-62.62317512750174
37634,-65.67700071795211
37635,38.12814057197109
37636,-77.46629257294605
37637,63.63737134053305
37638,47.34111789224952
37639,-26.38536157905259
37640,-60.53976801902338
37641,2.248996530497622
37642,41.18933788282952
37643,-11.377330132821614
37644,69.57002928325099
37645,-75.19336110588293
37646,-25.631378399094658
37647,-8.783996136305738
37648,-0.5168094039672475
37649,-35.57761513188263
37650,-78.70107234924959
37651,32.465544353247445
37652,-7.7431531753215825
37653,-2.9955649352290408
37654,-0.341090954996841
37655,56.62038254403383
37656,-13.030820328126673
37657,66.01531890815536
37658,48.023734013991465
37659,-8.337118143551677
37660,-30.67525210160474
37661,57.39445854015055
37662,39.778913588075504
37663,-57.87671016964839
37664,-7.2961595753353565
37665,-9.055247152630423
37666,-23.81281814345777
37667,66.99117707087076
37668,69.67247767980686
37669,58.304506763952354
37670,41.01567127031005
37671,2.248996530497622
37672,-1.9116631897280545
37673,-12.19809659099003
37674,37.695857413744335
37675,68.33052992925238
37676,63.178729603016976
37677,-72.95892130613494
37678,-73.81976623998209
37679,67.18409047493236
37680,38.462090349881336
37681,-23.930399108937863
37682,-72.00566764591214
37683,39.181770609085135
37684,-31.063109169038505
37685,-4.492465655859501
37686,-60.97351804350088
37687,-75.8430539934158
37688,-5.632687457534021
37689,-75.93544843186994
37690,-56.979123634728445
37691,35.79018264890373
37692,52.42642920293791
37693,-60.67696036274743
37694,-62.57917377523987
37695,-1.9116631897280545
37696,61.87909234375616
37697,-73.02846508411407
37698,-12.895678085969116
37699,-79.13258952429547
37700,40.88146046030306
37701,-80.23908027379706
37702,-3.14574456729951
37703,-25.724604700679777
37704,65.50417115662911
37705,-7.929497130462426
37706,-12.96099012928064
37707,63.61039989114719
37708,-55.80238311091877
37709,40.21051106422577
37710,-35.57761513188263
37711,-63.01348463572369
37712,-89.66472887255678
37713,-2.472050880646254
37714,-29.52086551101474
37715,-2.320446019572354
37716,-26.64492908690229
37717,-8.136730134044216
37718,-60.83724661035779
37719,-68.3229362254914
37720,-53.7073530142914
37721,-5.744516403238987
37722,-76.94679490617122
37723,-55.81961636738861
37724,-61.54693152225035
37725,-2.2223287000767424
37726,57.0083890919788
37727,-73.16056488697839
37728,-87.36281140097564
37729,64.04243181802099
37730,-5.530340160331562
37731,-76.02596668223038
37732,-11.377330132821614
37733,67.18409047493236
37734,1.9947400381751423
37735,-69.43941129535538
37736,-73.68798907111986
37737,31.733439074856044
37738,-64.3961896411443
37739,37.774924554068576
37740,-6.589776311020167
37741,-10.338756129730555
37742,-31.34958959391446
37743,-66.89467032439165
37744,-56.88208968755038
37745,-60.97351804350088
37746,-56.5003410345711
37747,-31.912097811340622
37748,45.45106371327312
37749,-79.23771885320113
37750,63.02072532613774
37751,-25.724604700679777
37752,-67.00263265010251
37753,-12.2024207042748
37754,76.54867535797071
37755,-67.30890416862005
37756,64.9484373307423
37757,39.6062647315411
37758,61.27776565375595
37759,-26.57601972221224
37760,33.09428688569801
37761,-8.309580851519994
37762,58.304506763952354
37763,-61.67456867128373
37764,-82.1630162902096
37765,2.267617091580403
37766,-13.72871625740289
37767,71.22676144814507
37768,35.64640862077056
37769,60.774826424632565
37770,-6.778956048610652
37771,-1.017896128075611
37772,-1.237857072310228
37773,39.181770609085135
37774,42.68807116337985
37775,-24.145948118595868
37776,-57.47958288671276
37777,43.18369756638643
37778,-77.33700121378328
37779,-31.564196376608606
37780,-6.589776311020167
37781,0.9363883344226034
37782,-0.8217015002927754
37783,-26.262793301414487
37784,64.82656308369052
37785,0.3360327043366182
37786,36.52824222962657
37787,-1.7745133392511168
37788,-73.37663579694338
37789,65.83488368242782
37790,-64.82095977470524
37791,-62.62317512750174
37792,-35.40968151905861
37793,-56.01507734848999
37794,34.54652522589309
37795,-5.823098468723794
37796,-7.104276085586612
37797,-7.636661691228428
37798,1.5680875811348742
37799,-29.52086551101474
37800,-20.339802692488234
37801,-26.15911408433579
37802,-0.4002984280993447
37803,-13.594249395939364
37804,-31.912097811340622
37805,69.21961086468806
37806,-77.72828894873695
37807,-75.93544843186994
37808,-27.124916099901373
37809,-30.355344786056087
37810,-79.25876018346082
37811,-32.64079624852081
37812,-76.27678628079659
37813,-66.89467032439165
37814,-80.96401231940538
37815,60.52502850678471
37816,0.0300754482284268
37817,67.01452883027164
37818,-7.052482968155596
37819,-81.2890983582178
37820,-61.61008202280299
37821,38.12814057197109
37822,-20.406125111131026
37823,-61.78893776281656
37824,-0.4219107762203844
37825,-4.743106370997673
37826,-0.3609380569870986
37827,-24.759186205340708
37828,-31.90661558337449
37829,-28.69830512732389
37830,29.83883939163273
37831,-70.81009057685915
37832,-86.54121288941853
37833,31.763100927614364
37834,0.0300754482284268
37835,-6.503487531916506
37836,35.565736418174936
37837,4.758795798903974
37838,4.758795798903974
37839,-75.16982401937118
37840,-55.11090571578976
37841,58.87886346405969
37842,45.16503368163376
37843,62.66337293331416
37844,-89.66472887255678
37845,-2.768114954688248
37846,60.597973726223856
37847,-63.88774250598215
37848,-61.54693152225035
37849,37.6560493192638
37850,-61.30969801794622
37851,-0.965142807566959
37852,-9.141425591787694
37853,-2.245296190893054
37854,-80.34944922036834
37855,65.63270865876669
37856,37.092204917665214
37857,-62.51906190037447
37858,-12.800122315930755
37859,-63.66991045771511
37860,57.66810260125338
37861,-78.82326514060537
37862,29.83883939163273
37863,-32.32484490535087
37864,-57.22557943620706
37865,67.23387420146746
37866,-4.92406524057483
37867,-12.895678085969116
37868,35.79018264890373
37869,-81.2890983582178
37870,-81.51510008845473
37871,67.23387420146746
37872,-4.955895201681686
37873,39.51428573784775
37874,38.03515890045832
37875,0.1874156682642169
37876,63.63737134053305
37877,-75.88946404809361
37878,-14.123435709762688
37879,-12.104760179573974
37880,3.1527295868766907
37881,70.7399408984448
37882,66.730163293886
37883,-42.69361180719403
37884,62.02574376223859
37885,-54.88298412515767
37886,65.61151185077479
37887,-7.374235724649173
37888,-59.12616047761921
37889,-1.237857072310228
37890,43.14686945489685
37891,39.04128435288842
37892,38.19247636468403
37893,65.63270865876669
37894,-22.600906477944427
37895,41.25222324061508
37896,58.304506763952354
37897,-26.08846714149261
37898,33.67090100034951
37899,-0.6300049970340096
37900,49.828780381971946
37901,62.93414246073626
37902,-32.64079624852081
37903,68.53052595669482
37904,0.3360327043366182
37905,-26.623287798553147
37906,69.41661613477704
37907,-58.24248562391689
37908,-2.8787476997154595
37909,-4.006337205072796
37910,-7.636661691228428
37911,-61.78893776281656
37912,33.1843139999846
37913,69.16426337050586
37914,66.62905769792512
37915,-7.159873382694268
37916,-0.5168094039672475
37917,36.94765479201107
37918,-78.03664620254608
37919,-3.084032024431487
37920,31.733439074856044
37921,-58.33022189719252
37922,-8.25582118602204
37923,69.41661613477704
37924,-83.13993044033248
37925,68.92351715328283
37926,-78.96172241834091
37927,43.10093020207589
37928,-1.083592966567744
37929,-10.233909715431205
37930,2.019212180046431
37931,-67.30890416862005
37932,-28.891185738768737
37933,-26.024827751872422
37934,59.45668400098253
37935,-75.43674905755994
37936,-28.360641616486568
37937,64.57175260320341
37938,46.06814523687499
37939,39.778913588075504
37940,-32.184662934461926
37941,-70.571954532023
37942,-14.123435709762688
37943,66.91387809577218
37944,-56.5003410345711
37945,-11.532904793476398
37946,63.29354560242157
37947,-12.104760179573974
37948,-4.855891687558718
37949,38.92673863686435
37950,-32.32484490535087
37951,-6.647180415778189
37952,6.550528363430786
37953,66.730163293886
37954,-2.8572280577885136
37955,-15.265245417271128
37956,62.105426844217206
37957,-1.674071494958051
37958,-67.5015616344919
37959,-29.650846541009987
37960,30.90410664844036
37961,35.79018264890373
37962,-0.341090954996841
37963,67.01452883027164
37964,43.21614918101334
37965,62.59058781580241
37966,-27.22418297705055
37967,-26.602570429524445
37968,-8.136730134044216
37969,58.29768907038191
37970,-30.64936292153402
37971,-81.34308205284458
37972,-12.325207839291718
37973,-12.125912655891655
37974,-79.60243698875973
37975,31.67035557156585
37976,-86.54121288941853
37977,42.13664296247767
37978,-63.24952072849187
37979,-36.31224893401012
37980,-0.6425197784086709
37981,-70.4907490382071
37982,-7.490770849416285
37983,63.64088340541308
37984,-2.8787476997154595
37985,-5.186818640287576
37986,-83.61172633990587
37987,-76.01581749883991
37988,-3.529015751912313
37989,-10.483249903272815
37990,-0.5102451417753349
37991,-57.12164271756981
37992,45.43800640029822
37993,41.25222324061508
37994,-20.78212651832461
37995,41.42981428191317
37996,-11.377330132821614
37997,-78.96172241834091
37998,3.6965940530555694
37999,-79.2269239696689
38000,-83.9892894450079
38001,-27.80990010690697
38002,-29.116175467491026
38003,-5.625156476407876
38004,-61.21809115711319
38005,-2.6574728112283488
38006,-25.384642572712785
38007,-4.082417977467148
38008,-69.98989562777486
38009,0.909668899054212
38010,-83.61172633990587
38011,-27.22418297705055
38012,-75.09437897905308
38013,-78.29174401267721
38014,63.64088340541308
38015,-13.915703494032508
38016,-21.11529806017778
38017,-61.54693152225035
38018,-21.32611580498921
38019,0.6738077629700716
38020,-6.429870888767482
38021,-60.97716624836143
38022,69.13750458153402
38023,73.05728815288374
38024,-12.78021190085179
38025,-4.006337205072796
38026,-1.6316910839726266
38027,-4.082417977467148
38028,64.15348407728693
38029,59.97388787808513
38030,-68.3229362254914
38031,-56.979123634728445
38032,-64.17874159975077
38033,38.38734606745897
38034,-67.13778870998695
38035,-27.50363348230197
38036,-61.66680366077876
38037,-2.708410754949061
38038,45.52117325474068
38039,-6.177505072547076
38040,-64.17874159975077
38041,-7.159873382694268
38042,71.2713216467942
38043,64.23314237784807
38044,26.56985903934392
38045,-1.45077806933595
38046,64.87246810092829
38047,-12.96099012928064
38048,-8.893599290975198
38049,65.57451445184202
38050,-8.337118143551677
38051,-74.82348645840528
38052,-57.47958288671276
38053,-30.861723689027976
38054,35.42369189131042
38055,-60.39347396108403
38056,56.248580832187365
38057,-38.88337110805939
38058,-63.74079852793481
38059,67.5225265325966
38060,45.01861670255866
38061,-11.5858731893797
38062,-28.891185738768737
38063,71.38015261663968
38064,40.20637061071744
38065,-76.8634418675467
38066,-61.54693152225035
38067,-11.5858731893797
38068,-68.9753669337467
38069,-6.589776311020167
38070,-82.1151414424672
38071,-32.184662934461926
38072,41.2120431344069
38073,-59.60574082451209
38074,-8.806492285889872
38075,-3.237462155639588
38076,-14.078683058260914
38077,58.304506763952354
38078,-32.809184818694945
38079,37.8039446494628
38080,40.99527287653021
38081,-80.48513241535382
38082,-10.338756129730555
38083,-75.43674905755994
38084,-65.28802027318659
38085,-26.84052586012932
38086,-25.80410215510464
38087,59.45668400098253
38088,67.40461531676945
38089,-27.22418297705055
38090,-7.159873382694268
38091,58.7865191691666
38092,-4.658974496954302
38093,-7.069196530269151
38094,-54.44204060528032
38095,-6.5918658951684925
38096,69.99323721538899
38097,58.87886346405969
38098,-80.0770984784899
38099,-29.0990645007466
38100,-2.4327169473712296
38101,1.53450820544932
38102,-10.338756129730555
38103,62.374484436763154
38104,69.58353572979337
38105,-60.83724661035779
38106,34.25080884760605
38107,1.568477468973947
38108,-27.22418297705055
38109,57.0083890919788
38110,67.23387420146746
38111,-73.81976623998209
38112,-9.055247152630423
38113,7.495636045879032
38114,-11.377330132821614
38115,-0.4002984280993447
38116,-78.2676018564145
38117,-2.8787476997154595
38118,-9.084285730682888
38119,40.94217928797298
38120,-63.88774250598215
38121,-84.63736145911354
38122,-4.843274061997466
38123,57.39445854015055
38124,-6.090447846604482
38125,44.52974135968691
38126,-59.396040069410326
38127,1.386494242740807
38128,-56.5003410345711
38129,-23.95062972148311
38130,-36.87172749683542
38131,31.763100927614364
38132,-73.74411534940991
38133,-2.5947581929246724
38134,-32.594512599228025
38135,-61.60450707160435
38136,-26.15911408433579
38137,-61.22034255734639
38138,65.61151185077479
38139,41.47850695039725
38140,39.28018341241492
38141,-63.88774250598215
38142,-4.062497896032767
38143,64.36722502882189
38144,-11.061585620002692
38145,67.18409047493236
38146,-2.489536084600652
38147,-6.589776311020167
38148,43.14920524885534
38149,-59.14351195256092
38150,32.0371863565712
38151,70.22101506390909
38152,-60.97351804350088
38153,-21.325622001494384
38154,32.76032942341209
38155,73.51693726188196
38156,40.01886596017226
38157,-1.4760183036283752
38158,-82.1151414424672
38159,44.18388711915282
38160,20.406207966696023
38161,-74.82348645840528
38162,31.733439074856044
38163,36.678674143
38164,-79.66043763648607
38165,-27.79592576339916
38166,31.67035557156585
38167,-7.7431531753215825
38168,-78.94650414957847
38169,48.00245680832184
38170,58.304506763952354
38171,62.23099780288063
38172,-31.90661558337449
38173,-82.13015823846484
38174,-61.28019077839657
38175,-32.809184818694945
38176,-14.078683058260914
38177,-65.4814721257076
38178,-59.56339553672499
38179,33.960143175907014
38180,-28.08185788049431
38181,37.092204917665214
38182,-16.497147385962975
38183,0.090161390473054
38184,-69.43980470369492
38185,-54.50083515674722
38186,-0.4219107762203844
38187,-1.588788337876302
38188,69.21961086468806
38189,-29.92957715517493
38190,-3.807592339503606
38191,-73.37663579694338
38192,63.94840761928521
38193,-80.34944922036834
38194,60.86567498707716
38195,-73.68798907111986
38196,-3.882729562270682
38197,-32.809184818694945
38198,-32.64079624852081
38199,36.678674143
38200,-78.00355318335795
38201,-72.89959462053032
38202,-22.291933093163635
38203,-35.57761513188263
38204,-79.53012741966609
38205,-61.66680366077876
38206,-62.62317512750174
38207,-57.40700579241833
38208,33.09428688569801
38209,42.40365581978433
38210,-67.30890416862005
38211,-84.45601912295228
38212,-24.082930039473823
38213,-3.1097134362806216
38214,32.0371863565712
38215,39.674547135034544
38216,2.3742427084657782
38217,-78.16948215588629
38218,-61.54693152225035
38219,-63.74079852793481
38220,-1.219559296085354
38221,-58.24248562391689
38222,-62.51906190037447
38223,-56.24286236664423
38224,-78.99243041512378
38225,50.03644353544372
38226,-12.895678085969116
38227,-30.548424636285493
38228,59.52103569610468
38229,-52.06841374193145
38230,3.660302641243707
38231,-2.621898610930722
38232,-60.53976801902338
38233,-70.06177197165039
38234,-0.4219107762203844
38235,-3.258307164057795
38236,-8.573461658813702
38237,-28.952235732736256
38238,-77.05598888796521
38239,-58.89624328415062
38240,-75.87911054656743
38241,-61.73543927586852
38242,-24.248771144993928
38243,-6.335286595651562
38244,-63.88817964019178
38245,-28.360641616486568
38246,-30.54785311302493
38247,-55.25169997805408
38248,32.465544353247445
38249,65.57451445184202
38250,-4.082417977467148
38251,-35.50122422081198
38252,-73.74411534940991
38253,-63.16859916526714
38254,30.064519195954965
38255,-67.00263265010251
38256,41.95681417220623
38257,-14.123435709762688
38258,-16.753581431221043
38259,-6.589776311020167
38260,-6.790796838641787
38261,-37.05230572935025
38262,39.4264603407268
38263,39.195183770535614
38264,-7.592310348185379
38265,39.30592613316009
38266,39.7379027152576
38267,68.17370390917438
38268,-80.96401231940538
38269,-26.319093929082143
38270,-22.793439964521227
38271,32.465544353247445
38272,39.11144291967674
38273,-25.03029599650125
38274,-75.46194120259486
38275,-70.58930755670869
38276,-27.32214847206217
38277,35.64640862077056
38278,-6.778956048610652
38279,-75.29915463502036
38280,-12.33920307425114
38281,39.11144291967674
38282,69.99521435870808
38283,-8.783996136305738
38284,-6.778956048610652
38285,-86.54121288941853
38286,60.07118961971331
38287,-71.95081021927969
38288,62.59058781580241
38289,66.730163293886
38290,-11.551381428862944
38291,-79.60243698875973
38292,-70.06177197165039
38293,-76.18556868932717
38294,-65.4814721257076
38295,-4.41927051271705
38296,-79.60243698875973
38297,-28.444684403338
38298,-63.74079852793481
38299,-55.5847798322212
38300,66.10895852719685
38301,-24.55325091227593
38302,-7.159873382694268
38303,-15.28741358353316
38304,-73.74411534940991
38305,38.12814057197109
38306,-32.594512599228025
38307,1.0208582675986475
38308,-66.66130235608965
38309,-73.22635431533672
38310,-61.858952016465246
38311,-13.79633174577721
38312,39.11144291967674
38313,-75.43674905755994
38314,-75.70146740010505
38315,-12.778244826427208
38316,2.4913999301529426
38317,-13.72871625740289
38318,-49.7795713341483
38319,-18.235570394957183
38320,-11.377330132821614
38321,-25.633125053141107
38322,36.52824222962657
38323,69.58353572979337
38324,-75.25885995659942
38325,67.07557165917383
38326,-3.529015751912313
38327,37.374257585456526
38328,-11.352022392130316
38329,-0.5168094039672475
38330,-75.29915463502036
38331,40.77144499827693
38332,-57.22557943620706
38333,1.2713818780814137
38334,-2.9887532468658096
38335,-73.81976623998209
38336,-0.6425197784086709
38337,-8.573461658813702
38338,-74.18315579820944
38339,-30.548424636285493
38340,-76.18556868932717
38341,-75.47986389702434
38342,63.29354560242157
38343,59.45668400098253
38344,-26.64492908690229
38345,60.597973726223856
38346,-16.932206740082606
38347,70.76637321084303
38348,44.99250259275793
38349,-74.25605127752071
38350,-29.9132672472712
38351,64.26725528578103
38352,-16.932206740082606
38353,-30.548424636285493
38354,-67.77911640569694
38355,-75.43674905755994
38356,-5.668229859772611
38357,-73.74411534940991
38358,44.05950110024328
38359,-24.33796039083021
38360,-81.53928326359386
38361,58.87886346405969
38362,-15.28741358353316
38363,-24.97091642069894
38364,39.33265886501968
38365,-57.98762526534804
38366,-13.594249395939364
38367,62.23099780288063
38368,-12.96099012928064
38369,-75.87911054656743
38370,-14.7114560299577
38371,52.42642920293791
38372,2.816702203889918
38373,-23.930399108937863
38374,44.45335537858315
38375,30.050839404462703
38376,49.436114922881856
38377,61.54360140515848
38378,-27.79592576339916
38379,-66.89467032439165
38380,-59.14351195256092
38381,-7.427812913483621
38382,66.01238823740148
38383,-1.4391289199930355
38384,-9.141425591787694
38385,-65.12913828508454
38386,-22.59320955875592
38387,-76.30261200604369
38388,-29.21815198495402
38389,59.52103569610468
38390,45.45106371327312
38391,-7.490770849416285
38392,-0.6502983424837894
38393,-12.19809659099003
38394,-33.44954137608503
38395,-34.56788423479265
38396,-9.61119857531795
38397,-26.672452341128142
38398,-7.052482968155596
38399,43.29803137789596
38400,43.59337924078259
38401,-12.104760179573974
38402,-6.112254905560773
38403,41.16242116201257
38404,40.94217928797298
38405,-20.836559274781155
38406,65.5296971445887
38407,-6.790796838641787
38408,-77.46629257294605
38409,-28.48837027945429
38410,-12.166479960656464
38411,41.01567127031005
38412,37.774924554068576
38413,0.909668899054212
38414,52.42642920293791
38415,-57.47958288671276
38416,-68.3229362254914
38417,-60.39347396108403
38418,-56.01507734848999
38419,-61.21809115711319
38420,60.96222746407019
38421,67.07557165917383
38422,-26.64492908690229
38423,65.50417115662911
38424,64.36722502882189
38425,-60.97716624836143
38426,-0.4002984280993447
38427,-65.67700071795211
38428,-59.356835930990535
38429,-75.4612544985865
38430,-83.21638473643485
38431,66.730163293886
38432,-8.102083010503403
38433,-32.64079624852081
38434,-5.9272509177162505
38435,-1.0518194204705615
38436,35.79018264890373
38437,61.27243653142576
38438,-27.037183763215086
38439,39.674547135034544
38440,-87.36281140097564
38441,-68.3229362254914
38442,-0.9876792094607038
38443,39.51428573784775
38444,-12.125912655891655
38445,69.18618531733217
38446,-63.61286579120507
38447,-6.016565403626693
38448,-84.63736145911354
38449,-24.609386182438943
38450,-2.8088156744006287
38451,-6.935840642586304
38452,64.58819858792151
38453,-8.337118143551677
38454,-79.02893739321073
38455,-31.912097811340622
38456,-84.29368354974434
38457,-13.594249395939364
38458,-8.978717579646277
38459,43.59337924078259
38460,-64.17874159975077
38461,-60.78488364292623
38462,3.1162748582837247
38463,34.616633549026304
38464,-3.8260979999676494
38465,-78.94650414957847
38466,-63.11371729516287
38467,-28.674489971706663
38468,-11.352022392130316
38469,-8.893599290975198
38470,-3.3133369579453005
38471,-0.5704561010732334
38472,-33.44954137608503
38473,-26.623287798553147
38474,-24.082930039473823
38475,-7.2069916779160925
38476,-79.40117270088538
38477,-60.52643305777697
38478,-31.912097811340622
38479,-2.489536084600652
38480,-64.82095977470524
38481,-57.26598309332809
38482,-8.893599290975198
38483,37.092204917665214
38484,-8.783996136305738
38485,-63.74079852793481
38486,0.1825378064704264
38487,46.25021953618988
38488,64.76395352519309
38489,54.487324111412825
38490,-8.102083010503403
38491,-28.847457036936675
38492,-79.25876018346082
38493,74.06126671681955
38494,52.42642920293791
38495,-69.54162164750402
38496,58.7865191691666
38497,-9.141425591787694
38498,-82.13015823846484
38499,-4.41927051271705
38500,-76.88992125946523
38501,-63.74079852793481
38502,-4.92406524057483
38503,-31.465658464670376
38504,38.19247636468403
38505,5.311946858919199
38506,60.597973726223856
38507,-2.146782051897411
38508,-59.14351195256092
38509,-28.847457036936675
38510,37.374257585456526
38511,-82.1151414424672
38512,-83.9892894450079
38513,40.01886596017226
38514,-58.09562584991549
38515,30.90410664844036
38516,-83.9892894450079
38517,-4.658820049980526
38518,-11.532904793476398
38519,7.495636045879032
38520,-3.802026797756411
38521,-61.30969801794622
38522,67.40461531676945
38523,39.55487264826361
38524,-3.066127852415956
38525,-63.01348463572369
38526,41.47850695039725
38527,-8.172843552974651
38528,-74.9497290182407
38529,-4.657389191731818
38530,-2.893845312940077
38531,-27.50363348230197
38532,0.6385498827197369
38533,-26.38536157905259
38534,-29.650846541009987
38535,-75.00511508336018
38536,-26.57601972221224
38537,-76.30261200604369
38538,-8.973574087162257
38539,43.03346143459358
38540,-80.96401231940538
38541,-29.0990645007466
38542,0.1825378064704264
38543,-6.376178774470235
38544,-30.67525210160474
38545,-61.73543927586852
38546,-4.855891687558718
38547,-63.74079852793481
38548,-7.016664457951864
38549,1.3868752394170207
38550,64.34648097206916
38551,-34.637408782303815
38552,56.62038254403383
38553,-3.529015751912313
38554,-14.7114560299577
38555,-13.79633174577721
38556,57.0083890919788
38557,30.90410664844036
38558,-75.09437897905308
38559,-89.66472887255678
38560,-7.052482968155596
38561,-4.7092917025330046
38562,-6.42176462252581
38563,-59.56339553672499
38564,-3.882729562270682
38565,-78.96172241834091
38566,-1.6135650835394737
38567,-28.511979961199955
38568,-7.508437366087509
38569,65.5296971445887
38570,-55.63619963400883
38571,39.181770609085135
38572,-75.53571318793605
38573,-70.36183581777101
38574,43.29803137789596
38575,-78.10866932014147
38576,-81.51510008845473
38577,-77.41322856940835
38578,-0.379387277239885
38579,66.70221494299452
38580,69.66932515935784
38581,-75.43674905755994
38582,66.75525063622713
38583,-29.872154939398555
38584,-32.32484490535087
38585,-55.49885010889012
38586,-2.893845312940077
38587,38.77609988970802
38588,0.0300754482284268
38589,-59.91172643497842
38590,-76.01581749883991
38591,-74.81307809366916
38592,-79.13258952429547
38593,-79.39077021448205
38594,38.92673863686435
38595,-58.09562584991549
38596,-29.872154939398555
38597,-74.12128874189393
38598,-30.67525210160474
38599,-74.82348645840528
38600,71.94374230490834
38601,37.81796238103503
38602,31.763100927614364
38603,-73.55014346771895
38604,70.96352176248357
38605,39.4264603407268
38606,-58.69991497566863
38607,-8.893599290975198
38608,67.49913141103426
38609,-55.294529797574064
38610,-28.847457036936675
38611,58.304506763952354
38612,-8.573461658813702
38613,-1.083592966567744
38614,-82.13015823846484
38615,72.80940765163639
38616,-35.20291264821326
38617,71.28645160564437
38618,67.5225265325966
38619,-31.063109169038505
38620,-28.67844439788527
38621,-0.5578830083374928
38622,-7.592310348185379
38623,54.31719802737656
38624,-2.4327169473712296
38625,-82.1630162902096
38626,37.092204917665214
38627,-31.90661558337449
38628,-21.72582701381033
38629,49.37195003861187
38630,-6.090447846604482
38631,-1.0518194204705615
38632,41.127957382705766
38633,-60.53976801902338
38634,-83.13993044033248
38635,-5.928338515221402
38636,-59.97104676814675
38637,-64.17874159975077
38638,-34.56788423479265
38639,-76.51651116333852
38640,39.55487264826361
38641,31.733439074856044
38642,-73.47781300327142
38643,-1.6135650835394737
38644,-80.23908027379706
38645,-5.744516403238987
38646,-26.319093929082143
38647,-14.123435709762688
38648,39.28018341241492
38649,34.616633549026304
38650,65.85346411764816
38651,-76.88992125946523
38652,-2.0478996795755844
38653,-28.71092139307393
38654,-3.237462155639588
38655,-11.462871979414087
38656,-2.952297185709293
38657,-75.4612544985865
38658,-7.016664457951864
38659,-6.790796838641787
38660,-31.65367944378184
38661,65.63270865876669
38662,-57.87671016964839
38663,67.88565581224339
38664,-38.491969746771375
38665,30.064519195954965
38666,59.52103569610468
38667,-76.8634418675467
38668,35.7975354856307
38669,-18.08144143625943
38670,-82.26138841020594
38671,-27.50363348230197
38672,-61.66680366077876
38673,-1.6700980845699895
38674,63.35854138725621
38675,-61.0012616193556
38676,-78.68374174942129
38677,57.0083890919788
38678,67.16166960028312
38679,-83.1669669565267
38680,0.623956638144485
38681,-4.082417977467148
38682,-28.88607784846269
38683,66.75525063622713
38684,-79.60243698875973
38685,44.52974135968691
38686,-26.08045262887548
38687,-24.609386182438943
38688,-30.298069621394863
38689,-67.77911640569694
38690,-27.80990010690697
38691,-6.016565403626693
38692,-30.264393915647165
38693,-65.28802027318659
38694,4.758795798903974
38695,-7.069196530269151
38696,-71.5913218968143
38697,67.07557165917383
38698,65.50417115662911
38699,-54.12502196404576
38700,45.19052628855992
38701,57.39445854015055
38702,-63.66991045771511
38703,59.52103569610468
38704,35.64640862077056
38705,44.99250259275793
38706,-61.01840211433539
38707,-75.26302627798383
38708,-3.3559508620206424
38709,-78.6095510745543
38710,-8.783996136305738
38711,-27.49563127756174
38712,-57.76828598251437
38713,40.61470130098366
38714,-2.621898610930722
38715,-0.4497277553909713
38716,-30.520626817503008
38717,-60.78488364292623
38718,-5.81575344985397
38719,40.24476122521156
38720,-80.23908027379706
38721,-80.34944922036834
38722,-82.26138841020594
38723,1.1763367048931608
38724,39.30592613316009
38725,-73.74411534940991
38726,31.67035557156585
38727,37.577062471665535
38728,66.67164417772793
38729,-29.56367849391013
38730,0.6163495332005766
38731,-60.97716624836143
38732,-32.809184818694945
38733,-76.65637020137169
38734,59.45668400098253
38735,-7.929497130462426
38736,0.4348768798880751
38737,-21.635534401022408
38738,-70.12510694951213
38739,-63.80753505039732
38740,-61.30969801794622
38741,69.46826694140486
38742,-26.90170964924032
38743,-8.665848486471571
38744,-83.9892894450079
38745,-71.95081021927969
38746,35.64640862077056
38747,-34.637408782303815
38748,-54.618897075559104
38749,-54.19354782151039
38750,-58.69991497566863
38751,-7.104276085586612
38752,65.50594138962444
38753,54.1701189863732
38754,47.1180279892662
38755,60.86567498707716
38756,-71.95081021927969
38757,-75.53571318793605
38758,64.41422736478553
38759,-80.34944922036834
38760,-15.28741358353316
38761,-26.91514381606173
38762,-8.783996136305738
38763,-14.123435709762688
38764,-54.59669987979759
38765,-23.83409142627013
38766,-4.189488002668703
38767,46.6723157817176
38768,-30.64936292153402
38769,59.45668400098253
38770,29.83883939163273
38771,33.09428688569801
38772,72.40111750259389
38773,32.465544353247445
38774,62.02574376223859
38775,-75.41904353063637
38776,-60.73819813605976
38777,-18.51129154556949
38778,-3.14574456729951
38779,-57.40700579241833
38780,-79.62504544622078
38781,-3.084032024431487
38782,63.02072532613774
38783,-65.67700071795211
38784,-26.672452341128142
38785,-73.81976623998209
38786,-5.952215715253322
38787,-29.31208031466196
38788,40.6574403262379
38789,-8.978717579646277
38790,-57.12164271756981
38791,-59.604332314448165
38792,41.16242116201257
38793,-61.21809115711319
38794,66.75525063622713
38795,4.1390011064490375
38796,-24.759186205340708
38797,-0.6300049970340096
38798,71.34736451740203
38799,-27.124916099901373
38800,-89.66472887255678
38801,-2.846374892834511
38802,-2.5947581929246724
38803,-80.96401231940538
38804,-1.0518194204705615
38805,69.99521435870808
38806,-83.1669669565267
38807,-78.94650414957847
38808,68.92351715328283
38809,40.94217928797298
38810,-82.13015823846484
38811,-2.846374892834511
38812,-59.00194801199216
38813,-60.53976801902338
38814,41.15895303283688
38815,-80.96401231940538
38816,-26.38536157905259
38817,69.25973029154218
38818,-31.997035225462
38819,-7.376813906757533
38820,-61.0012616193556
38821,-7.508437366087509
38822,-57.12164271756981
38823,-64.3961896411443
38824,64.85444465970849
38825,-2.58843883016809
38826,-35.04293626942805
38827,-79.25876018346082
38828,59.52103569610468
38829,-5.823098468723794
38830,-6.440267737843263
38831,37.695857413744335
38832,-37.05230572935025
38833,-5.6083100848594185
38834,3.741266243805416
38835,-18.51129154556949
38836,-4.658820049980526
38837,6.238655596750808
38838,68.92523016822275
38839,-16.000204288156464
38840,-5.1587463038701
38841,-11.377330132821614
38842,-5.1587463038701
38843,-61.34755892655328
38844,71.56390295935792
38845,-62.70530487057347
38846,-24.68674194134309
38847,-78.2676018564145
38848,-14.123435709762688
38849,-82.13015823846484
38850,66.91387809577218
38851,-20.52745440750016
38852,65.60035202695035
38853,-32.809184818694945
38854,-78.312481260073
38855,67.65543831890324
38856,-63.88774250598215
38857,71.38015261663968
38858,-81.2890983582178
38859,-10.779984445612149
38860,-18.235570394957183
38861,-7.636661691228428
38862,-16.000204288156464
38863,33.86023324922746
38864,-6.381666213811831
38865,-4.468718957681839
38866,-75.76558362185226
38867,-1.796472763898874
38868,-26.84052586012932
38869,57.66810260125338
38870,53.72976777547306
38871,-3.100341063185792
38872,-76.01581749883991
38873,-8.783996136305738
38874,-79.62504544622078
38875,-8.978717579646277
38876,60.86567498707716
38877,-5.543057008674042
38878,-7.104276085586612
38879,-12.778244826427208
38880,60.597973726223856
38881,-78.68374174942129
38882,-26.602570429524445
38883,-29.872154939398555
38884,-32.594512599228025
38885,39.33265886501968
38886,-30.520626817503008
38887,67.07557165917383
38888,-1.3369206085801508
38889,-9.204215616373489
38890,-52.04936386375528
38891,-61.75320819216195
38892,41.127957382705766
38893,-74.34722527268666
38894,-70.12510694951213
38895,-12.104760179573974
38896,-59.424025365810486
38897,34.616633549026304
38898,-18.51129154556949
38899,-60.87728546887924
38900,-61.0012616193556
38901,-26.08045262887548
38902,37.695857413744335
38903,-80.34944922036834
38904,-48.26203473206307
38905,-76.8634418675467
38906,-13.79633174577721
38907,-0.5899014977038242
38908,-28.847457036936675
38909,40.723505323448805
38910,-9.026612144620652
38911,-12.19809659099003
38912,-66.34740746912851
38913,40.723505323448805
38914,-59.56339553672499
38915,-6.790796838641787
38916,67.01452883027164
38917,-27.86584460026121
38918,-78.95613173760876
38919,-82.26138841020594
38920,-3.258307164057795
38921,71.34736451740203
38922,-75.29915463502036
38923,59.52103569610468
38924,-6.778956048610652
38925,-65.67700071795211
38926,66.24860342511289
38927,-78.6095510745543
38928,-5.298260165347219
38929,-5.186818640287576
38930,-3.3559508620206424
38931,63.35854138725621
38932,37.53728608892789
38933,-3.90366871356517
38934,-61.01840211433539
38935,-5.543057008674042
38936,-25.80903838513228
38937,-63.80753505039732
38938,-66.89467032439165
38939,-61.28019077839657
38940,-14.7114560299577
38941,56.62038254403383
38942,-22.856521840196013
38943,2.210128416398308
38944,-6.916507583598252
38945,-31.465658464670376
38946,-1.6700980845699895
38947,-0.6502983424837894
38948,37.695857413744335
38949,-18.235570394957183
38950,-5.271071307912684
38951,69.97763902908814
38952,-79.05155136000862
38953,-58.89624328415062
38954,50.053991567360846
38955,37.88778034194998
38956,57.8774663095349
38957,-30.548424636285493
38958,-8.806492285889872
38959,-37.05230572935025
38960,-5.625156476407876
38961,-7.592310348185379
38962,64.75129231707422
38963,-3.258307164057795
38964,56.248580832187365
38965,-7.929497130462426
38966,-53.42398869804422
38967,-89.66472887255678
38968,-80.34944922036834
38969,54.31719802737656
38970,39.11144291967674
38971,-2.5609906429225084
38972,-2.5947581929246724
38973,-75.4612544985865
38974,-79.62504544622078
38975,-59.00194801199216
38976,-72.00566764591214
38977,40.61470130098366
38978,41.16242116201257
38979,71.68660149421073
38980,-80.48513241535382
38981,-7.016664457951864
38982,3.1527295868766907
38983,-60.78488364292623
38984,62.48868541348126
38985,67.26005083688436
38986,-6.429870888767482
38987,-2.525308178513132
38988,-26.319093929082143
38989,45.45106371327312
38990,-36.31224893401012
38991,-7.2069916779160925
38992,67.65543831890324
38993,-1.6135650835394737
38994,-80.23611884599846
38995,-8.573461658813702
38996,62.11154017975798
38997,42.622879431341104
38998,-75.47986389702434
38999,-74.25605127752071
39000,-69.96449221321366
39001,-3.529015751912313
39002,-71.07720299388627
39003,-3.807592339503606
39004,-16.753581431221043
39005,-31.912097811340622
39006,38.38734606745897
39007,-6.790796838641787
39008,-31.65367944378184
39009,41.18933788282952
39010,-30.861723689027976
39011,-60.87728546887924
39012,-61.22034255734639
39013,-23.6473670562328
39014,-1.0518194204705615
39015,-72.45511488245579
39016,-22.291933093163635
39017,36.678674143
39018,-54.16609627989797
39019,-27.037183763215086
39020,-8.923724965115321
39021,-78.16948215588629
39022,-77.02738518220582
39023,-4.123958981972992
39024,-8.444524043921131
39025,1.5680875811348742
39026,-26.64492908690229
39027,46.32053981408233
39028,-72.83833834547133
39029,-75.76863600141685
39030,37.8039446494628
39031,65.85346411764816
39032,-24.780054223202
39033,-31.063109169038505
39034,-27.10001692654641
39035,-71.95081021927969
39036,-73.37663579694338
39037,-72.41220689533903
39038,-30.54785311302493
39039,69.46826694140486
39040,-76.18556868932717
39041,-32.184662934461926
39042,-60.83724661035779
39043,-4.086198451577316
39044,-8.444524043921131
39045,-38.88337110805939
39046,-67.31198192170727
39047,-80.23611884599846
39048,44.55741861530117
39049,-29.56367849391013
39050,62.70836358924517
39051,-82.1151414424672
39052,-61.28019077839657
39053,-7.104276085586612
39054,37.8039446494628
39055,-33.44954137608503
39056,-75.06262446533708
39057,-27.86584460026121
39058,-75.29915463502036
39059,-62.8245176804589
39060,-67.5015616344919
39061,-52.86775186023718
39062,-8.801456238884123
39063,-8.978717579646277
39064,-31.93272825721977
39065,-82.1151414424672
39066,-8.102083010503403
39067,-28.56182309020386
39068,-6.016565403626693
39069,-55.78940905681623
39070,-75.09437897905308
39071,-60.97716624836143
39072,-58.33022189719252
39073,57.39445854015055
39074,29.83883939163273
39075,-56.66327796017725
39076,35.035509814242545
39077,3.463063117762787
39078,-58.89624328415062
39079,-5.81575344985397
39080,-29.872154939398555
39081,-12.778244826427208
39082,-66.3549591450482
39083,40.01886596017226
39084,-16.497147385962975
39085,-57.64317881068785
39086,-28.341754264045328
39087,-9.204215616373489
39088,-12.104760179573974
39089,-1.6135650835394737
39090,-2.5947581929246724
39091,-29.0990645007466
39092,-2.489536084600652
39093,-75.43674905755994
39094,-80.9428770910788
39095,-66.34740746912851
39096,-3.3559508620206424
39097,-78.70107234924959
39098,-52.86775186023718
39099,-2.9887532468658096
39100,25.71147351979828
39101,-60.39347396108403
39102,-63.80753505039732
39103,-4.059944113244608
39104,-83.1669669565267
39105,-1.674071494958051
39106,30.90410664844036
39107,-63.74079852793481
39108,0.0601315310199828
39109,-18.51129154556949
39110,67.90133857770888
39111,29.83883939163273
39112,-1.0518194204705615
39113,-77.05598888796521
39114,37.53728608892789
39115,-54.70152768582663
39116,-11.5858731893797
39117,-86.54121288941853
39118,-36.31224893401012
39119,0.0326385450446595
39120,-28.67844439788527
39121,-7.104276085586612
39122,-73.82447912173464
39123,38.92673863686435
39124,-8.337118143551677
39125,1.2651720682278738
39126,-63.74079852793481
39127,37.774924554068576
39128,1.2651720682278738
39129,-28.48837027945429
39130,-71.07720299388627
39131,-74.25605127752071
39132,-5.952215715253322
39133,-28.71092139307393
39134,40.99527287653021
39135,0.1825378064704264
39136,-7.368013323005136
39137,-8.444524043921131
39138,-80.9428770910788
39139,64.34648097206916
39140,-78.95613173760876
39141,-3.802026797756411
39142,-84.29368354974434
39143,-59.00194801199216
39144,-4.011208102449703
39145,-73.37663579694338
39146,-6.42176462252581
39147,-59.79166726615607
39148,-15.28741358353316
39149,-8.978717579646277
39150,36.48969851458147
39151,62.70836358924517
39152,63.29354560242157
39153,-3.7112815669862513
39154,-22.24002216473721
39155,-31.90661558337449
39156,-55.81961636738861
39157,43.40776618483931
39158,-74.34722527268666
39159,37.85603666383731
39160,-24.21068827563423
39161,2.781197492010383
39162,-2.846374892834511
39163,-3.14574456729951
39164,-7.159873382694268
39165,32.465544353247445
39166,-31.465658464670376
39167,-1.7048119464829048
39168,31.733439074856044
39169,-57.87671016964839
39170,-72.87653968868017
39171,37.6689082738671
39172,-36.31224893401012
39173,31.67035557156585
39174,44.99250259275793
39175,-63.80753505039732
39176,-70.81009057685915
39177,-59.9568486957246
39178,57.8774663095349
39179,-9.518060785037614
39180,-1.0518194204705615
39181,-70.81009057685915
39182,67.65543831890324
39183,33.86023324922746
39184,-70.36183581777101
39185,-76.51651116333852
39186,62.93414246073626
39187,30.90410664844036
39188,-27.037183763215086
39189,54.487324111412825
39190,-29.872154939398555
39191,2.8771338720596047
39192,-25.89243093185883
39193,39.778913588075504
39194,-78.16948215588629
39195,-5.758184359012056
39196,50.3751002379325
39197,-72.97230847612218
39198,-86.54121288941853
39199,-2.621898610930722
39200,-24.21068827563423
39201,-35.27189056636829
39202,-32.809184818694945
39203,-4.364844209393329
39204,50.253420599458416
39205,-8.893599290975198
39206,54.487324111412825
39207,-8.25582118602204
39208,-62.8245176804589
39209,-7.817858216864539
39210,-16.497147385962975
39211,62.374484436763154
39212,-1.0382394756370354
39213,-28.847457036936675
39214,44.52974135968691
39215,-22.24002216473721
39216,35.04906177043678
39217,-8.978717579646277
39218,61.76505948698859
39219,-73.82268839482086
39220,-3.7112815669862513
39221,-29.9132672472712
39222,-61.66680366077876
39223,-16.000204288156464
39224,-71.99775217725383
39225,-11.5858731893797
39226,-38.88337110805939
39227,50.94809509275744
39228,-30.67525210160474
39229,-58.5928040582016
39230,-1.237857072310228
39231,-14.7114560299577
39232,29.83883939163273
39233,-5.040073936352415
39234,-61.18248014228127
39235,-3.258307164057795
39236,37.092204917665214
39237,46.83550084025482
39238,25.71147351979828
39239,-80.96401231940538
39240,59.97388787808513
39241,-36.31224893401012
39242,37.53728608892789
39243,69.63473610230064
39244,-2.8441885886070084
39245,-28.674489971706663
39246,-80.48513241535382
39247,-5.1587463038701
39248,69.13750458153402
39249,-57.926621437277255
39250,-77.77000928711283
39251,-5.952215715253322
39252,-66.3549591450482
39253,-75.46194120259486
39254,-61.66680366077876
39255,-59.604332314448165
39256,-61.858952016465246
39257,40.60996448976451
39258,-66.3549591450482
39259,-5.823098468723794
39260,-80.95975236802701
39261,-54.556902289509736
39262,50.253420599458416
39263,34.616633549026304
39264,-67.30890416862005
39265,41.03094205852325
39266,37.8039446494628
39267,-22.856521840196013
39268,39.065704480380816
39269,-24.759186205340708
39270,39.195183770535614
39271,62.78941838508413
39272,-16.000204288156464
39273,72.00857750412212
39274,60.597973726223856
39275,-27.86584460026121
39276,50.3751002379325
39277,-7.508437366087509
39278,41.70731618583878
39279,-35.50122422081198
39280,44.45335537858315
39281,-56.5003410345711
39282,-61.01840211433539
39283,-80.34944922036834
39284,-58.24248562391689
39285,67.57336916111088
39286,-25.673087214555498
39287,-12.104760179573974
39288,-13.173233625378847
39289,-8.573461658813702
39290,73.61288460587589
39291,67.16166960028312
39292,-32.184662934461926
39293,-60.25662092954415
39294,-1.5624136882455455
39295,43.93103879280214
39296,-57.926621437277255
39297,68.17016799523267
39298,45.01861670255866
39299,-15.28741358353316
39300,-27.063077042533948
39301,63.7443936571915
39302,-6.016565403626693
39303,-2.8572280577885136
39304,54.31719802737656
39305,76.29456583758818
39306,47.51769849830072
39307,-75.53571318793605
39308,-31.912097811340622
39309,-61.858952016465246
39310,33.86023324922746
39311,-26.84052586012932
39312,-27.22418297705055
39313,-77.09969538126839
39314,39.674547135034544
39315,-76.18556868932717
39316,69.43333345957251
39317,33.86023324922746
39318,-0.3475958003281505
39319,34.616633549026304
39320,43.75619747163407
39321,-37.05230572935025
39322,-27.74482701133728
39323,35.035509814242545
39324,-4.794460608800245
39325,60.07118961971331
39326,-0.6645867648980941
39327,72.50944342524662
39328,56.248580832187365
39329,37.695857413744335
39330,44.50991267805632
39331,-61.858952016465246
39332,-4.41927051271705
39333,-12.800122315930755
39334,-8.573461658813702
39335,-66.98878588030352
39336,65.5296971445887
39337,57.66810260125338
39338,-5.543057008674042
39339,-74.9497290182407
39340,-7.571024967155976
39341,-77.09969538126839
39342,-79.2269239696689
39343,39.33265886501968
39344,33.86023324922746
39345,-16.753581431221043
39346,66.11247103846748
39347,-30.548424636285493
39348,30.064519195954965
39349,65.61151185077479
39350,-12.855633978802524
39351,-27.66609382282809
39352,61.54360140515848
39353,34.616633549026304
39354,-14.123435709762688
39355,-62.70530487057347
39356,-57.46875108118241
39357,32.465544353247445
39358,1.7397284726795932
39359,-61.28019077839657
39360,-6.016565403626693
39361,-79.2269239696689
39362,-27.49563127756174
39363,-3.258307164057795
39364,-29.31208031466196
39365,-58.65337644069654
39366,-73.82447912173464
39367,-78.2676018564145
39368,53.72976777547306
39369,-78.68374174942129
39370,61.6567139049568
39371,-81.53928326359386
39372,-36.31224893401012
39373,-66.3549591450482
39374,-35.50122422081198
39375,40.01886596017226
39376,-29.872154939398555
39377,-6.790796838641787
39378,-62.59011382655054
39379,72.00857750412212
39380,69.25973029154218
39381,-3.3153591679917813
39382,-35.27189056636829
39383,-79.05155136000862
39384,-71.09429034232716
39385,35.42369189131042
39386,-58.57542943226695
39387,-55.87755088098804
39388,-30.64936292153402
39389,-14.7114560299577
39390,-13.915703494032508
39391,-64.17874159975077
39392,-73.55014346771895
39393,71.3213871467407
39394,-74.25605127752071
39395,39.55853298772945
39396,-3.802026797756411
39397,-61.0012616193556
39398,-29.4578512373525
39399,-27.037183763215086
39400,-6.384661853977779
39401,-76.18556868932717
39402,-3.744612715872932
39403,-61.60450707160435
39404,-73.74411534940991
39405,-1.0518194204705615
39406,-76.57738215973987
39407,-8.893599290975198
39408,-6.112254905560773
39409,57.0083890919788
39410,-3.110953854048088
39411,-0.3901647777849737
39412,46.2158161091345
39413,-36.31224893401012
39414,61.6567139049568
39415,-63.80753505039732
39416,53.72976777547306
39417,-25.59988535826107
39418,-78.6095510745543
39419,-72.09676890152569
39420,-62.62317512750174
39421,-1.0382394756370354
39422,-62.59011382655054
39423,-30.374722172278567
39424,42.93888873451563
39425,40.81606666790218
39426,-2.846374892834511
39427,-66.98878588030352
39428,39.55487264826361
39429,44.99250259275793
39430,-27.67907578832908
39431,-28.363570051912845
39432,-74.25605127752071
39433,68.17016799523267
39434,-63.66991045771511
39435,-25.211234671473846
39436,0.1825378064704264
39437,-25.633125053141107
39438,-8.573461658813702
39439,-75.47986389702434
39440,-32.32484490535087
39441,-35.04293626942805
39442,-4.41927051271705
39443,-0.3609380569870986
39444,-6.589776311020167
39445,-0.5899014977038242
39446,-16.753581431221043
39447,-3.5650832394350545
39448,-75.8430539934158
39449,-0.4049373925023438
39450,-24.982494246486723
39451,-1.674071494958051
39452,-8.978717579646277
39453,-28.511979961199955
39454,-29.872154939398555
39455,-83.1669669565267
39456,-27.49563127756174
39457,62.23099780288063
39458,-61.25482958792532
39459,-1.3184432257969343
39460,-4.263797558605681
39461,-6.884341601260032
39462,-60.25662092954415
39463,-21.72753275647712
39464,-60.97716624836143
39465,-6.429870888767482
39466,60.2575353306696
39467,-33.44954137608503
39468,53.72976777547306
39469,-77.77000928711283
39470,-61.22034255734639
39471,-78.68374174942129
39472,-34.41508847520425
39473,3.1162748582837247
39474,-8.978717579646277
39475,-79.20897150414184
39476,-30.67525210160474
39477,-7.817858216864539
39478,-89.66472887255678
39479,-84.29368354974434
39480,25.71147351979828
39481,-3.7384230529006106
39482,36.48969851458147
39483,37.6689082738671
39484,-26.84834162780149
39485,-1.0518194204705615
39486,45.263160816551256
39487,-4.011208102449703
39488,-8.444524043921131
39489,65.5296971445887
39490,40.723505323448805
39491,40.01886596017226
39492,-73.74411534940991
39493,-6.884341601260032
39494,-38.491969746771375
39495,-30.548424636285493
39496,-3.802026797756411
39497,-61.78893776281656
39498,63.35854138725621
39499,-3.741056442982977
39500,72.6820261128653
39501,65.85346411764816
39502,39.849764122779625
39503,56.62038254403383
39504,-7.683848593650048
39505,-83.1669669565267
39506,61.27243653142576
39507,-14.7114560299577
39508,68.92351715328283
39509,-83.21638473643485
39510,-80.9428770910788
39511,39.55487264826361
39512,-54.85373308261974
39513,-76.18556868932717
39514,-72.82834938730731
39515,-8.25582118602204
39516,-59.103308273676014
39517,-75.46194120259486
39518,-60.89839832574668
39519,-8.25582118602204
39520,-59.70338133537781
39521,0.2651016445401424
39522,-4.843274061997466
39523,57.66810260125338
39524,-10.233909715431205
39525,-16.000204288156464
39526,57.8774663095349
39527,-74.10164664174334
39528,-55.5847798322212
39529,41.127957382705766
39530,-80.95975236802701
39531,-28.08185788049431
39532,54.487324111412825
39533,-1.6135650835394737
39534,-16.497147385962975
39535,-60.52643305777697
39536,1.7026445652583289
39537,64.76395352519309
39538,-8.978717579646277
39539,44.99250259275793
39540,-0.6425197784086709
39541,-57.47958288671276
39542,-63.01348463572369
39543,-30.64936292153402
39544,-69.98594061463032
39545,1.2651720682278738
39546,-62.70530487057347
39547,-16.753581431221043
39548,-55.67403904625712
39549,-35.20291264821326
39550,-62.59011382655054
39551,-8.589919375479662
39552,30.90410664844036
39553,-79.2269239696689
39554,69.49020103031127
39555,-78.70107234924959
39556,2.768080632165592
39557,-61.858952016465246
39558,-17.359299228663552
39559,-54.88298412515767
39560,31.67035557156585
39561,66.11247103846748
39562,-6.112254905560773
39563,-12.778244826427208
39564,-29.948807075171807
39565,-38.491969746771375
39566,25.71147351979828
39567,-24.759186205340708
39568,-34.87383613993965
39569,62.48868541348126
39570,-77.21357315926734
39571,44.754395635800826
39572,-76.8634418675467
39573,-80.34944922036834
39574,57.0083890919788
39575,-58.24248562391689
39576,70.81720205191536
39577,66.75525063622713
39578,-3.100341063185792
39579,-12.19809659099003
39580,39.30592613316009
39581,54.487324111412825
39582,-1.877310011165596
39583,-77.21357315926734
39584,41.127957382705766
39585,-3.7112815669862513
39586,-58.5928040582016
39587,-75.4612544985865
39588,-71.95081021927969
39589,-79.05155136000862
39590,39.4264603407268
39591,-4.059944113244608
39592,-7.636661691228428
39593,-4.794460608800245
39594,-66.3549591450482
39595,63.7443936571915
39596,46.71180588465551
39597,-78.82326514060537
39598,-34.56788423479265
39599,-5.1587463038701
39600,-55.5847798322212
39601,-8.721430897929537
39602,-5.854097567606338
39603,69.35305670547652
39604,67.65543831890324
39605,-59.604332314448165
39606,64.58819858792151
39607,56.62038254403383
39608,-78.82326514060537
39609,-10.83049057076
39610,-1.674071494958051
39611,-28.68881732090757
39612,67.16166960028312
39613,-27.09027786848662
39614,-82.1151414424672
39615,-71.0572752721249
39616,-14.7114560299577
39617,-27.86584460026121
39618,-14.7114560299577
39619,40.61470130098366
39620,-37.05230572935025
39621,-5.758184359012056
39622,-53.31280558942013
39623,-38.491969746771375
39624,37.53728608892789
39625,-60.73819813605976
39626,-61.28019077839657
39627,-33.44954137608503
39628,42.98785437414254
39629,43.75619747163407
39630,-3.258307164057795
39631,39.6062647315411
39632,68.89103987811626
39633,-6.090447846604482
39634,-69.51782234375725
39635,-37.41483539242057
39636,39.6062647315411
39637,-7.22776482463688
39638,-58.69991497566863
39639,39.58050009502495
39640,-5.952215715253322
39641,41.127957382705766
39642,-20.606361223377284
39643,71.82100721082332
39644,-80.48513241535382
39645,38.77609988970802
39646,64.75129231707422
39647,-74.85461125185945
39648,0.7215893586333291
39649,-75.06262446533708
39650,-10.779984445612149
39651,-63.80753505039732
39652,-31.93272825721977
39653,-35.20291264821326
39654,-0.6645867648980941
39655,33.86023324922746
39656,-77.02738518220582
39657,-9.204215616373489
39658,-75.4612544985865
39659,-77.05598888796521
39660,-78.2676018564145
39661,-74.25605127752071
39662,-5.9272509177162505
39663,-71.99775217725383
39664,-78.2676018564145
39665,-34.56788423479265
39666,45.31081019544976
39667,64.76395352519309
39668,-9.204215616373489
39669,40.94217928797298
39670,65.57451445184202
39671,-61.66680366077876
39672,-80.95975236802701
39673,-35.50122422081198
39674,-27.10001692654641
39675,57.0083890919788
39676,31.763100927614364
39677,67.62458027401317
39678,-24.21068827563423
39679,-11.377330132821614
39680,69.7721298328343
39681,-56.5003410345711
39682,45.21746992468003
39683,-30.548424636285493
39684,-79.40117270088538
39685,69.23567029591602
39686,-27.66609382282809
39687,-35.27189056636829
39688,-1.7745133392511168
39689,-71.95081021927969
39690,-1.7048119464829048
39691,-60.97716624836143
39692,-61.60450707160435
39693,69.84261539772126
39694,-4.059944113244608
39695,39.13891810737034
39696,-78.2676018564145
39697,-78.94650414957847
39698,54.487324111412825
39699,-11.352022392130316
39700,54.487324111412825
39701,36.48969851458147
39702,-4.998675435858003
39703,-26.91514381606173
39704,-78.2676018564145
39705,69.25973029154218
39706,-58.09562584991549
39707,39.065704480380816
39708,-58.09562584991549
39709,-7.683848593650048
39710,58.7865191691666
39711,-63.80753505039732
39712,-28.740356306937915
39713,-71.99775217725383
39714,-60.452023969006376
39715,-5.625156476407876
39716,-13.79633174577721
39717,-25.59988535826107
39718,-6.429870888767482
39719,-80.34944922036834
39720,39.13891810737034
39721,57.8774663095349
39722,-77.02738518220582
39723,40.24476122521156
39724,58.7865191691666
39725,67.90133857770888
39726,-65.28802027318659
39727,-57.96206091745709
39728,-73.55014346771895
39729,-77.21357315926734
39730,-26.84052586012932
39731,71.65991996870274
39732,57.66810260125338
39733,-66.87875688829928
39734,-82.1630162902096
39735,-7.006628323152118
39736,-76.2690612901204
39737,-57.96206091745709
39738,31.67035557156585
39739,-30.67525210160474
39740,-0.4049373925023438
39741,-1.4391289199930355
39742,-2.4332439317296544
39743,-77.92025656153116
39744,32.76032942341209
39745,32.76032942341209
39746,73.59627361905964
39747,70.76637321084303
39748,-2.5947581929246724
39749,-2.5609906429225084
39750,-16.932206740082606
39751,-16.753581431221043
39752,-16.932206740082606
39753,0.2377009693032845
39754,41.95681417220623
39755,-12.19809659099003
39756,43.71821448346892
39757,-10.779984445612149
39758,-5.854097567606338
39759,59.52103569610468
39760,-65.12913828508454
39761,-3.3559508620206424
39762,-23.95062972148311
39763,-27.67907578832908
39764,-37.05230572935025
39765,58.7865191691666
39766,-29.9132672472712
39767,-61.858952016465246
39768,-16.000204288156464
39769,44.45335537858315
39770,-28.71092139307393
39771,-73.55014346771895
39772,4.715152534773802
39773,-83.21638473643485
39774,42.98785437414254
39775,69.99323721538899
39776,-7.159873382694268
39777,63.7443936571915
39778,41.95681417220623
39779,-2.136580513030978
39780,-28.847457036936675
39781,-0.913239500651608
39782,35.035509814242545
39783,-1.6135650835394737
39784,-6.432538282792169
39785,44.99250259275793
39786,39.33265886501968
39787,0.1882217404558996
39788,-33.44954137608503
39789,-77.09969538126839
39790,-27.86584460026121
39791,-72.97230847612218
39792,-61.858952016465246
39793,-0.5899014977038242
39794,-73.82447912173464
39795,66.67164417772793
39796,-61.01840211433539
39797,-79.2269239696689
39798,31.733439074856044
39799,-77.09969538126839
39800,-5.1587463038701
39801,-8.973574087162257
39802,-60.89839832574668
39803,62.78941838508413
39804,-30.64936292153402
39805,-0.2404466377397414
39806,-7.104276085586612
39807,-74.36352800320469
39808,0.1825378064704264
39809,59.45668400098253
39810,-5.854097567606338
39811,-78.68374174942129
39812,-1.3369206085801508
39813,-30.374722172278567
39814,-79.20897150414184
39815,-34.87383613993965
39816,39.4264603407268
39817,-29.4578512373525
39818,-28.88607784846269
39819,-35.20291264821326
39820,1.6206669394097126
39821,-18.235570394957183
39822,-0.5168094039672475
39823,-78.68374174942129
39824,-76.18556868932717
39825,60.2575353306696
39826,-7.159873382694268
39827,43.59337924078259
39828,-79.40117270088538
39829,-73.82447912173464
39830,62.11154017975798
39831,64.2008085793145
39832,37.695857413744335
39833,39.9671672471353
39834,31.67035557156585
39835,-55.67403904625712
39836,-75.36444902490669
39837,69.67247767980686
39838,-38.491969746771375
39839,-2.4332439317296544
39840,-24.982494246486723
39841,-12.855633978802524
39842,-75.29915463502036
39843,-20.78212651832461
39844,45.21746992468003
39845,-30.64936292153402
39846,-59.26611974076205
39847,-1.674071494958051
39848,-29.9132672472712
39849,-38.491969746771375
39850,-59.21082554236189
39851,-63.80753505039732
39852,-0.7790867548116136
39853,-76.30261200604369
39854,-63.88774250598215
39855,71.82100721082332
39856,-73.82268839482086
39857,45.16503368163376
39858,-59.67289704171684
39859,-61.22034255734639
39860,-35.50122422081198
39861,-74.25605127752071
39862,42.622879431341104
39863,-78.96172241834091
39864,71.28645160564437
39865,70.19657554148367
39866,-37.05230572935025
39867,39.9671672471353
39868,61.76505948698859
39869,-78.68374174942129
39870,-61.66680366077876
39871,-6.589776311020167
39872,69.35305670547652
39873,-82.26138841020594
39874,-29.4578512373525
39875,-24.68674194134309
39876,-66.66130235608965
39877,-8.978717579646277
39878,41.127957382705766
39879,-72.83833834547133
39880,-3.7384230529006106
39881,-79.40117270088538
39882,1.2912921065620018
39883,-80.12380099255394
39884,-78.16948215588629
39885,-24.68674194134309
39886,-60.73819813605976
39887,2.3758815945708243
39888,-73.54144402967265
39889,-56.5003410345711
39890,44.45335537858315
39891,-30.67525210160474
39892,-73.55014346771895
39893,-30.861723689027976
39894,61.27243653142576
39895,-10.779984445612149
39896,44.05950110024328
39897,-11.532904793476398
39898,-3.7112815669862513
39899,-26.18575047889937
39900,0.4348768798880751
39901,-7.016664457951864
39902,69.7721298328343
39903,-71.33955744207861
39904,-66.66130235608965
39905,44.9066885309519
39906,45.43667680720109
39907,-1.588788337876302
39908,47.96607786687488
39909,61.76505948698859
39910,62.02574376223859
39911,-4.468718957681839
39912,-31.93272825721977
39913,-59.70338133537781
39914,-58.69991497566863
39915,-73.81976623998209
39916,-29.945966533391218
39917,-26.84834162780149
39918,-8.806492285889872
39919,-82.26138841020594
39920,-23.1969725334211
39921,-65.12913828508454
39922,57.0083890919788
39923,68.92351715328283
39924,-66.66130235608965
39925,-79.2269239696689
39926,-27.79592576339916
39927,-28.71092139307393
39928,-38.491969746771375
39929,-54.74624548583009
39930,67.65543831890324
39931,-61.28019077839657
39932,-61.01840211433539
39933,42.622879431341104
39934,-60.25662092954415
39935,-66.98878588030352
39936,-12.855633978802524
39937,71.22676144814507
39938,-34.87383613993965
39939,-24.609386182438943
39940,35.035509814242545
39941,-76.8634418675467
39942,-35.04293626942805
39943,-14.7114560299577
39944,-9.026612144620652
39945,39.661304317169176
39946,-12.778244826427208
39947,2.8771338720596047
39948,-7.006628323152118
39949,1.1875363964094476
39950,74.67598171528276
39951,-65.67700071795211
39952,-66.3549591450482
39953,62.78941838508413
39954,-54.518310575663335
39955,67.57336916111088
39956,-66.89467032439165
39957,43.26222805767904
39958,29.83883939163273
39959,39.33265886501968
39960,-61.22034255734639
39961,-5.040073936352415
39962,37.53728608892789
39963,63.35854138725621
39964,69.74142854284952
39965,-1.2543581332194105
39966,1.1875363964094476
39967,-2.5947581929246724
39968,-27.45707367792999
39969,64.2008085793145
39970,69.25973029154218
39971,-1.7745133392511168
39972,-30.64936292153402
39973,-55.78940905681623
39974,31.67035557156585
39975,0.2377009693032845
39976,-61.30969801794622
39977,-2.975996403051329
39978,-34.87383613993965
39979,40.94217928797298
39980,-29.872154939398555
39981,35.65952586452057
39982,69.63473610230064
39983,-52.923922605465854
39984,-3.14574456729951
39985,67.57336916111088
39986,-76.72492673338756
39987,-71.95081021927969
39988,-15.28741358353316
39989,35.035509814242545
39990,-77.02738518220582
39991,-7.104276085586612
39992,-61.30969801794622
39993,3.96819761153012
39994,2.343292940408192
39995,44.99250259275793
39996,-19.28624839861389
39997,-75.4612544985865
39998,-3.7112815669862513
39999,-81.58185390407742
